test	directory	prefix	opus_initial	trusted_initial	aggregate_reason	opus_failure	trusted_failure	feature_cluster	opus_commit_evidence	opus_plan_evidence	opus_log_evidence	candidate_owner_pa	classification	minimal_example	proposed_test_path	action_status	notes
pa23/tests/general/100-bool-nontype-integral-member-equality.t	pa23/tests/general	100	pass	fail	trusted_only		tool exit status mismatch (expected EXIT_SUCCESS, got EXIT_FAILURE)	non-type-template-argument-deduction-packs-and-static-values	8e4c41d4 nested template-id NTTP deduction; 984146a7c NTTP pack in nested template-id; b444d928a array-bound NTTP deduction in class partial spec; d062aba6a synthesize NTTP pack in partial ordering; 9cfd2427e bind NTTP pack on template/alias instantiation; 25727803a reference/pointer NTTPs	Opus final plan Work log items 11/12 and loop notes connect NTTP packs/static values with partial-specialization and deduction behavior.	Opus initial PA23 baseline passed this row (trusted_only seed); no Opus fixing transition, classification from test content plus Trusted seeded failure: tool exit status mismatch (expected EXIT_SUCCESS, got EXIT_FAILURE)	pa19	no-missing-opus-feature	pa23/tests/general/100-bool-nontype-integral-member-equality.t		no-action	Exact PA23 source is g++ C++11 valid and current/reference compare clean; Opus start 1963d796e also compares clean, so no earlier backfill is needed.
pa23/tests/general/100-call-operator-template-use-scope-shadowing.t	pa23/tests/general	100	fail	fail	both_fail	tool exit status mismatch (expected EXIT_SUCCESS, got EXIT_FAILURE)	tool exit status mismatch (expected EXIT_SUCCESS, got EXIT_FAILURE)	member-template-entity-and-call-integration	42beb854b member template definition relink; 7571a0d7b using-declaration imports member template overloads; 670045ef2 member template as TTP arg; 24db2e7ce using-imported member-template this adjustment	Opus plan loop notes cover member-template lookup/call/import behavior across class scopes and template argument forms.	Opus initial PA23 failure seeded from analysis/pa23-initial-failures: tool exit status mismatch (expected EXIT_SUCCESS, got EXIT_FAILURE)	pa22	missing-earlier-feature	analysis/reducers/pa22-call-operator-template-use-scope-shadowing.t	pa22/tests/general/300-call-operator-template-use-scope-shadowing.t	test-added	PA22 member call-operator template SFINAE/defaulted non-type guard reducer; g++ C++11 valid; Opus start 1963d796e parse-fails, Opus 42beb854b/current/reference accept; focused PA22 check and placement audit passed.
pa23/tests/general/100-class-partial-specialization-selection.t	pa23/tests/general	100	fail	pass	opus_only	generated LowIR does not match reference after relaxed metadata canonicalization and order canonicalization; canonical diff written to tests/general/100-class-partial-specialization-selection.my.lowir.compare.diff		class-partial-specialization-selection	15a2e9c8d cv-qualifier-correct partial specialization and partial ordering; 33a806b05 TTP partial ordering	Opus final plan Work log item 4 names deterministic partial-specialization selection and ordering as a fixed root cause.	Opus initial PA23 failure seeded from analysis/pa23-initial-failures: generated LowIR does not match reference after relaxed metadata canonicalization and order canonicalization; canonical diff written to tests/general/100-class-partial-specialization-selection.my.lowir.compare.diff	pa21	missing-earlier-feature	pa21/tests/spec/100-partial-specialization-cv-pointer-selection.t	pa21/tests/spec/100-partial-specialization-cv-pointer-selection.t	test-added	seed=opus_only; PA21 README: template entity/specialization model, alias/variable/member templates, TTPs, partial specialization, explicit-instantiation ownership; no assignment tests or refs added in this audit pass; reducer validation: /tmp reducer mismatched LowIR at Opus start 1963d796e (pick<const int *>::value lowered as 1) and matched semantic LowIR at Opus fix 15a2e9c8d; LowIR and witness refs generated with /home/vishvananda/work/phases/reference-binaries/cppgm++
pa23/tests/general/100-constructor-template-const-ref-conversion.t	pa23/tests/general	100	fail	fail	both_fail	generated LowIR does not match reference after relaxed metadata canonicalization and order canonicalization; canonical diff written to tests/general/100-constructor-template-const-ref-conversion.my.lowir.compare.diff	tool exit status mismatch (expected EXIT_SUCCESS, got EXIT_FAILURE)	constructor-and-conversion-template-deduction-overload-selection	12a043a36 converting ctor-template reference binding; 06faea325 prefer rvalue ctor template; a6c373488 ICS ctor selection; 8282e47cf by-value converting ctor template; 6e909ebd5 conversion-function-template copy-init; f8660aa27 assignment via conversion operator	Opus final plan Loop 55/56 and Work log item 11 describe constructor/conversion-template deduction, overload ranking, copy-init, and assignment conversion composition.	Opus initial PA23 failure seeded from analysis/pa23-initial-failures: generated LowIR does not match reference after relaxed metadata canonicalization and order canonicalization; canonical diff written to tests/general/100-constructor-template-const-ref-conversion.my.lowir.compare.diff	pa22	feature-interaction-earliest-owner	pa22/tests/spec/300-constructor-template-const-ref-conversion.t	pa22/tests/spec/300-constructor-template-const-ref-conversion.t	test-added	seed=both_fail; ref-stable reducer is C++11-valid and current/reference compare cleanly; Opus PA23 start 1963d796e accepts but mismatches LowIR reference; Opus 12a043a36 and f8660aa27 compare cleanly; promoted to PA22 constructor-template deduction coverage.
pa23/tests/general/100-cross-specialization-converting-ctor-operator-template.t	pa23/tests/general	100	fail	fail	both_fail	tool exit status mismatch (expected EXIT_SUCCESS, got EXIT_FAILURE)	tool exit status mismatch (expected EXIT_SUCCESS, got EXIT_FAILURE)	member-template-entity-and-call-integration	42beb854b member template definition relink; 7571a0d7b using-declaration imports member template overloads; 670045ef2 member template as TTP arg; 24db2e7ce using-imported member-template this adjustment	Opus plan loop notes cover member-template lookup/call/import behavior across class scopes and template argument forms.	Opus initial PA23 failure seeded from analysis/pa23-initial-failures: tool exit status mismatch (expected EXIT_SUCCESS, got EXIT_FAILURE)	pa22	missing-earlier-feature	analysis/reducers/pa22-cross-specialization-converting-ctor-operator-template.t	pa22/tests/spec/300-cross-specialization-converting-ctor-operator-template.t	test-added	Covered with spec duplicate by a PA22 constructor-template declaration reducer across explicit class specializations; g++ C++11 valid; Opus start 1963d796e parse-fails, Opus 42beb854b/current/reference accept; focused PA22 check and placement audit passed.
pa23/tests/general/100-current-class-static-member-nontype-argument-body-check.t	pa23/tests/general	100	pass	fail	trusted_only		generated LowIR does not match reference after relaxed metadata canonicalization and order canonicalization; canonical diff written to tests/general/100-current-class-static-member-nontype-argument-body-check.my.lowir.compare.diff	non-type-template-argument-deduction-packs-and-static-values	8e4c41d4 nested template-id NTTP deduction; 984146a7c NTTP pack in nested template-id; b444d928a array-bound NTTP deduction in class partial spec; d062aba6a synthesize NTTP pack in partial ordering; 9cfd2427e bind NTTP pack on template/alias instantiation; 25727803a reference/pointer NTTPs	Opus final plan Work log items 11/12 and loop notes connect NTTP packs/static values with partial-specialization and deduction behavior.	Opus initial PA23 baseline passed this row (trusted_only seed); no Opus fixing transition, classification from test content plus Trusted seeded failure: generated LowIR does not match reference after relaxed metadata canonicalization and order canonicalization; canonical diff written to tests/general/100-current-class-static-member-nontype-argument-body-check.my.lowir.compare.diff	pa19	no-missing-opus-feature	analysis/reducers/pa19-current-class-static-member-nontype-argument.t		no-action	Exact value-object source has reference EH declaration drift, but the type/pointer-shaped PA19 reducer is g++ C++11 valid, current/reference compare clean, and already compares clean at Opus start 1963d796e; no missing earlier feature was proven.
pa23/tests/general/100-current-specialization-constructor-template-owner.t	pa23/tests/general	100	fail	pass	opus_only	generated LowIR failed sanity validation: function @holder_int___make__t1 block ^entry load uses undefined slot $this		member-template-ownership-and-out-of-class-definition-replay	42beb854b link out-of-class member function template definitions; e8325194b out-of-class constructor templates; fd6f3e485 member class template definitions; a6212a3e1 parameter labels; 768c32e9f overload pairing	Opus final pa23/plan.md Work log item 2 and Loop 56/61 notes identify member-template body relinking, class/member out-of-class definitions, and source-order overload pairing.	Opus initial PA23 failure seeded from analysis/pa23-initial-failures: generated LowIR failed sanity validation: function @holder_int___make__t1 block ^entry load uses undefined slot $this	pa22	missing-earlier-feature	analysis/reducers/pa22-current-specialization-constructor-template-owner.t	pa22/tests/spec/300-current-specialization-constructor-template-owner.t	test-added	PA22 constructor-template current-specialization owner reducer; g++ C++11 valid; current/reference compare clean; Opus start 1963d796e mismatches, Opus e8325194b compares clean; focused PA22 check, placement audit, and PA22 report passed.
pa23/tests/general/100-current-specialization-member-body-cast-compare.t	pa23/tests/general	100	fail	pass	opus_only	generated LowIR does not match reference after relaxed metadata canonicalization and order canonicalization; canonical diff written to tests/general/100-current-specialization-member-body-cast-compare.my.lowir.compare.diff		dependent-qualified-lookup-current-specialization-and-friend-scope	7020b769c dependent qualified name without typename; 3bec27bf4 alias-template-id qualifier in value context; 51026c3d2 injected-class-name functional cast; b921be822 substitute TTP in current-specialization type; 72025a570 NTTP from class-template-id arg + in-class labels; 997e77f27 qualified-member call most-vexing parse	Opus final pa23/plan.md Work log items 5/8/10 and Loop 56 notes cover dependent qualified lookup, current specialization, friend/member scope, and source owner preservation.	Opus initial PA23 failure seeded from analysis/pa23-initial-failures: generated LowIR does not match reference after relaxed metadata canonicalization and order canonicalization; canonical diff written to tests/general/100-current-specialization-member-body-cast-compare.my.lowir.compare.diff	pa18-or-pa21	harness-or-reference-issue	analysis/reducers/pa18-current-specialization-member-body-cast-compare.t		no-action	seed=opus_only; reducer is C++11-valid and current/external reference accept, but Opus start 1963d796e and sampled commits through Opus main still fail relaxed LowIR comparison against the external reference oracle; no Opus pass transition for a promotable earlier test.
pa23/tests/general/100-defaulted-trailing-class-partial-specialization.t	pa23/tests/general	100	fail	fail	both_fail	tool exit status mismatch (expected EXIT_SUCCESS, got EXIT_FAILURE)	tool exit status mismatch (expected EXIT_SUCCESS, got EXIT_FAILURE)	class-partial-specialization-matching-ordering-with-dependent-args	72e996289 non-deduced-context partial specialization; 15a2e9c8d cv/trailing-pack matching and ordering; 7fcd5c92a defaulted trailing partial-spec args; a3c294645 function-type trailing pack; b444d928a array-bound class partial specialization; 8e4c41d4 nested NTTP deduction	Opus final plan Work log items 3/4/7/11/12 document partial-specialization matching, ordering, non-deduced contexts, function types, packs, defaults, and NTTPs.	Opus initial PA23 failure seeded from analysis/pa23-initial-failures: tool exit status mismatch (expected EXIT_SUCCESS, got EXIT_FAILURE)	pa21	feature-interaction-earliest-owner	pa21/tests/spec/100-defaulted-trailing-class-partial-specialization.t	pa21/tests/spec/100-defaulted-trailing-class-partial-specialization.t	test-added	seed=both_fail; PA21 README: template entity/specialization model, alias/variable/member templates, TTPs, partial specialization, explicit-instantiation ownership; no assignment tests or refs added in this audit pass; Backfilled in PA21; reducer validation: g++ C++11 accepted, Opus start 1963d796e rejects; 7fcd5c92a accepts; LowIR refs generated with external reference binary using --emit-lowir -O0; focused PA21 check passed; no witness sidecar added pending clang witness oracle
pa23/tests/general/100-dependent-bool-partial-static-value-mangle.t	pa23/tests/general	100	fail	fail	both_fail	generated LowIR does not match reference after relaxed metadata canonicalization and order canonicalization; canonical diff written to tests/general/100-dependent-bool-partial-static-value-mangle.my.lowir.compare.diff	tool exit status mismatch (expected EXIT_SUCCESS, got EXIT_FAILURE)	lowir-presentation-itanium-mangling-for-template-instantiations	6a1804510 object= Itanium mangles for class members; 7a9b70f48 function-local class member mangling; 7328cd82b nested member-class-template instantiation mangling	Opus final pa23/plan.md Loop 59/60 identifies object= Itanium pairing and local-class mangling as LowIR presentation/comparison defects, not missing source-language features.	Opus initial PA23 failure seeded from analysis/pa23-initial-failures: generated LowIR does not match reference after relaxed metadata canonicalization and order canonicalization; canonical diff written to tests/general/100-dependent-bool-partial-static-value-mangle.my.lowir.compare.diff	pa23	implementation-bug-only			no-action	seed=both_fail; Presentation/codegen pairing issue; no earlier source-feature test proposed.; no assignment tests or refs added in this audit pass
pa23/tests/general/100-dependent-qualified-nontype-base-argument.t	pa23/tests/general	100	fail	fail	both_fail	generated LowIR does not match reference after relaxed metadata canonicalization and order canonicalization; canonical diff written to tests/general/100-dependent-qualified-nontype-base-argument.my.lowir.compare.diff	tool exit status mismatch (expected EXIT_SUCCESS, got EXIT_FAILURE)	non-type-template-argument-deduction-packs-and-static-values	8e4c41d4 nested template-id NTTP deduction; 984146a7c NTTP pack in nested template-id; b444d928a array-bound NTTP deduction in class partial spec; d062aba6a synthesize NTTP pack in partial ordering; 9cfd2427e bind NTTP pack on template/alias instantiation; 25727803a reference/pointer NTTPs	Opus final plan Work log items 11/12 and loop notes connect NTTP packs/static values with partial-specialization and deduction behavior.	Opus initial PA23 failure seeded from analysis/pa23-initial-failures: generated LowIR does not match reference after relaxed metadata canonicalization and order canonicalization; canonical diff written to tests/general/100-dependent-qualified-nontype-base-argument.my.lowir.compare.diff	pa19	no-missing-opus-feature	analysis/reducers/pa19-dependent-qualified-nontype-base-argument.t		no-action	Exact value-object source has reference EH declaration drift, but the type/pointer-shaped PA19 reducer is g++ C++11 valid, current/reference compare clean, and already compares clean at Opus start 1963d796e; no missing earlier feature was proven.
pa23/tests/general/100-dependent-recursive-arity-specialization-order.t	pa23/tests/general	100	pass	fail	trusted_only		tool exit status mismatch (expected EXIT_SUCCESS, got EXIT_FAILURE)	dependent-qualified-lookup-current-specialization-and-friend-scope	7020b769c dependent qualified name without typename; 3bec27bf4 alias-template-id qualifier in value context; 51026c3d2 injected-class-name functional cast; b921be822 substitute TTP in current-specialization type; 72025a570 NTTP from class-template-id arg + in-class labels; 997e77f27 qualified-member call most-vexing parse	Opus final pa23/plan.md Work log items 5/8/10 and Loop 56 notes cover dependent qualified lookup, current specialization, friend/member scope, and source owner preservation.	Opus initial PA23 baseline passed this row (trusted_only seed); no Opus fixing transition, classification from test content plus Trusted seeded failure: tool exit status mismatch (expected EXIT_SUCCESS, got EXIT_FAILURE)	pa18-or-pa21	implementation-bug-only			no-action	seed=trusted_only; Opus PA23 start 1963d796e already accepts this row, so there is no Opus fail/fix transition for an earlier reducer backfill.
pa23/tests/general/100-dependent-sizeof-owner-special-member.t	pa23/tests/general	100	fail	fail	both_fail	tool exit status mismatch (expected EXIT_SUCCESS, got EXIT_FAILURE)	tool exit status mismatch (expected EXIT_SUCCESS, got EXIT_FAILURE)	constant-evaluation-dependent-template-values	8bafc1c42 materialize named static value member; 1407a001e shift-count width fix; 693cb4159 emit static members of complete-object class-template instantiations	Opus final pa23/plan.md Fix 14 and Loop 60 notes describe dependent static value reads, static_assert/template-argument distinction, and object-completion static emission.	Opus initial PA23 failure seeded from analysis/pa23-initial-failures: tool exit status mismatch (expected EXIT_SUCCESS, got EXIT_FAILURE)	pa20	feature-interaction-earliest-owner	analysis/reducers/pa20-dependent-sizeof-owner-special-member.t	pa20/tests/general/400-dependent-sizeof-owner-special-member.t	test-added	seed=both_fail; reducer is C++11-valid and current/reference accept it; Opus PA23 start 1963d796e rejects with unknown type name bits<Size>; Opus 8bafc1c42 accepts; promoted to PA20 because the assertion is sizeof constant-expression reuse in a non-type template argument and out-of-class special-member owner replay, not PA22 deduction/SFINAE; PA20 placement audit passed with --fail-on-early.
pa23/tests/general/100-destructor-template-id-sfinae.t	pa23/tests/general	100	fail	fail	both_fail	tool exit status mismatch (expected EXIT_SUCCESS, got EXIT_FAILURE)	tool exit status mismatch (expected EXIT_SUCCESS, got EXIT_FAILURE)	sfinae-substitution-candidate-dropping	ab8927777 destructor-call detector idiom; 53a5589b7 SFINAE-drop defaulted NTTP type failure; da9a5cdc4 fully concrete defaulted-NTTP guard failure; e486d6544 overload-set address non-deduced	Opus plan loop notes identify SFINAE candidate dropping and defaulted non-type parameter guards as PA22-owned deduction/substitution behavior.	Opus initial PA23 failure seeded from analysis/pa23-initial-failures: tool exit status mismatch (expected EXIT_SUCCESS, got EXIT_FAILURE)	pa22	missing-earlier-feature	pa22/tests/general/300-destructor-template-id-sfinae.t	pa22/tests/general/300-destructor-template-id-sfinae.t	test-added	seed=both_fail; reducer failed at Opus PA23 start 1963d796e with static_assert failure and passed at ab8927777 when destructor-call detector typing landed; focused PA22 check and witness compare passed; PA22 placement audit passed with --fail-on-early; PA22 report passed 74/74.
pa23/tests/general/100-direct-namespace-wins-over-using-directive.t	pa23/tests/general	100	pass	fail	trusted_only		tool exit status mismatch (expected EXIT_SUCCESS, got EXIT_FAILURE)	dependent-qualified-lookup-current-specialization-and-friend-scope	7020b769c dependent qualified name without typename; 3bec27bf4 alias-template-id qualifier in value context; 51026c3d2 injected-class-name functional cast; b921be822 substitute TTP in current-specialization type; 72025a570 NTTP from class-template-id arg + in-class labels; 997e77f27 qualified-member call most-vexing parse	Opus final pa23/plan.md Work log items 5/8/10 and Loop 56 notes cover dependent qualified lookup, current specialization, friend/member scope, and source owner preservation.	Opus initial PA23 baseline passed this row (trusted_only seed); no Opus fixing transition, classification from test content plus Trusted seeded failure: tool exit status mismatch (expected EXIT_SUCCESS, got EXIT_FAILURE)	pa18-or-pa21	implementation-bug-only			no-action	seed=trusted_only; Opus PA23 start 1963d796e already accepts this row, so there is no Opus fail/fix transition for an earlier reducer backfill.
pa23/tests/general/100-explicit-specialization-cross-converting-ctor-body.t	pa23/tests/general	100	fail	fail	both_fail	generated LowIR does not match reference after relaxed metadata canonicalization and order canonicalization; canonical diff written to tests/general/100-explicit-specialization-cross-converting-ctor-body.my.lowir.compare.diff	tool exit status mismatch (expected EXIT_SUCCESS, got EXIT_FAILURE)	explicit-specialization-and-explicit-instantiation-ownership	0044efd8b explicit-instantiation lowering; 447aab065 stale primary refresh; b9c1574cb member-function explicit specialization; 569fcbd79 member-function explicit instantiation; fb9e82eeb full explicit-specialization defaults	Opus final plan Work log items 9/11 plus explicit-specialization rejection notes cover stale-primary refresh, member ownership, static data, and explicit-instantiation lowering.	Opus initial PA23 failure seeded from analysis/pa23-initial-failures: generated LowIR does not match reference after relaxed metadata canonicalization and order canonicalization; canonical diff written to tests/general/100-explicit-specialization-cross-converting-ctor-body.my.lowir.compare.diff	pa21	harness-or-reference-issue	analysis/reducers/pa21-explicit-specialization-cross-converting-ctor-body.t		no-action	seed=both_fail; value-object reducer is C++11 valid and current/reference both accept, but relaxed LowIR comparison fails because external reference emits EH runtime declarations and omits constructor aliases; no-call reducer is reference-stable but passes Opus start, so no promotable PA21 test; recorded in analysis/reference-reducer-failures.md
pa23/tests/general/100-explicit-specialization-redeclaration-keeps-definition.t	pa23/tests/general	100	pass	fail	trusted_only		tool exit status mismatch (expected EXIT_SUCCESS, got EXIT_FAILURE)	explicit-specialization-and-explicit-instantiation-ownership	0044efd8b explicit-instantiation lowering; 447aab065 stale primary refresh; b9c1574cb member-function explicit specialization; 569fcbd79 member-function explicit instantiation; fb9e82eeb full explicit-specialization defaults	Opus final plan Work log items 9/11 plus explicit-specialization rejection notes cover stale-primary refresh, member ownership, static data, and explicit-instantiation lowering.	Opus initial PA23 baseline passed this row (trusted_only seed); no Opus fixing transition, classification from test content plus Trusted seeded failure: tool exit status mismatch (expected EXIT_SUCCESS, got EXIT_FAILURE)	pa21	implementation-bug-only			no-action	no earlier assignment test added: PA23 source accepts at Opus PA23 start 1963d796e and sampled explicit-specialization commits, so there is no Opus fail/fix transition proving a missing earlier reducer
pa23/tests/general/100-explicit-specialization-refreshes-stale-primary-instantiation.t	pa23/tests/general	100	fail	pass	opus_only	tool exit status mismatch (expected EXIT_SUCCESS, got EXIT_FAILURE)		explicit-specialization-and-explicit-instantiation-ownership	0044efd8b explicit-instantiation lowering; 447aab065 stale primary refresh; b9c1574cb member-function explicit specialization; 569fcbd79 member-function explicit instantiation; fb9e82eeb full explicit-specialization defaults	Opus final plan Work log items 9/11 plus explicit-specialization rejection notes cover stale-primary refresh, member ownership, static data, and explicit-instantiation lowering.	Opus initial PA23 failure seeded from analysis/pa23-initial-failures: tool exit status mismatch (expected EXIT_SUCCESS, got EXIT_FAILURE)	pa21	feature-interaction-earliest-owner	analysis/reducers/pa21-explicit-specialization-refreshes-stale-primary-instantiation.t	pa21/tests/spec/300-explicit-specialization-refreshes-stale-primary-instantiation.t	test-added	seed=opus_only; PA21 explicit-specialization ownership/backfill; C++11 valid; current/reference accept; Opus start 1963d796e rejects with unknown char_type and Opus 447aab065 accepts; external refs generated; focused PA21 check passed
pa23/tests/general/100-explicit-specialized-ctor-template-header-bad.t	pa23/tests/general	100	fail	fail	both_fail	tool exit status mismatch (expected EXIT_FAILURE, got EXIT_SUCCESS)	tool exit status mismatch (expected EXIT_FAILURE, got EXIT_SUCCESS)	explicit-specialization-and-explicit-instantiation-ownership	0044efd8b explicit-instantiation lowering; 447aab065 stale primary refresh; b9c1574cb member-function explicit specialization; 569fcbd79 member-function explicit instantiation; fb9e82eeb full explicit-specialization defaults	Opus final plan Work log items 9/11 plus explicit-specialization rejection notes cover stale-primary refresh, member ownership, static data, and explicit-instantiation lowering.	Opus initial PA23 failure seeded from analysis/pa23-initial-failures: tool exit status mismatch (expected EXIT_FAILURE, got EXIT_SUCCESS)	pa21	feature-interaction-earliest-owner	analysis/reducers/pa21-explicit-specialized-ctor-template-header-bad.t	pa21/tests/spec/300-explicit-specialized-ctor-template-header-bad.t	test-added	seed=both_fail; negative PA21 explicit-specialization ownership rule; g++ rejects as invalid C++11 and current/reference reject; Opus start 1963d796e wrongly accepts and Opus fb9e82eeb rejects; external failure refs generated; focused PA21 check passed
pa23/tests/general/100-forward-primary-partial-switch-value.t	pa23/tests/general	100	fail	fail	both_fail	tool exit status mismatch (expected EXIT_SUCCESS, got EXIT_FAILURE)	tool exit status mismatch (expected EXIT_SUCCESS, got EXIT_FAILURE)	non-type-template-argument-deduction-packs-and-static-values	8e4c41d4 nested template-id NTTP deduction; 984146a7c NTTP pack in nested template-id; b444d928a array-bound NTTP deduction in class partial spec; d062aba6a synthesize NTTP pack in partial ordering; 9cfd2427e bind NTTP pack on template/alias instantiation; 25727803a reference/pointer NTTPs	Opus final plan Work log items 11/12 and loop notes connect NTTP packs/static values with partial-specialization and deduction behavior.	Opus initial PA23 failure seeded from analysis/pa23-initial-failures: tool exit status mismatch (expected EXIT_SUCCESS, got EXIT_FAILURE)	pa21	missing-earlier-feature	pa21/tests/general/400-forward-primary-partial-switch-value.t	pa21/tests/general/400-forward-primary-partial-switch-value.t	test-added	Exact PA23 source promoted as PA21 partial-specialization/current switch reducer; g++ C++11 valid; current/reference compare clean; Opus start 1963d796e rejects, Opus 1434a6e11 compares clean; focused PA21 check, placement audit, and PA21 report passed.
pa23/tests/general/100-function-template-array-parameter-string-literal.t	pa23/tests/general	100	fail	pass	opus_only	generated LowIR failed sanity validation: function @main block ^entry copyobj must use positive byte count and power-of-two alignment		array-bound-and-array-reference-template-deduction	cfe57ace1 pa23: decay an array (or function) function parameter to a pointer	Opus final plan Work log item 7 and PA22 loop notes cover array-bound NTTP deduction and array-reference function-template deduction.	Opus initial PA23 failure seeded from analysis/pa23-initial-failures: generated LowIR failed sanity validation: function @main block ^entry copyobj must use positive byte count and power-of-two alignment	pa22	missing-earlier-feature	delimiter(Char const[]) called with string literal deduces Char=char after array parameter adjustment, not pointer-to-char	pa22/tests/spec/100-function-template-array-parameter-string-literal.t	test-added	Backfilled in PA22 spec. Historical reducer at Opus PA23 start 1963d796e exited 0 but emitted delimiter_type_pointer_to_const_char LowIR; at cfe57ace1 it emitted delimiter_type_char. Focused LowIR and witness checks passed.
pa23/tests/general/100-function-type-not-pointer-partial-specialization.t	pa23/tests/general	100	pass	fail	trusted_only		tool exit status mismatch (expected EXIT_SUCCESS, got EXIT_FAILURE)	class-partial-specialization-matching-ordering-with-dependent-args	72e996289 non-deduced-context partial specialization; 15a2e9c8d cv/trailing-pack matching and ordering; 7fcd5c92a defaulted trailing partial-spec args; a3c294645 function-type trailing pack; b444d928a array-bound class partial specialization; 8e4c41d4 nested NTTP deduction	Opus final plan Work log items 3/4/7/11/12 document partial-specialization matching, ordering, non-deduced contexts, function types, packs, defaults, and NTTPs.	Opus initial PA23 baseline passed this row (trusted_only seed); no Opus fixing transition, classification from test content plus Trusted seeded failure: tool exit status mismatch (expected EXIT_SUCCESS, got EXIT_FAILURE)	pa21	direct-start-pass	derive reduced example from pa23/tests/general/100-function-type-not-pointer-partial-specialization.t		no-action	seed=trusted_only; PA21 README: template entity/specialization model, alias/variable/member templates, TTPs, partial specialization, explicit-instantiation ownership; no assignment tests or refs added in this audit pass; direct PA23 source accepted at Opus start 1963d796e and emitted identical LowIR through sampled fixes; no earlier reducer added
pa23/tests/general/100-function-type-top-level-cv-ignored.t	pa23/tests/general	100	fail	fail	both_fail	tool exit status mismatch (expected EXIT_SUCCESS, got EXIT_FAILURE)	tool exit status mismatch (expected EXIT_SUCCESS, got EXIT_FAILURE)	function-type-template-argument-and-partial-specialization-matching	d0f00dc7a pa23: abominable function-type cv-qualifiers in partial specializations	Opus final pa23/plan.md Work log item 7 and loop notes identify function-type template arguments, cv/ref qualifiers, and function-type partial specializations.	Opus initial PA23 failure seeded from analysis/pa23-initial-failures: tool exit status mismatch (expected EXIT_SUCCESS, got EXIT_FAILURE)	pa21	feature-interaction-earliest-owner	is_const_match<const int()> selects primary while is_const_match<const int> selects const partial	pa21/tests/spec/100-function-type-top-level-cv-partial-specialization.t	test-added	Backfilled in PA21 spec. Historical reducer failed at Opus PA23 start 1963d796e with static_assert failure and passed at d0f00dc7a; focused LowIR and witness checks passed.
pa23/tests/general/100-inline-class-template-member-required-output.t	pa23/tests/general	100	pass	fail	trusted_only		tool exit status mismatch (expected EXIT_SUCCESS, got EXIT_FAILURE)	constant-evaluation-dependent-template-values	8bafc1c42 materialize named static value member; 1407a001e shift-count width fix; 693cb4159 emit static members of complete-object class-template instantiations	Opus final pa23/plan.md Fix 14 and Loop 60 notes describe dependent static value reads, static_assert/template-argument distinction, and object-completion static emission.	Opus initial PA23 baseline passed this row (trusted_only seed); no Opus fixing transition, classification from test content plus Trusted seeded failure: tool exit status mismatch (expected EXIT_SUCCESS, got EXIT_FAILURE)	none	implementation-bug-only	pa23/tests/general/100-inline-class-template-member-required-output.t		no-action	seed=trusted_fail; source is C++11-valid and current/reference accept it, but Opus PA23 start 1963d796e already accepts this row; no Opus fail/fix transition, so no earlier-assignment reducer promoted.
pa23/tests/general/100-inline-namespace-qualified-class-template-member-typedef.t	pa23/tests/general	100	pass	fail	trusted_only		tool exit status mismatch (expected EXIT_SUCCESS, got EXIT_FAILURE)	dependent-qualified-lookup-current-specialization-and-friend-scope	7020b769c dependent qualified name without typename; 3bec27bf4 alias-template-id qualifier in value context; 51026c3d2 injected-class-name functional cast; b921be822 substitute TTP in current-specialization type; 72025a570 NTTP from class-template-id arg + in-class labels; 997e77f27 qualified-member call most-vexing parse	Opus final pa23/plan.md Work log items 5/8/10 and Loop 56 notes cover dependent qualified lookup, current specialization, friend/member scope, and source owner preservation.	Opus initial PA23 baseline passed this row (trusted_only seed); no Opus fixing transition, classification from test content plus Trusted seeded failure: tool exit status mismatch (expected EXIT_SUCCESS, got EXIT_FAILURE)	pa18-or-pa21	implementation-bug-only			no-action	seed=trusted_only; Opus PA23 start 1963d796e already accepts this row, so there is no Opus fail/fix transition for an earlier reducer backfill.
pa23/tests/general/100-intermediate-type-transform-value-nontype.t	pa23/tests/general	100	pass	fail	trusted_only		tool exit status mismatch (expected EXIT_SUCCESS, got EXIT_FAILURE)	integral-nontype-template-arguments-and-constant-values	8e4c41d4 non-type deduction in nested template-id partial-spec patterns; 8bafc1c42 static value member materialization	Opus final plan ties integral NTTP values and static value members to PA19 metaprogramming and later PA22 deduction.	Opus initial PA23 baseline passed this row (trusted_only seed); no Opus fixing transition, classification from test content plus Trusted seeded failure: tool exit status mismatch (expected EXIT_SUCCESS, got EXIT_FAILURE)	pa19	implementation-bug-only	pa23/tests/general/100-intermediate-type-transform-value-nontype.t		no-action	seed=trusted_only; no earlier assignment test added because the PA23 source shape already passes the Opus PA23 start anchor 1963d796e and sampled commits 8e4c41d4/8bafc1c42 with unchanged LowIR; Trusted failure kept as secondary evidence only, but no reducer has an Opus start/fix transition.
pa23/tests/general/100-local-constructor-template-member-typedef.t	pa23/tests/general	100	pass	fail	trusted_only		tool exit status mismatch (expected EXIT_SUCCESS, got EXIT_FAILURE)	member-template-entity-and-call-integration	42beb854b member template definition relink; 7571a0d7b using-declaration imports member template overloads; 670045ef2 member template as TTP arg; 24db2e7ce using-imported member-template this adjustment	Opus plan loop notes cover member-template lookup/call/import behavior across class scopes and template argument forms.	Opus initial PA23 baseline passed this row (trusted_only seed); no Opus fixing transition, classification from test content plus Trusted seeded failure: tool exit status mismatch (expected EXIT_SUCCESS, got EXIT_FAILURE)	pa21-or-pa22	implementation-bug-only	derive reduced example from pa23/tests/general/100-local-constructor-template-member-typedef.t		no-action	Opus PA23 start baseline already passed this row; under the Opus-gated backfill workflow there is no start/fix transition proving a missing earlier reducer. No earlier assignment test added.
pa23/tests/general/100-local-member-call-constructor-template-instantiation.t	pa23/tests/general	100	fail	fail	both_fail	generated LowIR does not match reference after relaxed metadata canonicalization and order canonicalization; canonical diff written to tests/general/100-local-member-call-constructor-template-instantiation.my.lowir.compare.diff	tool exit status mismatch (expected EXIT_SUCCESS, got EXIT_FAILURE)	reference-quirk-local-member-call-constructor-template	a5fff7ef8 pa23: replay a partial specialization's out-of-class special members and non-type qualifiers; final plan notes reference quirk	Opus final pa23/plan.md Loop 60: local-member-call constructor-template instantiation marked as a reference quirk where ref uses a converting ctor for return-it while standard path uses trivial copy.	Opus initial PA23 failure seeded from analysis/pa23-initial-failures: generated LowIR does not match reference after relaxed metadata canonicalization and order canonicalization; canonical diff written to tests/general/100-local-member-call-constructor-template-instantiation.my.lowir.compare.diff	pa23	harness-or-reference-issue			no-action	seed=both_fail; No earlier feature test until reference contract is clarified.; no assignment tests or refs added in this audit pass
pa23/tests/general/100-local-qualified-argument-replay.t	pa23/tests/general	100	fail	fail	both_fail	tool exit status mismatch (expected EXIT_SUCCESS, got EXIT_FAILURE)	tool exit status mismatch (expected EXIT_SUCCESS, got EXIT_FAILURE)	dependent-qualified-lookup-current-specialization-and-friend-scope	7020b769c dependent qualified name without typename; 3bec27bf4 alias-template-id qualifier in value context; 51026c3d2 injected-class-name functional cast; b921be822 substitute TTP in current-specialization type; 72025a570 NTTP from class-template-id arg + in-class labels; 997e77f27 qualified-member call most-vexing parse	Opus final pa23/plan.md Work log items 5/8/10 and Loop 56 notes cover dependent qualified lookup, current specialization, friend/member scope, and source owner preservation.	Opus initial PA23 failure seeded from analysis/pa23-initial-failures: tool exit status mismatch (expected EXIT_SUCCESS, got EXIT_FAILURE)	pa21	harness-or-reference-issue	analysis/reducers/pa21-local-qualified-argument-replay.t		no-action	seed=both_fail; reducer is C++11-valid and current/external reference accept, but Opus start 1963d796e rejects and sampled commits through Opus main still fail relaxed LowIR comparison against the external reference oracle; no promotable pass transition.
pa23/tests/general/100-negative-nontype-substitution-comparison.t	pa23/tests/general	100	fail	pass	opus_only	generated LowIR does not match reference after relaxed metadata canonicalization and order canonicalization; canonical diff written to tests/general/100-negative-nontype-substitution-comparison.my.lowir.compare.diff		integral-nontype-template-arguments-and-constant-values	8e4c41d4 non-type deduction in nested template-id partial-spec patterns; 8bafc1c42 static value member materialization	Opus final plan ties integral NTTP values and static value members to PA19 metaprogramming and later PA22 deduction.	Opus initial PA23 failure seeded from analysis/pa23-initial-failures: generated LowIR does not match reference after relaxed metadata canonicalization and order canonicalization; canonical diff written to tests/general/100-negative-nontype-substitution-comparison.my.lowir.compare.diff	pa19	missing-earlier-feature	analysis/reducers/pa19-nontype-template-argument-static-member-no-storage.t	pa19/tests/general/100-nontype-template-argument-static-member-no-storage.t	test-added	seed=opus_only; reducer is C++11-valid; current and external reference LowIR match; Opus PA23 start 1963d796e over-emits value_source<int,-100>::const_min storage when the static member is used only to form a non-type template argument; Opus commit 8bafc1c42 emits only the result global; focused PA19 check passed; PA19 placement audit passed with --fail-on-early.
pa23/tests/general/100-nested-template-static-value-nontype-expression.t	pa23/tests/general	100	pass	fail	trusted_only		tool exit status mismatch (expected EXIT_SUCCESS, got EXIT_FAILURE)	non-type-template-argument-deduction-packs-and-static-values	8e4c41d4 nested template-id NTTP deduction; 984146a7c NTTP pack in nested template-id; b444d928a array-bound NTTP deduction in class partial spec; d062aba6a synthesize NTTP pack in partial ordering; 9cfd2427e bind NTTP pack on template/alias instantiation; 25727803a reference/pointer NTTPs	Opus final plan Work log items 11/12 and loop notes connect NTTP packs/static values with partial-specialization and deduction behavior.	Opus initial PA23 baseline passed this row (trusted_only seed); no Opus fixing transition, classification from test content plus Trusted seeded failure: tool exit status mismatch (expected EXIT_SUCCESS, got EXIT_FAILURE)	pa21	harness-or-reference-issue	analysis/reducers/pa21-nested-template-static-value-nontype-expression.t		no-action	Reducer is g++ C++11 valid and current accepts, but the external reference compiler rejects non-type evaluation of calculate_alignment_ct<...>::initial_alignment; logged in analysis/reference-reducer-failures.md. Opus start already accepts the PA23 source, so no backfill was added.
pa23/tests/general/100-nontype-integral-value-binding-conversion.t	pa23/tests/general	100	pass	fail	trusted_only		tool exit status mismatch (expected EXIT_SUCCESS, got EXIT_FAILURE)	integral-nontype-template-arguments-and-constant-values	8e4c41d4 non-type deduction in nested template-id partial-spec patterns; 8bafc1c42 static value member materialization	Opus final plan ties integral NTTP values and static value members to PA19 metaprogramming and later PA22 deduction.	Opus initial PA23 baseline passed this row (trusted_only seed); no Opus fixing transition, classification from test content plus Trusted seeded failure: tool exit status mismatch (expected EXIT_SUCCESS, got EXIT_FAILURE)	pa19	implementation-bug-only	pa23/tests/general/100-nontype-integral-value-binding-conversion.t		no-action	seed=trusted_only; no earlier assignment test added because the PA23 source shape already passes the Opus PA23 start anchor 1963d796e and sampled commits 8e4c41d4/8bafc1c42 with unchanged LowIR; Trusted failure kept as secondary evidence only, but no reducer has an Opus start/fix transition.
pa23/tests/general/100-out-of-namespace-class-template-member-result.t	pa23/tests/general	100	fail	fail	both_fail	tool exit status mismatch (expected EXIT_SUCCESS, got EXIT_FAILURE)	tool exit status mismatch (expected EXIT_SUCCESS, got EXIT_FAILURE)	dependent-qualified-lookup-current-specialization-and-friend-scope	7020b769c dependent qualified name without typename; 3bec27bf4 alias-template-id qualifier in value context; 51026c3d2 injected-class-name functional cast; b921be822 substitute TTP in current-specialization type; 72025a570 NTTP from class-template-id arg + in-class labels; 997e77f27 qualified-member call most-vexing parse	Opus final pa23/plan.md Work log items 5/8/10 and Loop 56 notes cover dependent qualified lookup, current specialization, friend/member scope, and source owner preservation.	Opus initial PA23 failure seeded from analysis/pa23-initial-failures: tool exit status mismatch (expected EXIT_SUCCESS, got EXIT_FAILURE)	pa21	missing-earlier-feature	analysis/reducers/pa21-out-of-namespace-class-template-member-result.t	pa21/tests/general/400-out-of-namespace-class-template-member-result.t	test-added	seed=both_fail; PA21 member class-template/dependent result typedef reducer is C++11-valid; current and external reference accept; Opus PA23 start 1963d796e rejects with template instantiation too deep and Opus fd6f3e485 passes; focused PA21 check passed; PA21 placement audit passed with --fail-on-early.
pa23/tests/general/100-partial-owner-out-of-class-member-binding-args.t	pa23/tests/general	100	fail	pass	opus_only	generated LowIR does not match reference after relaxed metadata canonicalization and order canonicalization; canonical diff written to tests/general/100-partial-owner-out-of-class-member-binding-args.my.lowir.compare.diff		class-partial-specialization-matching-ordering-with-dependent-args	72e996289 non-deduced-context partial specialization; 15a2e9c8d cv/trailing-pack matching and ordering; 7fcd5c92a defaulted trailing partial-spec args; a3c294645 function-type trailing pack; b444d928a array-bound class partial specialization; 8e4c41d4 nested NTTP deduction	Opus final plan Work log items 3/4/7/11/12 document partial-specialization matching, ordering, non-deduced contexts, function types, packs, defaults, and NTTPs.	Opus initial PA23 failure seeded from analysis/pa23-initial-failures: generated LowIR does not match reference after relaxed metadata canonicalization and order canonicalization; canonical diff written to tests/general/100-partial-owner-out-of-class-member-binding-args.my.lowir.compare.diff	pa21	feature-interaction-earliest-owner	pa21/tests/general/300-partial-owner-out-of-class-member-binding-args.t	pa21/tests/general/300-partial-owner-out-of-class-member-binding-args.t	test-added	seed=opus_only; PA21 README: template entity/specialization model, alias/variable/member templates, TTPs, partial specialization, explicit-instantiation ownership; no assignment tests or refs added in this audit pass; Backfilled in PA21; reducer validation: g++ C++11 accepted, Opus start 1963d796e accepts with mismatched LowIR; a3c294645 emits selected partial-owner body; LowIR refs generated with external reference binary using --emit-lowir -O0; focused PA21 check passed; no witness sidecar added pending clang witness oracle
pa23/tests/general/100-partial-specialization-concrete-namespace-argument-order.t	pa23/tests/general	100	fail	pass	opus_only	tool exit status mismatch (expected EXIT_SUCCESS, got EXIT_FAILURE)		class-partial-specialization-selection	15a2e9c8d cv-qualifier-correct partial specialization and partial ordering; 33a806b05 TTP partial ordering	Opus final plan Work log item 4 names deterministic partial-specialization selection and ordering as a fixed root cause.	Opus initial PA23 failure seeded from analysis/pa23-initial-failures: tool exit status mismatch (expected EXIT_SUCCESS, got EXIT_FAILURE)	pa21	missing-earlier-feature	analysis/reducers/pa21-partial-specialization-concrete-namespace-argument-order.t	pa21/tests/general/400-partial-specialization-concrete-namespace-argument-order.t	test-added	seed=opus_only; PA21 partial-specialization selection/order backfill; C++11 valid; current/reference LowIR match; Opus start 1963d796e fails static_assert and Opus 15a2e9c8d accepts; external refs generated; focused PA21 check and placement audit passed
pa23/tests/general/100-partial-specialization-current-instantiation-dependent-nontype.t	pa23/tests/general	100	fail	fail	both_fail	generated LowIR does not match reference after relaxed metadata canonicalization and order canonicalization; canonical diff written to tests/general/100-partial-specialization-current-instantiation-dependent-nontype.my.lowir.compare.diff	tool exit status mismatch (expected EXIT_SUCCESS, got EXIT_FAILURE)	class-partial-specialization-matching-ordering-with-dependent-args	72e996289 non-deduced-context partial specialization; 15a2e9c8d cv/trailing-pack matching and ordering; 7fcd5c92a defaulted trailing partial-spec args; a3c294645 function-type trailing pack; b444d928a array-bound class partial specialization; 8e4c41d4 nested NTTP deduction	Opus final plan Work log items 3/4/7/11/12 document partial-specialization matching, ordering, non-deduced contexts, function types, packs, defaults, and NTTPs.	Opus initial PA23 failure seeded from analysis/pa23-initial-failures: generated LowIR does not match reference after relaxed metadata canonicalization and order canonicalization; canonical diff written to tests/general/100-partial-specialization-current-instantiation-dependent-nontype.my.lowir.compare.diff	pa21	direct-start-pass	derive reduced example from pa23/tests/general/100-partial-specialization-current-instantiation-dependent-nontype.t		no-action	seed=both_fail; PA21 README: template entity/specialization model, alias/variable/member templates, TTPs, partial specialization, explicit-instantiation ownership; no assignment tests or refs added in this audit pass; direct PA23 source accepted at Opus start 1963d796e and emitted identical LowIR through sampled fixes; no earlier reducer added
pa23/tests/general/100-partial-specialization-nontype-pattern-order.t	pa23/tests/general	100	fail	fail	both_fail	tool exit status mismatch (expected EXIT_SUCCESS, got EXIT_FAILURE)	tool exit status mismatch (expected EXIT_SUCCESS, got EXIT_FAILURE)	class-partial-specialization-matching-ordering-with-dependent-args	72e996289 non-deduced-context partial specialization; 15a2e9c8d cv/trailing-pack matching and ordering; 7fcd5c92a defaulted trailing partial-spec args; a3c294645 function-type trailing pack; b444d928a array-bound class partial specialization; 8e4c41d4 nested NTTP deduction	Opus final plan Work log items 3/4/7/11/12 document partial-specialization matching, ordering, non-deduced contexts, function types, packs, defaults, and NTTPs.	Opus initial PA23 failure seeded from analysis/pa23-initial-failures: tool exit status mismatch (expected EXIT_SUCCESS, got EXIT_FAILURE)	pa21	feature-interaction-earliest-owner	pa21/tests/general/400-partial-specialization-nontype-pattern-order.t	pa21/tests/general/400-partial-specialization-nontype-pattern-order.t	test-added	seed=both_fail; PA21 README: template entity/specialization model, alias/variable/member templates, TTPs, partial specialization, explicit-instantiation ownership; no assignment tests or refs added in this audit pass; Backfilled in PA21; reducer validation: g++ C++11 accepted, Opus start 1963d796e rejects; 8e4c41d4 accepts; LowIR refs generated with external reference binary using --emit-lowir -O0; focused PA21 check passed; no witness sidecar added pending clang witness oracle
pa23/tests/general/100-partial-specialization-reference-top-level-const-mismatch.t	pa23/tests/general	100	fail	pass	opus_only	tool exit status mismatch (expected EXIT_SUCCESS, got EXIT_FAILURE)		class-partial-specialization-matching-ordering-with-dependent-args	72e996289 non-deduced-context partial specialization; 15a2e9c8d cv/trailing-pack matching and ordering; 7fcd5c92a defaulted trailing partial-spec args; a3c294645 function-type trailing pack; b444d928a array-bound class partial specialization; 8e4c41d4 nested NTTP deduction	Opus final plan Work log items 3/4/7/11/12 document partial-specialization matching, ordering, non-deduced contexts, function types, packs, defaults, and NTTPs.	Opus initial PA23 failure seeded from analysis/pa23-initial-failures: tool exit status mismatch (expected EXIT_SUCCESS, got EXIT_FAILURE)	pa21	feature-interaction-earliest-owner	pa21/tests/spec/100-partial-specialization-top-const-reference-mismatch.t	pa21/tests/spec/100-partial-specialization-top-const-reference-mismatch.t	test-added	seed=opus_only; PA21 README: template entity/specialization model, alias/variable/member templates, TTPs, partial specialization, explicit-instantiation ownership; no assignment tests or refs added in this audit pass; Backfilled in PA21; reducer validation: g++ C++11 accepted, Opus start 1963d796e rejects; 7fcd5c92a accepts; LowIR refs generated with external reference binary using --emit-lowir -O0; focused PA21 check passed; no witness sidecar added pending clang witness oracle
pa23/tests/general/100-qualified-member-alias-sfinae.t	pa23/tests/general	100	fail	fail	both_fail	tool exit status mismatch (expected EXIT_SUCCESS, got EXIT_FAILURE)	tool exit status mismatch (expected EXIT_SUCCESS, got EXIT_FAILURE)	sfinae-substitution-with-alias-member-pack-and-detector-idioms	1a232426b fixes qualified member alias SFINAE reducer, but reference output is incompatible	Opus final pa23/plan.md Fix 24-25d documents defaulted-NTTP SFINAE guards, alias guard folding, member-template guard dropping, detector idioms, and overload relinking.	Opus start 1963d796e rejects the proving reducer with a parse error; 1a232426b and later sampled commits accept.	pa22	harness-or-reference-issue	analysis/reducers/pa22-qualified-member-alias-sfinae.t		no-action	seed=both_fail; skipped after validation because the proving reducer's external reference LowIR includes extra EH runtime declarations not emitted by current PA22; a smaller type-only reducer passed Opus start and did not prove the feature; recorded in analysis/reference-reducer-failures.md.
pa23/tests/general/100-reference-member-lookup-in-progress-base-typedef.t	pa23/tests/general	100	fail	pass	opus_only	tool exit status mismatch (expected EXIT_SUCCESS, got EXIT_FAILURE)		dependent-qualified-lookup-current-specialization-and-friend-scope	7020b769c dependent qualified name without typename; 3bec27bf4 alias-template-id qualifier in value context; 51026c3d2 injected-class-name functional cast; b921be822 substitute TTP in current-specialization type; 72025a570 NTTP from class-template-id arg + in-class labels; 997e77f27 qualified-member call most-vexing parse	Opus final pa23/plan.md Work log items 5/8/10 and Loop 56 notes cover dependent qualified lookup, current specialization, friend/member scope, and source owner preservation.	Opus initial PA23 failure seeded from analysis/pa23-initial-failures: tool exit status mismatch (expected EXIT_SUCCESS, got EXIT_FAILURE)	pa21	missing-earlier-feature	analysis/reducers/pa21-reference-member-lookup-in-progress-base-typedef.t	pa21/tests/general/400-reference-member-lookup-in-progress-base-typedef.t	test-added	seed=opus_only; current-class lookup through an in-progress base typedef reducer is C++11-valid; current and external reference accept; Opus PA23 start 1963d796e rejects and Opus 96f8adf29 passes; focused PA21 check passed; PA21 placement audit passed with --fail-on-early.
pa23/tests/general/100-reference-shell-out-of-class-current-specialization-iterator.t	pa23/tests/general	100	fail	fail	both_fail	tool exit status mismatch (expected EXIT_SUCCESS, got EXIT_FAILURE)	tool exit status mismatch (expected EXIT_SUCCESS, got EXIT_FAILURE)	dependent-qualified-lookup-current-specialization-and-friend-scope	7020b769c dependent qualified name without typename; 3bec27bf4 alias-template-id qualifier in value context; 51026c3d2 injected-class-name functional cast; b921be822 substitute TTP in current-specialization type; 72025a570 NTTP from class-template-id arg + in-class labels; 997e77f27 qualified-member call most-vexing parse	Opus final pa23/plan.md Work log items 5/8/10 and Loop 56 notes cover dependent qualified lookup, current specialization, friend/member scope, and source owner preservation.	Opus initial PA23 failure seeded from analysis/pa23-initial-failures: tool exit status mismatch (expected EXIT_SUCCESS, got EXIT_FAILURE)	pa22	harness-or-reference-issue	analysis/reducers/pa22-reference-shell-out-of-class-current-specialization-iterator.t		no-action	seed=both_fail; reducer is C++11-valid and current/external reference accept; Opus PA23 start 1963d796e rejects unknown C::storage_pointer and Opus 96f8adf29 changes it to an exit-success LowIR mismatch, but sampled commits through Opus main still fail relaxed LowIR comparison against the external reference oracle; no promotable pass transition.
pa23/tests/general/100-reference-shell-qualified-storage-type-recursion.t	pa23/tests/general	100	pass	fail	trusted_only		tool exit status mismatch (expected EXIT_SUCCESS, got EXIT_FAILURE)	dependent-qualified-lookup-current-specialization-and-friend-scope	7020b769c dependent qualified name without typename; 3bec27bf4 alias-template-id qualifier in value context; 51026c3d2 injected-class-name functional cast; b921be822 substitute TTP in current-specialization type; 72025a570 NTTP from class-template-id arg + in-class labels; 997e77f27 qualified-member call most-vexing parse	Opus final pa23/plan.md Work log items 5/8/10 and Loop 56 notes cover dependent qualified lookup, current specialization, friend/member scope, and source owner preservation.	Opus initial PA23 baseline passed this row (trusted_only seed); no Opus fixing transition, classification from test content plus Trusted seeded failure: tool exit status mismatch (expected EXIT_SUCCESS, got EXIT_FAILURE)	pa18-or-pa21	implementation-bug-only			no-action	seed=trusted_only; Opus PA23 start 1963d796e already accepts this row, so there is no Opus fail/fix transition for an earlier reducer backfill.
pa23/tests/general/100-structured-bool-boost-convertible-mpl-overload.t	pa23/tests/general	100	fail	fail	both_fail	generated LowIR does not match reference after relaxed metadata canonicalization and order canonicalization; canonical diff written to tests/general/100-structured-bool-boost-convertible-mpl-overload.my.lowir.compare.diff	tool exit status mismatch (expected EXIT_SUCCESS, got EXIT_FAILURE)	integral-nontype-template-arguments-and-constant-values	8e4c41d4 non-type deduction in nested template-id partial-spec patterns; 8bafc1c42 static value member materialization	Opus final plan ties integral NTTP values and static value members to PA19 metaprogramming and later PA22 deduction.	Opus initial PA23 failure seeded from analysis/pa23-initial-failures: generated LowIR does not match reference after relaxed metadata canonicalization and order canonicalization; canonical diff written to tests/general/100-structured-bool-boost-convertible-mpl-overload.my.lowir.compare.diff	pa19-or-pa23-static-emission-contract	owner-unclear-static-emission-contract	derive a reducer for selective static-member emission when a class-template specialization is completed as a by-value overload candidate type		no-action	seed=both_fail; source is C++11-valid and current/reference agree, but the Opus evidence is not a clean PA19 NTTP gap. Start 1963d796e and 8e4c41d4 compute/emits integral_constant<bool,true>; 8bafc1c42 computes false but under-emits bool_<false>::value and bool_<true>::value; Opus plan identifies this as selective eager static-member emission for class-template specializations completed as by-value overload-candidate/complete types, with regression risk against value-fold-only tests. Owner and contract need a decision before adding an earlier assignment test.; final audit disposition: no assignment test added; owner remains unclear between PA19 integral NTTP behavior and the later PA23 selective static-member emission contract. Needs an owner/contract decision before reduction or promotion.
pa23/tests/general/100-template-friend-class-constructor-access.t	pa23/tests/general	100	fail	pass	opus_only	generated LowIR does not match reference after relaxed metadata canonicalization and order canonicalization; canonical diff written to tests/general/100-template-friend-class-constructor-access.my.lowir.compare.diff		dependent-qualified-lookup-current-specialization-and-friend-scope	7020b769c dependent qualified name without typename; 3bec27bf4 alias-template-id qualifier in value context; 51026c3d2 injected-class-name functional cast; b921be822 substitute TTP in current-specialization type; 72025a570 NTTP from class-template-id arg + in-class labels; 997e77f27 qualified-member call most-vexing parse	Opus final pa23/plan.md Work log items 5/8/10 and Loop 56 notes cover dependent qualified lookup, current specialization, friend/member scope, and source owner preservation.	Opus initial PA23 failure seeded from analysis/pa23-initial-failures: generated LowIR does not match reference after relaxed metadata canonicalization and order canonicalization; canonical diff written to tests/general/100-template-friend-class-constructor-access.my.lowir.compare.diff	pa21	missing-earlier-feature	analysis/reducers/pa22-template-friend-class-constructor-access.t	pa21/tests/general/300-template-friend-class-constructor-access.t	test-added	seed=opus_only; dependent friend class private-constructor access reducer is C++11-valid; current and external reference accept; Opus PA23 start 1963d796e emits mismatching LowIR and Opus 37d15559b passes; focused PA21 check passed; PA21 placement audit passed with --fail-on-early.
pa23/tests/general/100-template-instantiation-use-location-explicit-specialization.t	pa23/tests/general	100	fail	pass	opus_only	tool exit status mismatch (expected EXIT_SUCCESS, got EXIT_FAILURE)		explicit-specialization-and-explicit-instantiation-ownership	0044efd8b explicit-instantiation lowering; 447aab065 stale primary refresh; b9c1574cb member-function explicit specialization; 569fcbd79 member-function explicit instantiation; fb9e82eeb full explicit-specialization defaults	Opus final plan Work log items 9/11 plus explicit-specialization rejection notes cover stale-primary refresh, member ownership, static data, and explicit-instantiation lowering.	Opus initial PA23 failure seeded from analysis/pa23-initial-failures: tool exit status mismatch (expected EXIT_SUCCESS, got EXIT_FAILURE)	pa21	harness-or-reference-issue	analysis/reducers/pa21-template-instantiation-use-location-explicit-specialization-value-object.t		no-action	seed=opus_only; reducer is C++11 valid and Opus start 1963d796e rejects while fb9e82eeb accepts, but external reference output omits constructor work that current emits, so PA21 candidate test was removed; recorded in analysis/reference-reducer-failures.md
pa23/tests/general/100-template-specialization-qualified-constructor-declaration.t	pa23/tests/general	100	fail	pass	opus_only	tool exit status mismatch (expected EXIT_SUCCESS, got EXIT_FAILURE)		dependent-qualified-lookup-current-specialization-and-friend-scope	7020b769c dependent qualified name without typename; 3bec27bf4 alias-template-id qualifier in value context; 51026c3d2 injected-class-name functional cast; b921be822 substitute TTP in current-specialization type; 72025a570 NTTP from class-template-id arg + in-class labels; 997e77f27 qualified-member call most-vexing parse	Opus final pa23/plan.md Work log items 5/8/10 and Loop 56 notes cover dependent qualified lookup, current specialization, friend/member scope, and source owner preservation.	Opus initial PA23 failure seeded from analysis/pa23-initial-failures: tool exit status mismatch (expected EXIT_SUCCESS, got EXIT_FAILURE)	pa21	missing-earlier-feature	analysis/reducers/pa21-template-specialization-qualified-constructor-declaration.t	pa21/tests/general/300-template-specialization-qualified-constructor-declaration.t	test-added	seed=opus_only; explicit-specialization qualified constructor declaration reducer is C++11-valid; current and external reference accept; Opus PA23 start 1963d796e rejects with parse error and Opus 1d6bcb8d6 passes; focused PA21 check passed; PA21 placement audit passed with --fail-on-early.
pa23/tests/general/100-top-cv-pointer-does-not-match-unqualified-pointer-partial.t	pa23/tests/general	100	fail	fail	both_fail	tool exit status mismatch (expected EXIT_SUCCESS, got EXIT_FAILURE)	generated LowIR does not match reference after relaxed metadata canonicalization and order canonicalization; canonical diff written to tests/general/100-top-cv-pointer-does-not-match-unqualified-pointer-partial.my.lowir.compare.diff	dependent-qualified-lookup-current-specialization-and-friend-scope	7020b769c dependent qualified name without typename; 3bec27bf4 alias-template-id qualifier in value context; 51026c3d2 injected-class-name functional cast; b921be822 substitute TTP in current-specialization type; 72025a570 NTTP from class-template-id arg + in-class labels; 997e77f27 qualified-member call most-vexing parse	Opus final pa23/plan.md Work log items 5/8/10 and Loop 56 notes cover dependent qualified lookup, current specialization, friend/member scope, and source owner preservation.	Opus initial PA23 failure seeded from analysis/pa23-initial-failures: tool exit status mismatch (expected EXIT_SUCCESS, got EXIT_FAILURE)	pa21	harness-or-reference-issue	analysis/reducers/pa21-top-cv-pointer-does-not-match-unqualified-pointer-partial.t		no-action	seed=both_fail; reducer is C++11-valid and current accepts; Opus PA23 start 1963d796e fails static_assert and Opus 15a2e9c8d accepts, but the required external reference compiler rejects it as an ambiguous partial class specialization; recorded in analysis/reference-reducer-failures.md.
pa23/tests/general/100-tracked-explicit-specialization-member-definition.t	pa23/tests/general	100	fail	pass	opus_only	generated LowIR failed sanity validation: function @f block ^entry call @S_char___assign expects exactly 0 argument(s), got 2		explicit-specialization-and-explicit-instantiation-ownership	0044efd8b explicit-instantiation lowering; 447aab065 stale primary refresh; b9c1574cb member-function explicit specialization; 569fcbd79 member-function explicit instantiation; fb9e82eeb full explicit-specialization defaults	Opus final plan Work log items 9/11 plus explicit-specialization rejection notes cover stale-primary refresh, member ownership, static data, and explicit-instantiation lowering.	Opus initial PA23 failure seeded from analysis/pa23-initial-failures: generated LowIR failed sanity validation: function @f block ^entry call @S_char___assign expects exactly 0 argument(s), got 2	pa21	feature-interaction-earliest-owner	analysis/reducers/pa21-explicit-specialization-member-definition-after-forward-use.t	pa21/tests/spec/300-explicit-specialization-member-definition-after-forward-use.t	test-added	seed=opus_only; PA21 explicit-specialization member-definition ownership backfill; C++11 valid; current/reference relaxed LowIR match; Opus start 1963d796e relaxed LowIR fails and Opus 447aab065 passes; external refs generated; focused PA21 validation pending in this pass
pa23/tests/general/100-unevaluated-sizeof-call-surrogates.t	pa23/tests/general	100	fail	fail	both_fail	generated LowIR does not match reference after relaxed metadata canonicalization and order canonicalization; canonical diff written to tests/general/100-unevaluated-sizeof-call-surrogates.my.lowir.compare.diff	tool exit status mismatch (expected EXIT_SUCCESS, got EXIT_FAILURE)	decltype-and-unevaluated-deduction-sfinae-composition	d83a0c5d8 decltype(expr) as template argument; a641bffb4 unparenthesized member access decltype; 711524aaf decltype-of-call pack expansion; ab8927777 destructor-call detector idiom; 527d304ee unevaluated sizeof surrogate call; 7ed506338 const-eval decltype(member-template-call)::value	Opus final pa23/plan.md Work log item 12 and loop notes cover decltype, unevaluated sizeof, detector idioms, and pack-aware call typing.	Opus initial PA23 failure seeded from analysis/pa23-initial-failures: generated LowIR does not match reference after relaxed metadata canonicalization and order canonicalization; canonical diff written to tests/general/100-unevaluated-sizeof-call-surrogates.my.lowir.compare.diff	pa22	missing-earlier-feature	analysis/reducers/pa22-unevaluated-sizeof-call-surrogates.t	pa22/tests/general/300-unevaluated-sizeof-call-surrogates.t	test-added	seed=both_fail; unevaluated sizeof surrogate call reducer is C++11-valid; current and external reference accept; Opus PA23 start 1963d796e emits mismatching LowIR and Opus 527d304ee passes; focused PA22 check passed; PA22 placement audit passed with --fail-on-early.
pa23/tests/general/200-adl-explicit-template-id-call.t	pa23/tests/general	200	pass	fail	trusted_only		tool exit status mismatch (expected EXIT_SUCCESS, got EXIT_FAILURE)	function-template-deduction-partial-ordering-and-nondeduced-contexts	b5b48aea5 explicit template args authoritative; 58f5ccfeb synthesize NTTPs in function-template partial ordering; e486d6544 overload-set address non-deduced; 2b66548a5 qualified-id nested-name non-deduced; 8063e3edd trailing-pack deduction excludes defaults	Opus final pa23/plan.md loop notes identify full function-template deduction, partial ordering, explicit args, overload-set address deduction, and non-deduced contexts.	Opus initial PA23 baseline passed this row (trusted_only seed); no Opus fixing transition, classification from test content plus Trusted seeded failure: tool exit status mismatch (expected EXIT_SUCCESS, got EXIT_FAILURE)	pa22	implementation-bug-only			no-action	seed=trusted_only; Opus PA23 start 1963d796e already compiled this row and matched semantic LowIR; only metadata/order noise was observed, so no earlier reducer was added.
pa23/tests/general/200-array-reference-deduction.t	pa23/tests/general	200	fail	fail	both_fail	tool exit status mismatch (expected EXIT_SUCCESS, got EXIT_FAILURE)	tool exit status mismatch (expected EXIT_SUCCESS, got EXIT_FAILURE)	array-bound-and-array-reference-template-deduction	a1f842bb1 pa23: array-bound non-type template-argument deduction (f(T(&)[N]))	Opus final plan Work log item 7 and PA22 loop notes cover array-bound NTTP deduction and array-reference function-template deduction.	Opus initial PA23 failure seeded from analysis/pa23-initial-failures: tool exit status mismatch (expected EXIT_SUCCESS, got EXIT_FAILURE)	pa22	missing-earlier-feature	array_size(T (&)[N]) deduces N from int[3]	pa22/tests/spec/100-function-template-array-bound-deduction.t	test-added	Covered by earlier PA22 array-bound reducer. Historical reducer failed at Opus PA23 start 1963d796e with undeclared array_size and passed at a1f842bb1; PA22 focused checks and reports passed.
pa23/tests/general/200-class-partial-specialization-no-derived-base-deduction.t	pa23/tests/general	200	pass	fail	trusted_only		tool exit status mismatch (expected EXIT_SUCCESS, got EXIT_FAILURE)	class-partial-specialization-selection	15a2e9c8d cv-qualifier-correct partial specialization and partial ordering; 33a806b05 TTP partial ordering	Opus final plan Work log item 4 names deterministic partial-specialization selection and ordering as a fixed root cause.	Opus initial PA23 baseline passed this row (trusted_only seed); no Opus fixing transition, classification from test content plus Trusted seeded failure: tool exit status mismatch (expected EXIT_SUCCESS, got EXIT_FAILURE)	pa21	implementation-bug-only			no-action	no earlier assignment test added: PA23 source accepts at Opus PA23 start 1963d796e and sampled later commits, so this row has no historical fail/fix transition proving a missing earlier reducer; current/reference screen did not identify a promotable reduced backfill
pa23/tests/general/200-constructor-template-parameter-shadows-instantiated-type.t	pa23/tests/general	200	pass	fail	trusted_only		generated LowIR does not match reference after relaxed metadata canonicalization and order canonicalization; canonical diff written to tests/general/200-constructor-template-parameter-shadows-instantiated-type.my.lowir.compare.diff	member-template-entity-and-call-integration	42beb854b member template definition relink; 7571a0d7b using-declaration imports member template overloads; 670045ef2 member template as TTP arg; 24db2e7ce using-imported member-template this adjustment	Opus plan loop notes cover member-template lookup/call/import behavior across class scopes and template argument forms.	Opus initial PA23 baseline passed this row (trusted_only seed); no Opus fixing transition, classification from test content plus Trusted seeded failure: generated LowIR does not match reference after relaxed metadata canonicalization and order canonicalization; canonical diff written to tests/general/200-constructor-template-parameter-shadows-instantiated-type.my.lowir.compare.diff	pa21-or-pa22	implementation-bug-only	derive reduced example from pa23/tests/general/200-constructor-template-parameter-shadows-instantiated-type.t		no-action	Opus PA23 start baseline already passed this row; under the Opus-gated backfill workflow there is no start/fix transition proving a missing earlier reducer. No earlier assignment test added.
pa23/tests/general/200-constructor-template-rvalue-beats-const-ref.t	pa23/tests/general	200	fail	pass	opus_only	tool exit status mismatch (expected EXIT_SUCCESS, got EXIT_FAILURE)		constructor-and-conversion-template-deduction-overload-selection	12a043a36 converting ctor-template reference binding; 06faea325 prefer rvalue ctor template; a6c373488 ICS ctor selection; 8282e47cf by-value converting ctor template; 6e909ebd5 conversion-function-template copy-init; f8660aa27 assignment via conversion operator	Opus final plan Loop 55/56 and Work log item 11 describe constructor/conversion-template deduction, overload ranking, copy-init, and assignment conversion composition.	Opus initial PA23 failure seeded from analysis/pa23-initial-failures: tool exit status mismatch (expected EXIT_SUCCESS, got EXIT_FAILURE)	pa22	harness-or-reference-issue	analysis/reducers/pa22-constructor-template-rvalue-beats-const-ref.t		no-action	seed=opus_only; reducer is C++11-valid and current accepts it, but external reference rejects after selecting the const-ref pair constructor and failing move-only construction; recorded in analysis/reference-reducer-failures.md as reference-compiler-bug.
pa23/tests/general/200-cv-reference-partial-specialization-ordering.t	pa23/tests/general	200	fail	pass	opus_only	tool exit status mismatch (expected EXIT_SUCCESS, got EXIT_FAILURE)		class-partial-specialization-matching-ordering-with-dependent-args	72e996289 non-deduced-context partial specialization; 15a2e9c8d cv/trailing-pack matching and ordering; 7fcd5c92a defaulted trailing partial-spec args; a3c294645 function-type trailing pack; b444d928a array-bound class partial specialization; 8e4c41d4 nested NTTP deduction	Opus final plan Work log items 3/4/7/11/12 document partial-specialization matching, ordering, non-deduced contexts, function types, packs, defaults, and NTTPs.	Opus initial PA23 failure seeded from analysis/pa23-initial-failures: tool exit status mismatch (expected EXIT_SUCCESS, got EXIT_FAILURE)	pa21	feature-interaction-earliest-owner	pa21/tests/general/400-partial-specialization-cv-ref-ordering.t	pa21/tests/general/400-partial-specialization-cv-ref-ordering.t	test-added	seed=opus_only; PA21 README: template entity/specialization model, alias/variable/member templates, TTPs, partial specialization, explicit-instantiation ownership; no assignment tests or refs added in this audit pass; Backfilled in PA21; reducer validation: g++ C++11 accepted, Opus start 1963d796e rejects; 15a2e9c8d accepts; LowIR refs generated with external reference binary using --emit-lowir -O0; focused PA21 check passed; no witness sidecar added pending clang witness oracle
pa23/tests/general/200-decltype-trailing-pack-template-id-deduction.t	pa23/tests/general	200	fail	fail	both_fail	tool exit status mismatch (expected EXIT_SUCCESS, got EXIT_FAILURE)	tool exit status mismatch (expected EXIT_SUCCESS, got EXIT_FAILURE)	decltype-and-unevaluated-deduction-sfinae-composition	d83a0c5d8 decltype(expr) as template argument; a641bffb4 unparenthesized member access decltype; 711524aaf decltype-of-call pack expansion; ab8927777 destructor-call detector idiom; 527d304ee unevaluated sizeof surrogate call; 7ed506338 const-eval decltype(member-template-call)::value	Opus final pa23/plan.md Work log item 12 and loop notes cover decltype, unevaluated sizeof, detector idioms, and pack-aware call typing.	Opus initial PA23 failure seeded from analysis/pa23-initial-failures: tool exit status mismatch (expected EXIT_SUCCESS, got EXIT_FAILURE)	pa22	harness-or-reference-issue	analysis/reducers/pa22-decltype-trailing-pack-template-id-deduction.t		no-action	seed=both_fail; reducer is C++11-valid and current accepts, but the required external reference compiler rejects the static_assert after failing to deduce the trailing pack through decltype(function-template-call); recorded in analysis/reference-reducer-failures.md.
pa23/tests/general/200-dependent-builtin-decay-transform-return.t	pa23/tests/general	200	fail	fail	both_fail	tool exit status mismatch (expected EXIT_SUCCESS, got EXIT_FAILURE)	tool exit status mismatch (expected EXIT_SUCCESS, got EXIT_FAILURE)	vendor-builtin-template-traits-and-pack-intrinsics	21c3199fa __type_pack_element; cc00b5bf8 builtin unary type transforms; 44d58bf2e __make_integer_seq	Opus plan work log and loop notes call out vendor builtins/type transforms as PA23-forced compatibility forms needing owner decisions.	Opus initial PA23 failure seeded from analysis/pa23-initial-failures: tool exit status mismatch (expected EXIT_SUCCESS, got EXIT_FAILURE)	pa22-portable-candidate	portable-rewrite-pending-validation	portable PA23 source rewritten; reduce from pa23/tests/general/200-dependent-builtin-decay-transform-return.t		no-action	seed=both_fail; portable rewrite pass 2026-06-30: replaced hosted __decay transform with local C++11 remove_reference/remove_cv/decay helpers; g++/clang C++11 syntax, current cppgm compile, focused PA23 check, and PA19-PA23 placement audit passed. No earlier assignment test added yet; rerun Opus start/fix and external reference gates for the portable form before promotion. Intrinsic-specific coverage remains in PA34 compile tests.
pa23/tests/general/200-dependent-decltype-nested-call-pack-expansion.t	pa23/tests/general	200	pass	fail	trusted_only		tool exit status mismatch (expected EXIT_SUCCESS, got EXIT_FAILURE)	decltype-and-unevaluated-deduction-sfinae-composition	d83a0c5d8 decltype(expr) as template argument; a641bffb4 unparenthesized member access decltype; 711524aaf decltype-of-call pack expansion; ab8927777 destructor-call detector idiom; 527d304ee unevaluated sizeof surrogate call; 7ed506338 const-eval decltype(member-template-call)::value	Opus final pa23/plan.md Work log item 12 and loop notes cover decltype, unevaluated sizeof, detector idioms, and pack-aware call typing.	Opus initial PA23 baseline passed this row (trusted_only seed); no Opus fixing transition, classification from test content plus Trusted seeded failure: tool exit status mismatch (expected EXIT_SUCCESS, got EXIT_FAILURE)	pa22	implementation-bug-only			no-action	seed=trusted_only; Opus PA23 start 1963d796e already accepts this row, so there is no Opus fail/fix transition for an earlier reducer backfill.
pa23/tests/general/200-dependent-remove-reference-transform-forwarding.t	pa23/tests/general	200	fail	fail	both_fail	generated LowIR does not match reference after relaxed metadata canonicalization and order canonicalization; canonical diff written to tests/general/200-dependent-remove-reference-transform-forwarding.my.lowir.compare.diff	tool exit status mismatch (expected EXIT_SUCCESS, got EXIT_FAILURE)	vendor-builtin-template-traits-and-pack-intrinsics	21c3199fa __type_pack_element; cc00b5bf8 builtin unary type transforms; 44d58bf2e __make_integer_seq	Opus plan work log and loop notes call out vendor builtins/type transforms as PA23-forced compatibility forms needing owner decisions.	Opus initial PA23 failure seeded from analysis/pa23-initial-failures: generated LowIR does not match reference after relaxed metadata canonicalization and order canonicalization; canonical diff written to tests/general/200-dependent-remove-reference-transform-forwarding.my.lowir.compare.diff	pa22-portable-candidate	portable-rewrite-pending-validation	portable PA23 source rewritten; reduce from pa23/tests/general/200-dependent-remove-reference-transform-forwarding.t		no-action	seed=both_fail; portable rewrite pass 2026-06-30: replaced hosted __remove_reference_t transform with local C++11 remove_reference helper; g++/clang C++11 syntax, current cppgm compile, focused PA23 check, and PA19-PA23 placement audit passed. No earlier assignment test added yet; rerun Opus start/fix and external reference gates for the portable form before promotion. Intrinsic-specific coverage remains in PA34 compile tests.
pa23/tests/general/200-empty-pack-static-assert-trait-expansion.t	pa23/tests/general	200	fail	pass	opus_only	tool exit status mismatch (expected EXIT_SUCCESS, got EXIT_FAILURE)		pack-expansion-deduction-and-instantiation-composition	5d099bdf6 general pack-expansion template args; 569e97b48 nested pack expansion in partial-spec arg; 694ae370e co-varying type pack call expansion; c6e155e08 function-type pack args; b449e7c8c nested template-id function parameter pack; 0e6333441 bind pack-expanded args to non-pack params	Opus final pa23/plan.md Work log items 6/8/11 and Loop 57/60 notes identify pack expansion through partial specs, calls, aliases, and function types.	Opus initial PA23 failure seeded from analysis/pa23-initial-failures: tool exit status mismatch (expected EXIT_SUCCESS, got EXIT_FAILURE)	pa22	missing-earlier-feature	pa22/tests/general/100-empty-pack-static-assert-trait-expansion.t	pa22/tests/general/100-empty-pack-static-assert-trait-expansion.t	test-added	Exact PA23 source promoted as PA22 empty-pack static-assert trait expansion reducer; g++ C++11 valid; current/reference compare clean; Opus start 1963d796e rejects, Opus 1434a6e11 compares clean; focused PA22 check, placement audit, and PA22 report passed.
pa23/tests/general/200-explicit-template-id-forward-losing-overload-body.t	pa23/tests/general	200	fail	pass	opus_only	tool exit status mismatch (expected EXIT_SUCCESS, got EXIT_FAILURE)		function-template-deduction-partial-ordering-and-nondeduced-contexts	b5b48aea5 explicit template args authoritative; 58f5ccfeb synthesize NTTPs in function-template partial ordering; e486d6544 overload-set address non-deduced; 2b66548a5 qualified-id nested-name non-deduced; 8063e3edd trailing-pack deduction excludes defaults	Opus final pa23/plan.md loop notes identify full function-template deduction, partial ordering, explicit args, overload-set address deduction, and non-deduced contexts.	Opus initial PA23 failure seeded from analysis/pa23-initial-failures: tool exit status mismatch (expected EXIT_SUCCESS, got EXIT_FAILURE)	pa22	feature-interaction-earliest-owner	pa22/tests/spec/100-explicit-template-id-forward-reference-overload.t	pa22/tests/spec/100-explicit-template-id-forward-reference-overload.t	test-added	seed=opus_only; reducer failed at Opus PA23 start 1963d796e with static_assert failure from the losing forward overload and passed at b5b48aea5; focused PA22 check and witness compare passed; PA22 report passed 68/68.
pa23/tests/general/200-function-pack-template-id-deduction-decltype.t	pa23/tests/general	200	fail	fail	both_fail	tool exit status mismatch (expected EXIT_SUCCESS, got EXIT_FAILURE)	tool exit status mismatch (expected EXIT_SUCCESS, got EXIT_FAILURE)	decltype-and-unevaluated-deduction-sfinae-composition	d83a0c5d8 decltype(expr) as template argument; a641bffb4 unparenthesized member access decltype; 711524aaf decltype-of-call pack expansion; ab8927777 destructor-call detector idiom; 527d304ee unevaluated sizeof surrogate call; 7ed506338 const-eval decltype(member-template-call)::value	Opus final pa23/plan.md Work log item 12 and loop notes cover decltype, unevaluated sizeof, detector idioms, and pack-aware call typing.	Opus initial PA23 failure seeded from analysis/pa23-initial-failures: tool exit status mismatch (expected EXIT_SUCCESS, got EXIT_FAILURE)	pa22	harness-or-reference-issue	analysis/reducers/pa22-function-pack-template-id-deduction-decltype.t		no-action	seed=both_fail; reducer is C++11-valid and current/external reference accept, but Opus start 1963d796e rejects and sampled commits through Opus main still fail relaxed LowIR comparison against the external reference oracle; no promotable pass transition.
pa23/tests/general/200-function-pointer-varargs-partial-specialization-order.t	pa23/tests/general	200	fail	fail	both_fail	tool exit status mismatch (expected EXIT_SUCCESS, got EXIT_FAILURE)	tool exit status mismatch (expected EXIT_SUCCESS, got EXIT_FAILURE)	class-partial-specialization-selection	15a2e9c8d cv-qualifier-correct partial specialization and partial ordering; 33a806b05 TTP partial ordering	Opus final plan Work log item 4 names deterministic partial-specialization selection and ordering as a fixed root cause.	Opus initial PA23 failure seeded from analysis/pa23-initial-failures: tool exit status mismatch (expected EXIT_SUCCESS, got EXIT_FAILURE)	pa21	missing-earlier-feature	analysis/reducers/pa21-function-pointer-varargs-partial-specialization-order.t	pa21/tests/general/400-function-pointer-varargs-partial-specialization-order.t	test-added	seed=both_fail; PA21 partial-specialization ordering backfill for function-pointer vs varargs pattern; C++11 valid; current/reference LowIR match; Opus start 1963d796e fails static_assert and Opus 15a2e9c8d accepts; external refs generated; focused PA21 check and placement audit passed
pa23/tests/general/200-function-template-array-bound-deduction.t	pa23/tests/general	200	fail	fail	both_fail	tool exit status mismatch (expected EXIT_SUCCESS, got EXIT_FAILURE)	tool exit status mismatch (expected EXIT_SUCCESS, got EXIT_FAILURE)	array-bound-and-array-reference-template-deduction	a1f842bb1 array-bound function-template deduction; b444d928a class partial-specialization array-bound deduction; ca8bee9a5 array reference-binding cv rank; cfe57ace1 array/function parameter decay	Opus final plan Work log item 7 and PA22 loop notes cover array-bound NTTP deduction and array-reference function-template deduction.	Opus initial PA23 failure seeded from analysis/pa23-initial-failures: tool exit status mismatch (expected EXIT_SUCCESS, got EXIT_FAILURE)	pa22	missing-earlier-feature	pa22/tests/spec/100-function-template-array-bound-deduction.t	pa22/tests/spec/100-function-template-array-bound-deduction.t	test-added	seed=both_fail; PA22 README: full deduction/substitution/SFINAE, conversion/constructor templates, non-deduced contexts, pointer/reference/static-member NTTP values; no assignment tests or refs added in this audit pass; reducer validation: /tmp reducer failed at Opus start 1963d796e with rejected-valid use of undeclared array_size and passed at Opus fix a1f842bb1; LowIR and witness refs generated with /home/vishvananda/work/phases/reference-binaries/cppgm++
pa23/tests/general/200-function-template-array-bound-shared-deduction.t	pa23/tests/general	200	fail	fail	both_fail	tool exit status mismatch (expected EXIT_SUCCESS, got EXIT_FAILURE)	tool exit status mismatch (expected EXIT_SUCCESS, got EXIT_FAILURE)	array-bound-and-array-reference-template-deduction	a1f842bb1 pa23: array-bound non-type template-argument deduction (f(T(&)[N]))	Opus final plan Work log item 7 and PA22 loop notes cover array-bound NTTP deduction and array-reference function-template deduction.	Opus initial PA23 failure seeded from analysis/pa23-initial-failures: tool exit status mismatch (expected EXIT_SUCCESS, got EXIT_FAILURE)	pa22	missing-earlier-feature	same_extent(T (&)[N], T (&)[N]) deduces the same N from two array-reference parameters	pa22/tests/spec/100-function-template-array-bound-shared-deduction.t	test-added	Backfilled in PA22 spec. Historical reducer failed at Opus PA23 start 1963d796e with undeclared same_extent and passed at a1f842bb1; focused LowIR and witness checks passed.
pa23/tests/general/200-function-template-reference-cv-alias-partial-order.t	pa23/tests/general	200	pass	fail	trusted_only		generated LowIR does not match reference after relaxed metadata canonicalization and order canonicalization; canonical diff written to tests/general/200-function-template-reference-cv-alias-partial-order.my.lowir.compare.diff	alias-template-dependent-expansion-and-rebinding	72e996289 alias-template pack binding; 3bec27bf4 alias-template-id qualifier in value context; 45820ae4b default args in alias expansion; e32a4ae29 value-context alias defaults; 05bc9195a forwarding alias patterns; 743b7a920 dependent alias pack patterns	Opus final pa23/plan.md Work log item 3 and Loop 56/57 notes identify alias-template expansion, defaults, dependent qualifiers, and pack-preserving rebinding.	Opus initial PA23 baseline passed this row (trusted_only seed); no Opus fixing transition, classification from test content plus Trusted seeded failure: generated LowIR does not match reference after relaxed metadata canonicalization and order canonicalization; canonical diff written to tests/general/200-function-template-reference-cv-alias-partial-order.my.lowir.compare.diff	pa21-or-pa22	direct-start-pass	direct PA23 source compiled at Opus start 1963d796e and emitted identical LowIR through 743b7a920		no-action	seed=both_fail; no earlier test added because the direct PA23 source accepts at Opus start 1963d796e and its LowIR is identical at 743b7a920, so this shape does not prove the alias-rebinding fixes; reduce further only if a smaller failing oracle is found.
pa23/tests/general/200-function-template-template-parameter-deduction.t	pa23/tests/general	200	fail	fail	both_fail	tool exit status mismatch (expected EXIT_SUCCESS, got EXIT_FAILURE)	tool exit status mismatch (expected EXIT_SUCCESS, got EXIT_FAILURE)	template-template-parameter-deduction-and-alias-forwarding	07373f00d TTP deduction in partial specializations; 4bc0c87fe alias-expanded TTP args; 54e85f719 TTP SFINAE binding; 670045ef2 member template as TTP arg; 1434a6e11 synthetic __ttdeduce args	Opus final plan Work log and Loop 57/60 notes cover template-template deduction through aliases, member templates, defaults, and nested >=2-arg cases.	Opus initial PA23 failure seeded from analysis/pa23-initial-failures: tool exit status mismatch (expected EXIT_SUCCESS, got EXIT_FAILURE)	pa22	feature-interaction-earliest-owner	pa22/tests/general/100-function-template-template-parameter-deduction.t	pa22/tests/general/100-function-template-template-parameter-deduction.t	test-added	seed=both_fail; pointer/reference reducer avoids unrelated EH reference drift while preserving U<T> template-template deduction; C++11/current/reference compare cleanly; Opus PA23 start 1963d796e rejects with undeclared pass; Opus 1434a6e11 compares cleanly; PA22 placement audit passed.
pa23/tests/general/200-function-template-trailing-pack-partial-order.t	pa23/tests/general	200	fail	fail	both_fail	generated LowIR does not match reference after relaxed metadata canonicalization and order canonicalization; canonical diff written to tests/general/200-function-template-trailing-pack-partial-order.my.lowir.compare.diff	generated LowIR does not match reference after relaxed metadata canonicalization and order canonicalization; canonical diff written to tests/general/200-function-template-trailing-pack-partial-order.my.lowir.compare.diff	pack-expansion-deduction-and-instantiation-composition	5d099bdf6 general pack-expansion template args; 569e97b48 nested pack expansion in partial-spec arg; 694ae370e co-varying type pack call expansion; c6e155e08 function-type pack args; b449e7c8c nested template-id function parameter pack; 0e6333441 bind pack-expanded args to non-pack params	Opus final pa23/plan.md Work log items 6/8/11 and Loop 57/60 notes identify pack expansion through partial specs, calls, aliases, and function types.	Opus initial PA23 failure seeded from analysis/pa23-initial-failures: generated LowIR does not match reference after relaxed metadata canonicalization and order canonicalization; canonical diff written to tests/general/200-function-template-trailing-pack-partial-order.my.lowir.compare.diff	pa22	missing-earlier-feature	pa22/tests/general/200-function-template-trailing-pack-partial-order.t	pa22/tests/general/200-function-template-trailing-pack-partial-order.t	test-added	Exact PA23 source promoted as PA22 function-template trailing-pack partial-order reducer; g++ C++11 valid; current/reference compare clean; Opus start 1963d796e mismatches, Opus 1434a6e11 compares clean; focused PA22 check, placement audit, and PA22 report passed.
pa23/tests/general/200-function-template-variadic-template-template-deduction.t	pa23/tests/general	200	fail	fail	both_fail	tool exit status mismatch (expected EXIT_SUCCESS, got EXIT_FAILURE)	tool exit status mismatch (expected EXIT_SUCCESS, got EXIT_FAILURE)	template-template-parameter-deduction-and-alias-forwarding	07373f00d TTP deduction in partial specializations; 4bc0c87fe alias-expanded TTP args; 54e85f719 TTP SFINAE binding; 670045ef2 member template as TTP arg; 1434a6e11 synthetic __ttdeduce args	Opus final plan Work log and Loop 57/60 notes cover template-template deduction through aliases, member templates, defaults, and nested >=2-arg cases.	Opus initial PA23 failure seeded from analysis/pa23-initial-failures: tool exit status mismatch (expected EXIT_SUCCESS, got EXIT_FAILURE)	pa18	harness-or-reference-issue	analysis/reducers/pa18-function-template-variadic-template-template-deduction.t		no-action	seed=both_fail; reducer is C++11-valid and current accepts it, but external reference rejects the variadic template-template dispatch call as unknown function dispatch; recorded in analysis/reference-reducer-failures.md as reference-compiler-bug.
pa23/tests/general/200-function-type-partial-specialization-preference.t	pa23/tests/general	200	fail	pass	opus_only	generated LowIR does not match reference after relaxed metadata canonicalization and order canonicalization; canonical diff written to tests/general/200-function-type-partial-specialization-preference.my.lowir.compare.diff		class-partial-specialization-matching-ordering-with-dependent-args	72e996289 non-deduced-context partial specialization; 15a2e9c8d cv/trailing-pack matching and ordering; 7fcd5c92a defaulted trailing partial-spec args; a3c294645 function-type trailing pack; b444d928a array-bound class partial specialization; 8e4c41d4 nested NTTP deduction	Opus final plan Work log items 3/4/7/11/12 document partial-specialization matching, ordering, non-deduced contexts, function types, packs, defaults, and NTTPs.	Opus initial PA23 failure seeded from analysis/pa23-initial-failures: generated LowIR does not match reference after relaxed metadata canonicalization and order canonicalization; canonical diff written to tests/general/200-function-type-partial-specialization-preference.my.lowir.compare.diff	pa21	feature-interaction-earliest-owner	pa21/tests/general/400-function-type-partial-specialization-preference.t	pa21/tests/general/400-function-type-partial-specialization-preference.t	test-added	seed=opus_only; PA21 README: template entity/specialization model, alias/variable/member templates, TTPs, partial specialization, explicit-instantiation ownership; no assignment tests or refs added in this audit pass; Backfilled in PA21; reducer validation: g++ C++11 accepted, Opus start 1963d796e accepts with mismatched LowIR; b444d928a emits selected void-function partial; LowIR refs generated with external reference binary using --emit-lowir -O0; focused PA21 check passed; no witness sidecar added pending clang witness oracle
pa23/tests/general/200-inherited-constructor-template-forwarding.t	pa23/tests/general	200	fail	fail	both_fail	tool exit status mismatch (expected EXIT_SUCCESS, got EXIT_FAILURE)	tool exit status mismatch (expected EXIT_SUCCESS, got EXIT_FAILURE)	constructor-and-conversion-template-deduction-overload-selection	12a043a36 converting ctor-template reference binding; 06faea325 prefer rvalue ctor template; a6c373488 ICS ctor selection; 8282e47cf by-value converting ctor template; 6e909ebd5 conversion-function-template copy-init; f8660aa27 assignment via conversion operator	Opus final plan Loop 55/56 and Work log item 11 describe constructor/conversion-template deduction, overload ranking, copy-init, and assignment conversion composition.	Opus initial PA23 failure seeded from analysis/pa23-initial-failures: tool exit status mismatch (expected EXIT_SUCCESS, got EXIT_FAILURE)	pa22	harness-or-reference-issue	analysis/reducers/pa22-inherited-constructor-template-forwarding.t		no-action	seed=both_fail; reducer is C++11-valid and current accepts it, but external reference rejects because the inherited dependent-base constructor template is missing from derived<int>; recorded in analysis/reference-reducer-failures.md as reference-compiler-bug.
pa23/tests/general/200-local-pack-template-id-paren-init-in-if.t	pa23/tests/general	200	fail	pass	opus_only	tool exit status mismatch (expected EXIT_SUCCESS, got EXIT_FAILURE)		pack-expansion-deduction-and-instantiation-composition	5d099bdf6 general pack-expansion template args; 569e97b48 nested pack expansion in partial-spec arg; 694ae370e co-varying type pack call expansion; c6e155e08 function-type pack args; b449e7c8c nested template-id function parameter pack; 0e6333441 bind pack-expanded args to non-pack params	Opus final pa23/plan.md Work log items 6/8/11 and Loop 57/60 notes identify pack expansion through partial specs, calls, aliases, and function types.	Opus initial PA23 failure seeded from analysis/pa23-initial-failures: tool exit status mismatch (expected EXIT_SUCCESS, got EXIT_FAILURE)	pa22	historical-validation-missing	pa23/tests/general/200-local-pack-template-id-paren-init-in-if.t		no-action	Exact source is g++ C++11 valid and both compilers accept, but current/reference and Opus 1434a6e11 fail the relaxed LowIR contract due extra reference EH declarations; logged in analysis/reference-reducer-failures.md. No ref-stable start-failing reducer promoted.
pa23/tests/general/200-local-pack-template-id-paren-init.t	pa23/tests/general	200	fail	pass	opus_only	tool exit status mismatch (expected EXIT_SUCCESS, got EXIT_FAILURE)		pack-expansion-deduction-and-instantiation-composition	5d099bdf6 general pack-expansion template args; 569e97b48 nested pack expansion in partial-spec arg; 694ae370e co-varying type pack call expansion; c6e155e08 function-type pack args; b449e7c8c nested template-id function parameter pack; 0e6333441 bind pack-expanded args to non-pack params	Opus final pa23/plan.md Work log items 6/8/11 and Loop 57/60 notes identify pack expansion through partial specs, calls, aliases, and function types.	Opus initial PA23 failure seeded from analysis/pa23-initial-failures: tool exit status mismatch (expected EXIT_SUCCESS, got EXIT_FAILURE)	pa22	historical-validation-missing	pa23/tests/general/200-local-pack-template-id-paren-init.t		no-action	Exact source is g++ C++11 valid and both compilers accept, but current/reference and Opus 1434a6e11 fail the relaxed LowIR contract due extra reference EH declarations; logged in analysis/reference-reducer-failures.md. No ref-stable start-failing reducer promoted.
pa23/tests/general/200-member-function-template-address-explicit-pack.t	pa23/tests/general	200	fail	fail	both_fail	generated LowIR does not match reference after relaxed metadata canonicalization and order canonicalization; canonical diff written to tests/general/200-member-function-template-address-explicit-pack.my.lowir.compare.diff	tool exit status mismatch (expected EXIT_SUCCESS, got EXIT_FAILURE)	pack-expansion-deduction-and-instantiation-composition	5d099bdf6 general pack-expansion template args; 569e97b48 nested pack expansion in partial-spec arg; 694ae370e co-varying type pack call expansion; c6e155e08 function-type pack args; b449e7c8c nested template-id function parameter pack; 0e6333441 bind pack-expanded args to non-pack params	Opus final pa23/plan.md Work log items 6/8/11 and Loop 57/60 notes identify pack expansion through partial specs, calls, aliases, and function types.	Opus initial PA23 failure seeded from analysis/pa23-initial-failures: generated LowIR does not match reference after relaxed metadata canonicalization and order canonicalization; canonical diff written to tests/general/200-member-function-template-address-explicit-pack.my.lowir.compare.diff	pa22	harness-or-reference-issue	pa23/tests/general/200-member-function-template-address-explicit-pack.t		no-action	Exact source is g++ C++11 valid and current accepts, but external reference rejects qualified member function-template address lookup for service_registry::create<Service,context>; logged in analysis/reference-reducer-failures.md. No PA22 test added.
pa23/tests/general/200-member-template-explicit-pack-forward-call.t	pa23/tests/general	200	fail	fail	both_fail	tool exit status mismatch (expected EXIT_SUCCESS, got EXIT_FAILURE)	tool exit status mismatch (expected EXIT_SUCCESS, got EXIT_FAILURE)	constructor-and-conversion-template-deduction-overload-selection	12a043a36 converting ctor-template reference binding; 06faea325 prefer rvalue ctor template; a6c373488 ICS ctor selection; 8282e47cf by-value converting ctor template; 6e909ebd5 conversion-function-template copy-init; f8660aa27 assignment via conversion operator	Opus final plan Loop 55/56 and Work log item 11 describe constructor/conversion-template deduction, overload ranking, copy-init, and assignment conversion composition.	Opus initial PA23 failure seeded from analysis/pa23-initial-failures: tool exit status mismatch (expected EXIT_SUCCESS, got EXIT_FAILURE)	pa22	feature-interaction-earliest-owner	pa22/tests/spec/200-member-template-explicit-pack-forward-call.t	pa22/tests/spec/200-member-template-explicit-pack-forward-call.t	test-added	seed=both_fail; reducer is C++11-valid and current/reference compare cleanly; Opus PA23 start 1963d796e rejects with unresolved forward<Args>; Opus f8660aa27 compares cleanly; promoted to PA22 explicit-template-argument/member-template pack forwarding coverage.
pa23/tests/general/200-member-template-implicit-instantiation-not-overload.t	pa23/tests/general	200	fail	fail	both_fail	generated LowIR does not match reference after relaxed metadata canonicalization and order canonicalization; canonical diff written to tests/general/200-member-template-implicit-instantiation-not-overload.my.lowir.compare.diff	tool exit status mismatch (expected EXIT_SUCCESS, got EXIT_FAILURE)	member-template-entity-and-call-integration	42beb854b member template definition relink; 7571a0d7b using-declaration imports member template overloads; 670045ef2 member template as TTP arg; 24db2e7ce using-imported member-template this adjustment	Opus plan loop notes cover member-template lookup/call/import behavior across class scopes and template argument forms.	Opus initial PA23 failure seeded from analysis/pa23-initial-failures: generated LowIR does not match reference after relaxed metadata canonicalization and order canonicalization; canonical diff written to tests/general/200-member-template-implicit-instantiation-not-overload.my.lowir.compare.diff	none	harness-or-reference-issue	pa23/tests/general/200-member-template-implicit-instantiation-not-overload.t		no-action	seed=both_fail; not a missing earlier-feature reducer because Opus PA23 start 1963d796e already accepts and sampled commits through 33af1a9bc emit the same LowIR hash; source is C++11-valid and current accepts it, but external reference rejects the second async_read_some call as ambiguous; recorded in analysis/reference-reducer-failures.md as reference-compiler-bug.
pa23/tests/general/200-nested-template-id-partial-specialization-deduction.t	pa23/tests/general	200	fail	fail	both_fail	tool exit status mismatch (expected EXIT_SUCCESS, got EXIT_FAILURE)	tool exit status mismatch (expected EXIT_SUCCESS, got EXIT_FAILURE)	class-partial-specialization-selection	15a2e9c8d cv-qualifier-correct partial specialization and partial ordering; 33a806b05 TTP partial ordering	Opus final plan Work log item 4 names deterministic partial-specialization selection and ordering as a fixed root cause.	Opus initial PA23 failure seeded from analysis/pa23-initial-failures: tool exit status mismatch (expected EXIT_SUCCESS, got EXIT_FAILURE)	pa21	harness-or-reference-issue	analysis/reducers/pa21-nested-template-id-partial-specialization-deduction.t		no-action	seed=both_fail; reduced PA21 nested-template-id partial-specialization oracle is C++11-valid and current accepts, but external reference rejects it with static_assert false; PA23-shaped source also reference-fails while evaluating sizeof(T); Opus start 1963d796e fails the reduced oracle and sampled commits through 743b7a920 still fail, so no promotable start/fix/reference-stable test; recorded in analysis/reference-reducer-failures.md
pa23/tests/general/200-nondeduced-context-only-bad.t	pa23/tests/general	200	fail	pass	opus_only	tool exit status mismatch (expected EXIT_FAILURE, got EXIT_SUCCESS)		function-template-deduction-partial-ordering-and-nondeduced-contexts	b5b48aea5 explicit template args authoritative; 58f5ccfeb synthesize NTTPs in function-template partial ordering; e486d6544 overload-set address non-deduced; 2b66548a5 qualified-id nested-name non-deduced; 8063e3edd trailing-pack deduction excludes defaults	Opus final pa23/plan.md loop notes identify full function-template deduction, partial ordering, explicit args, overload-set address deduction, and non-deduced contexts.	Opus initial PA23 failure seeded from analysis/pa23-initial-failures: tool exit status mismatch (expected EXIT_FAILURE, got EXIT_SUCCESS)	pa22	feature-interaction-earliest-owner	pa22/tests/spec/200-nondeduced-context-only-bad.t	pa22/tests/spec/200-nondeduced-context-only-bad.t	test-added	seed=opus_only; negative reducer was incorrectly accepted at Opus PA23 start 1963d796e and correctly rejected at 2b66548a5; focused PA22 check passed; PA22 report passed 68/68.
pa23/tests/general/200-nontype-pack-fixed-tail-partial-specialization-ordering.t	pa23/tests/general	200	fail	fail	both_fail	tool exit status mismatch (expected EXIT_SUCCESS, got EXIT_FAILURE)	tool exit status mismatch (expected EXIT_SUCCESS, got EXIT_FAILURE)	class-partial-specialization-matching-ordering-with-dependent-args	72e996289 non-deduced-context partial specialization; 15a2e9c8d cv/trailing-pack matching and ordering; 7fcd5c92a defaulted trailing partial-spec args; a3c294645 function-type trailing pack; b444d928a array-bound class partial specialization; 8e4c41d4 nested NTTP deduction	Opus final plan Work log items 3/4/7/11/12 document partial-specialization matching, ordering, non-deduced contexts, function types, packs, defaults, and NTTPs.	Opus initial PA23 failure seeded from analysis/pa23-initial-failures: tool exit status mismatch (expected EXIT_SUCCESS, got EXIT_FAILURE)	pa21	harness-or-reference-issue	derive reduced example from pa23/tests/general/200-nontype-pack-fixed-tail-partial-specialization-ordering.t		no-action	seed=both_fail; PA21 README: template entity/specialization model, alias/variable/member templates, TTPs, partial specialization, explicit-instantiation ownership; no assignment tests or refs added in this audit pass; Reference-blocked reducer: analysis/reducers/pa21-nontype-pack-fixed-tail-partial-specialization-ordering.t; Opus start 1963d796e rejects and ee034cde3 accepts, but external reference rejects resolving bin_literal size; g++ C++11 accepted; current compiler accepts; see analysis/reference-reducer-failures.md
pa23/tests/general/200-out-of-class-member-template-namespace-typedef.t	pa23/tests/general	200	fail	fail	both_fail	generated LowIR failed sanity validation: function @N__Holder_int___run block ^entry call @N__Holder_int___make__t1 expects exactly 1 argument(s), got 4	generated LowIR does not match reference after relaxed metadata canonicalization and order canonicalization; canonical diff written to tests/general/200-out-of-class-member-template-namespace-typedef.my.lowir.compare.diff	member-template-ownership-and-out-of-class-definition-replay	42beb854b link out-of-class member function template definitions; e8325194b out-of-class constructor templates; fd6f3e485 member class template definitions; a6212a3e1 parameter labels; 768c32e9f overload pairing	Opus final pa23/plan.md Work log item 2 and Loop 56/61 notes identify member-template body relinking, class/member out-of-class definitions, and source-order overload pairing.	Opus initial PA23 failure seeded from analysis/pa23-initial-failures: generated LowIR failed sanity validation: function @N__Holder_int___run block ^entry call @N__Holder_int___make__t1 expects exactly 1 argument(s), got 4	pa21	missing-earlier-feature	analysis/reducers/pa21-out-of-class-member-template-namespace-typedef.t	pa21/tests/general/300-out-of-class-member-template-namespace-typedef.t	test-added	PA21 out-of-class member-template definition reducer preserving namespace typedef owner lookup; g++ C++11 valid; current/reference compare clean; Opus start 1963d796e rejects, Opus 768c32e9f compares clean; focused PA21 check, placement audit, and PA21 report passed.
pa23/tests/general/200-overload-set-address-nondeduced-bad.t	pa23/tests/general	200	fail	fail	both_fail	tool exit status mismatch (expected EXIT_FAILURE, got EXIT_SUCCESS)	tool exit status mismatch (expected EXIT_FAILURE, got EXIT_SUCCESS)	function-template-deduction-partial-ordering-and-nondeduced-contexts	b5b48aea5 explicit template args authoritative; 58f5ccfeb synthesize NTTPs in function-template partial ordering; e486d6544 overload-set address non-deduced; 2b66548a5 qualified-id nested-name non-deduced; 8063e3edd trailing-pack deduction excludes defaults	Opus final pa23/plan.md loop notes identify full function-template deduction, partial ordering, explicit args, overload-set address deduction, and non-deduced contexts.	Opus initial PA23 failure seeded from analysis/pa23-initial-failures: tool exit status mismatch (expected EXIT_FAILURE, got EXIT_SUCCESS)	pa22	feature-interaction-earliest-owner	pa22/tests/spec/200-overload-set-address-nondeduced-bad.t	pa22/tests/spec/200-overload-set-address-nondeduced-bad.t	test-added	seed=both_fail; negative function-address reducer was incorrectly accepted at Opus PA23 start 1963d796e and correctly rejected at e486d6544; focused PA22 check passed; PA22 report passed 68/68.
pa23/tests/general/200-pack-not-at-end-nondeduced-bad.t	pa23/tests/general	200	pass	fail	trusted_only		tool exit status mismatch (expected EXIT_FAILURE, got EXIT_SUCCESS)	pack-expansion-deduction-and-instantiation-composition	5d099bdf6 general pack-expansion template args; 569e97b48 nested pack expansion in partial-spec arg; 694ae370e co-varying type pack call expansion; c6e155e08 function-type pack args; b449e7c8c nested template-id function parameter pack; 0e6333441 bind pack-expanded args to non-pack params	Opus final pa23/plan.md Work log items 6/8/11 and Loop 57/60 notes identify pack expansion through partial specs, calls, aliases, and function types.	Opus initial PA23 baseline passed this row (trusted_only seed); no Opus fixing transition, classification from test content plus Trusted seeded failure: tool exit status mismatch (expected EXIT_FAILURE, got EXIT_SUCCESS)	pa22	no-missing-opus-feature	pa23/tests/general/200-pack-not-at-end-nondeduced-bad.t		no-action	Negative PA23 source is invalid C++11 as intended; g++/current/reference reject it, and Opus start 1963d796e already rejects with matching expected failure, so no earlier backfill is needed.
pa23/tests/general/200-partial-specialization-reference-cv-nontype.t	pa23/tests/general	200	fail	pass	opus_only	tool exit status mismatch (expected EXIT_SUCCESS, got EXIT_FAILURE)		class-partial-specialization-matching-ordering-with-dependent-args	72e996289 non-deduced-context partial specialization; 15a2e9c8d cv/trailing-pack matching and ordering; 7fcd5c92a defaulted trailing partial-spec args; a3c294645 function-type trailing pack; b444d928a array-bound class partial specialization; 8e4c41d4 nested NTTP deduction	Opus final plan Work log items 3/4/7/11/12 document partial-specialization matching, ordering, non-deduced contexts, function types, packs, defaults, and NTTPs.	Opus initial PA23 failure seeded from analysis/pa23-initial-failures: tool exit status mismatch (expected EXIT_SUCCESS, got EXIT_FAILURE)	pa21	feature-interaction-earliest-owner	pa21/tests/general/400-partial-specialization-fixed-nontype-cv-ref.t	pa21/tests/general/400-partial-specialization-fixed-nontype-cv-ref.t	test-added	seed=opus_only; PA21 README: template entity/specialization model, alias/variable/member templates, TTPs, partial specialization, explicit-instantiation ownership; no assignment tests or refs added in this audit pass; Backfilled in PA21; reducer validation: g++ C++11 accepted, Opus start 1963d796e rejects; 15a2e9c8d accepts; LowIR refs generated with external reference binary using --emit-lowir -O0; focused PA21 check passed; no witness sidecar added pending clang witness oracle
pa23/tests/general/200-repeated-argument-partial-specialization-ordering.t	pa23/tests/general	200	fail	fail	both_fail	tool exit status mismatch (expected EXIT_SUCCESS, got EXIT_FAILURE)	tool exit status mismatch (expected EXIT_SUCCESS, got EXIT_FAILURE)	class-partial-specialization-selection	15a2e9c8d cv-qualifier-correct partial specialization and partial ordering; 33a806b05 TTP partial ordering	Opus final plan Work log item 4 names deterministic partial-specialization selection and ordering as a fixed root cause.	Opus initial PA23 failure seeded from analysis/pa23-initial-failures: tool exit status mismatch (expected EXIT_SUCCESS, got EXIT_FAILURE)	pa21	missing-earlier-feature	analysis/reducers/pa21-repeated-argument-partial-specialization-ordering.t	pa21/tests/general/400-repeated-argument-partial-specialization-ordering.t	test-added	seed=both_fail; PA21 repeated-argument partial-specialization ordering backfill; C++11 valid; current/reference LowIR match; Opus start 1963d796e rejects with expected integral constant expression and Opus 15a2e9c8d accepts; external refs generated; focused PA21 check and placement audit passed
pa23/tests/general/200-template-template-qualified-default-arg-deduction.t	pa23/tests/general	200	fail	fail	both_fail	generated LowIR does not match reference after relaxed metadata canonicalization and order canonicalization; canonical diff written to tests/general/200-template-template-qualified-default-arg-deduction.my.lowir.compare.diff	tool exit status mismatch (expected EXIT_SUCCESS, got EXIT_FAILURE)	template-template-parameter-deduction-and-alias-forwarding	07373f00d TTP deduction in partial specializations; 4bc0c87fe alias-expanded TTP args; 54e85f719 TTP SFINAE binding; 670045ef2 member template as TTP arg; 1434a6e11 synthetic __ttdeduce args	Opus final plan Work log and Loop 57/60 notes cover template-template deduction through aliases, member templates, defaults, and nested >=2-arg cases.	Opus initial PA23 failure seeded from analysis/pa23-initial-failures: generated LowIR does not match reference after relaxed metadata canonicalization and order canonicalization; canonical diff written to tests/general/200-template-template-qualified-default-arg-deduction.my.lowir.compare.diff	pa18	harness-or-reference-issue	analysis/reducers/pa18-template-template-qualified-default-arg-deduction.t		no-action	seed=both_fail; reducer is C++11-valid and current accepts it, but external reference rejects the qualified-default TTP constructor template as not viable; recorded in analysis/reference-reducer-failures.md as reference-compiler-bug.
pa23/tests/general/200-variable-template-named-template-id-deduction.t	pa23/tests/general	200	fail	fail	both_fail	tool exit status mismatch (expected EXIT_SUCCESS, got EXIT_FAILURE)	tool exit status mismatch (expected EXIT_SUCCESS, got EXIT_FAILURE)	variable-template-specialization-and-dependent-value-use	8e4c41d4 pa23: non-type deduction in nested template-id partial-spec patterns	Opus final plan Work log and Fix 14 discuss variable/static value members and materialization when dependent template values are named.	Opus initial PA23 failure seeded from analysis/pa23-initial-failures: tool exit status mismatch (expected EXIT_SUCCESS, got EXIT_FAILURE)	pa21	feature-interaction-earliest-owner	pa21/tests/spec/300-variable-template-nested-nontype-specialization.t	pa21/tests/spec/300-variable-template-nested-nontype-specialization.t	test-added	seed=both_fail; PA21 README: template entity/specialization model, alias/variable/member templates, TTPs, partial specialization, explicit-instantiation ownership; no assignment tests or refs added in this audit pass; reducer validation: /tmp reducer failed static_assert at Opus start 1963d796e, still failed at f25fda1d2, and passed at exact Opus fix 8e4c41d4; LowIR and witness refs generated with /home/vishvananda/work/phases/reference-binaries/cppgm++
pa23/tests/general/200-void-head-pack-partial-specialization-ordering.t	pa23/tests/general	200	fail	fail	both_fail	tool exit status mismatch (expected EXIT_SUCCESS, got EXIT_FAILURE)	tool exit status mismatch (expected EXIT_SUCCESS, got EXIT_FAILURE)	class-partial-specialization-matching-ordering-with-dependent-args	72e996289 non-deduced-context partial specialization; 15a2e9c8d cv/trailing-pack matching and ordering; 7fcd5c92a defaulted trailing partial-spec args; a3c294645 function-type trailing pack; b444d928a array-bound class partial specialization; 8e4c41d4 nested NTTP deduction	Opus final plan Work log items 3/4/7/11/12 document partial-specialization matching, ordering, non-deduced contexts, function types, packs, defaults, and NTTPs.	Opus initial PA23 failure seeded from analysis/pa23-initial-failures: tool exit status mismatch (expected EXIT_SUCCESS, got EXIT_FAILURE)	pa21	feature-interaction-earliest-owner	pa21/tests/general/400-void-head-pack-partial-specialization-ordering.t	pa21/tests/general/400-void-head-pack-partial-specialization-ordering.t	test-added	seed=both_fail; PA21 README: template entity/specialization model, alias/variable/member templates, TTPs, partial specialization, explicit-instantiation ownership; no assignment tests or refs added in this audit pass; Backfilled in PA21; reducer validation: g++ C++11 accepted, Opus start 1963d796e rejects; a3c294645 accepts; LowIR refs generated with external reference binary using --emit-lowir -O0; focused PA21 check passed; no witness sidecar added pending clang witness oracle
pa23/tests/general/300-alias-sfinae-inherited-member-value.t	pa23/tests/general	300	fail	fail	both_fail	generated LowIR does not match reference after relaxed metadata canonicalization and order canonicalization; canonical diff written to tests/general/300-alias-sfinae-inherited-member-value.my.lowir.compare.diff	tool exit status mismatch (expected EXIT_SUCCESS, got EXIT_FAILURE)	sfinae-substitution-with-alias-member-pack-and-detector-idioms	1a232426b fixes alias SFINAE inherited member value reducer, but reference output is incompatible	Opus final pa23/plan.md Fix 24-25d documents defaulted-NTTP SFINAE guards, alias guard folding, member-template guard dropping, detector idioms, and overload relinking.	Opus start 1963d796e exits 0 but emits LowIR selecting the wrong constructor shape; 1a232426b and later sampled commits emit the converting constructor selected through the alias SFINAE condition.	pa22	harness-or-reference-issue	analysis/reducers/pa22-alias-sfinae-inherited-member-value.t		no-action	seed=both_fail; skipped after validation because external reference LowIR includes extra EH runtime declarations not emitted by current PA22; recorded in analysis/reference-reducer-failures.md.
pa23/tests/general/300-array-qualified-member-type-sfinae.t	pa23/tests/general	300	pass	fail	trusted_only		tool exit status mismatch (expected EXIT_SUCCESS, got EXIT_FAILURE)	sfinae-substitution-candidate-dropping	53a5589b7 SFINAE-drop defaulted NTTP type failure; da9a5cdc4 fully concrete defaulted-NTTP guard failure; e486d6544 overload-set address non-deduced	Opus plan loop notes identify SFINAE candidate dropping and defaulted non-type parameter guards as PA22-owned deduction/substitution behavior.	Opus initial PA23 baseline passed this row (trusted_only seed); no Opus fixing transition, classification from test content plus Trusted seeded failure: tool exit status mismatch (expected EXIT_SUCCESS, got EXIT_FAILURE)	pa22	implementation-bug-only			no-action	seed=trusted_only; Opus PA23 start 1963d796e already emitted semantically matching LowIR for the array-qualified member-type SFINAE case; observed drift was only binding/object metadata, so no earlier reducer was added.
pa23/tests/general/300-bad-constructor-template-parameter-shadowing-target-aware.t	pa23/tests/general	300	fail	fail	both_fail	tool exit status mismatch (expected EXIT_FAILURE, got EXIT_SUCCESS)	tool exit status mismatch (expected EXIT_FAILURE, got EXIT_SUCCESS)	member-template-entity-and-call-integration	42beb854b member template definition relink; 7571a0d7b using-declaration imports member template overloads; 670045ef2 member template as TTP arg; 24db2e7ce using-imported member-template this adjustment	Opus plan loop notes cover member-template lookup/call/import behavior across class scopes and template argument forms.	Opus initial PA23 failure seeded from analysis/pa23-initial-failures: tool exit status mismatch (expected EXIT_FAILURE, got EXIT_SUCCESS)	pa22	missing-earlier-feature	analysis/reducers/pa22-bad-constructor-template-parameter-shadowing-target-aware.t	pa22/tests/general/400-bad-constructor-template-parameter-shadowing-target-aware.t	test-added	PA22 negative constructor-template SFINAE guard reducer; intentionally invalid C++11/no viable constructor; Opus start 1963d796e wrongly accepts, Opus 768c32e9f/current/reference reject; focused PA22 check passed; placement audit requires pa22:400 due the pointer/reference-dependent NTTP guard.
pa23/tests/general/300-constructor-template-const-ref-enable-if-conversion.t	pa23/tests/general	300	pass	fail	trusted_only		generated LowIR does not match reference after relaxed metadata canonicalization and order canonicalization; canonical diff written to tests/general/300-constructor-template-const-ref-enable-if-conversion.my.lowir.compare.diff	sfinae-substitution-candidate-dropping	no Opus fixing transition; direct PA23 source already passes Opus PA23 start anchor	Opus plan loop notes identify SFINAE candidate dropping and defaulted non-type parameter guards as PA22-owned deduction/substitution behavior.	Opus initial PA23 baseline passed this row; rechecked direct source at 1963d796e and it exits 0, so it fails the required historical reducer gate.	pa22	implementation-bug-only			no-action	seed=trusted_only; skipped for Opus-backed backfill because the direct PA23 source already passes at Opus start 1963d796e; Trusted-only failure should be revisited only in a Trusted-specific audit.
pa23/tests/general/300-constructor-template-defaulted-forwarding-lvalue-order.t	pa23/tests/general	300	fail	fail	both_fail	tool exit status mismatch (expected EXIT_SUCCESS, got EXIT_FAILURE)	tool exit status mismatch (expected EXIT_SUCCESS, got EXIT_FAILURE)	constructor-and-conversion-template-deduction-overload-selection	12a043a36 converting ctor-template reference binding; 06faea325 prefer rvalue ctor template; a6c373488 ICS ctor selection; 8282e47cf by-value converting ctor template; 6e909ebd5 conversion-function-template copy-init; f8660aa27 assignment via conversion operator	Opus final plan Loop 55/56 and Work log item 11 describe constructor/conversion-template deduction, overload ranking, copy-init, and assignment conversion composition.	Opus initial PA23 failure seeded from analysis/pa23-initial-failures: tool exit status mismatch (expected EXIT_SUCCESS, got EXIT_FAILURE)	pa22	harness-or-reference-issue	analysis/reducers/pa22-constructor-template-defaulted-forwarding-lvalue-order.t		no-action	seed=both_fail; reducer is C++11-valid and current accepts it, but external reference rejects as ambiguous between const-ref and defaulted forwarding constructor templates; recorded in analysis/reference-reducer-failures.md as reference-compiler-bug.
pa23/tests/general/300-constructor-template-pack-before-defaulted-nontype.t	pa23/tests/general	300	fail	fail	both_fail	tool exit status mismatch (expected EXIT_SUCCESS, got EXIT_FAILURE)	tool exit status mismatch (expected EXIT_SUCCESS, got EXIT_FAILURE)	constructor-and-conversion-template-deduction-overload-selection	12a043a36 converting ctor-template reference binding; 06faea325 prefer rvalue ctor template; a6c373488 ICS ctor selection; 8282e47cf by-value converting ctor template; 6e909ebd5 conversion-function-template copy-init; f8660aa27 assignment via conversion operator	Opus final plan Loop 55/56 and Work log item 11 describe constructor/conversion-template deduction, overload ranking, copy-init, and assignment conversion composition.	Opus initial PA23 failure seeded from analysis/pa23-initial-failures: tool exit status mismatch (expected EXIT_SUCCESS, got EXIT_FAILURE)	pa22	harness-or-reference-issue	analysis/reducers/pa22-constructor-template-pack-before-defaulted-nontype.t		no-action	seed=both_fail; reducer is C++11-valid and current accepts it, but external reference rejects with no viable tuple_like constructor after losing the defaulted non-type pointer parameter shape; recorded in analysis/reference-reducer-failures.md as reference-compiler-bug.
pa23/tests/general/300-current-specialization-constructor-template-canonical-owner.t	pa23/tests/general	300	fail	fail	both_fail	generated LowIR failed sanity validation: function @duration_like_int___cast__t2 block ^entry load uses undefined slot $this	tool exit status mismatch (expected EXIT_SUCCESS, got EXIT_FAILURE)	member-template-ownership-and-out-of-class-definition-replay	42beb854b link out-of-class member function template definitions; e8325194b out-of-class constructor templates; fd6f3e485 member class template definitions; a6212a3e1 parameter labels; 768c32e9f overload pairing	Opus final pa23/plan.md Work log item 2 and Loop 56/61 notes identify member-template body relinking, class/member out-of-class definitions, and source-order overload pairing.	Opus initial PA23 failure seeded from analysis/pa23-initial-failures: generated LowIR failed sanity validation: function @duration_like_int___cast__t2 block ^entry load uses undefined slot $this	pa22	missing-earlier-feature	analysis/reducers/pa22-current-specialization-constructor-template-canonical-owner.t	pa22/tests/spec/300-current-specialization-constructor-template-canonical-owner.t	test-added	PA22 constructor-template current-specialization canonical-owner reducer; g++ C++11 valid; current/reference compare clean; Opus start 1963d796e mismatches, Opus e8325194b compares clean; focused PA22 check, placement audit, and PA22 report passed.
pa23/tests/general/300-defaulted-enable-if-overload-drop.t	pa23/tests/general	300	fail	pass	opus_only	tool exit status mismatch (expected EXIT_SUCCESS, got EXIT_FAILURE)		sfinae-substitution-candidate-dropping	53a5589b7 SFINAE-drop defaulted NTTP type failure; da9a5cdc4 fully concrete defaulted-NTTP guard failure; e486d6544 overload-set address non-deduced	Opus plan loop notes identify SFINAE candidate dropping and defaulted non-type parameter guards as PA22-owned deduction/substitution behavior.	Opus initial PA23 failure seeded from analysis/pa23-initial-failures: tool exit status mismatch (expected EXIT_SUCCESS, got EXIT_FAILURE)	pa22	missing-earlier-feature	pa22/tests/general/300-defaulted-enable-if-overload-drop.t	pa22/tests/general/300-defaulted-enable-if-overload-drop.t	test-added	seed=opus_only; reducer failed at Opus PA23 start 1963d796e with ambiguous call and passed at 53a5589b7; focused PA22 check and witness compare passed; PA22 placement audit passed with --fail-on-early; PA22 report passed 71/71.
pa23/tests/general/300-defaulted-enable-if-template-parameter-selection.t	pa23/tests/general	300	fail	fail	both_fail	tool exit status mismatch (expected EXIT_SUCCESS, got EXIT_FAILURE)	tool exit status mismatch (expected EXIT_SUCCESS, got EXIT_FAILURE)	sfinae-substitution-candidate-dropping	53a5589b7 SFINAE-drop defaulted NTTP type failure; da9a5cdc4 fully concrete defaulted-NTTP guard failure; e486d6544 overload-set address non-deduced	Opus plan loop notes identify SFINAE candidate dropping and defaulted non-type parameter guards as PA22-owned deduction/substitution behavior.	Opus initial PA23 failure seeded from analysis/pa23-initial-failures: tool exit status mismatch (expected EXIT_SUCCESS, got EXIT_FAILURE)	pa22	missing-earlier-feature	pa22/tests/general/300-defaulted-enable-if-template-parameter-selection.t	pa22/tests/general/300-defaulted-enable-if-template-parameter-selection.t	test-added	seed=both_fail; reduced free-function selector failed at Opus PA23 start 1963d796e and passed at 53a5589b7; original static-member shape also passed after 53a5589b7 but was ref-unstable due extra EH runtime declarations, so the PA22 reducer keeps the same defaulted enable_if non-type-parameter selection without that output drift; focused PA22 check and witness compare passed; PA22 placement audit passed with --fail-on-early; PA22 report passed 71/71.
pa23/tests/general/300-dependent-adl-hidden-friend-before-later-value.t	pa23/tests/general	300	fail	fail	both_fail	tool exit status mismatch (expected EXIT_SUCCESS, got EXIT_FAILURE)	tool exit status mismatch (expected EXIT_SUCCESS, got EXIT_FAILURE)	integral-nontype-template-arguments-and-constant-values	8e4c41d4 non-type deduction in nested template-id partial-spec patterns; 8bafc1c42 static value member materialization	Opus final plan ties integral NTTP values and static value members to PA19 metaprogramming and later PA22 deduction.	Opus initial PA23 failure seeded from analysis/pa23-initial-failures: tool exit status mismatch (expected EXIT_SUCCESS, got EXIT_FAILURE)	pa22	missing-earlier-feature	analysis/reducers/pa22-dependent-adl-hidden-friend-before-later-value.t	pa22/tests/general/300-dependent-adl-hidden-friend-before-later-value.t	test-added	PA22 hidden-friend ADL expression-SFINAE reducer; g++ C++11 valid; Opus start 1963d796e rejects and Opus 8bafc1c42 accepts; local canonical dev/cppgm++ accepts and generated refs; focused PA22 checks, direct LowIR checks, and placement audit passed. Focused PA22/PA23 report passed.
pa23/tests/general/300-dependent-alias-helper-partial-specialization.t	pa23/tests/general	300	fail	pass	opus_only	tool exit status mismatch (expected EXIT_SUCCESS, got EXIT_FAILURE)		class-partial-specialization-matching-ordering-with-dependent-args	72e996289 non-deduced-context partial specialization; 15a2e9c8d cv/trailing-pack matching and ordering; 7fcd5c92a defaulted trailing partial-spec args; a3c294645 function-type trailing pack; b444d928a array-bound class partial specialization; 8e4c41d4 nested NTTP deduction	Opus final plan Work log items 3/4/7/11/12 document partial-specialization matching, ordering, non-deduced contexts, function types, packs, defaults, and NTTPs.	Opus initial PA23 failure seeded from analysis/pa23-initial-failures: tool exit status mismatch (expected EXIT_SUCCESS, got EXIT_FAILURE)	pa21	feature-interaction-earliest-owner	pa21/tests/general/400-dependent-alias-helper-partial-specialization.t	pa21/tests/general/400-dependent-alias-helper-partial-specialization.t	test-added	seed=opus_only; PA21 README: template entity/specialization model, alias/variable/member templates, TTPs, partial specialization, explicit-instantiation ownership; no assignment tests or refs added in this audit pass; Backfilled in PA21; reducer validation: g++ C++11 accepted, Opus start 1963d796e rejects; 743b7a920 accepts; LowIR refs generated with external reference binary using --emit-lowir -O0; focused PA21 check passed; no witness sidecar added pending clang witness oracle
pa23/tests/general/300-dependent-bool-base-trait-type-argument.t	pa23/tests/general	300	fail	fail	both_fail	tool exit status mismatch (expected EXIT_SUCCESS, got EXIT_FAILURE)	tool exit status mismatch (expected EXIT_SUCCESS, got EXIT_FAILURE)	integral-nontype-template-arguments-and-constant-values	8e4c41d4 non-type deduction in nested template-id partial-spec patterns; 8bafc1c42 static value member materialization	Opus final plan ties integral NTTP values and static value members to PA19 metaprogramming and later PA22 deduction.	Opus initial PA23 failure seeded from analysis/pa23-initial-failures: tool exit status mismatch (expected EXIT_SUCCESS, got EXIT_FAILURE)	pa19	missing-earlier-feature	analysis/reducers/pa19-dependent-bool-trait-nontype-argument.t	pa19/tests/general/100-dependent-bool-trait-nontype-argument.t	test-added	seed=both_fail; reducer is C++11-valid; current and external reference LowIR match; Opus PA23 start 1963d796e rejects dependent B::value as a type-name/typename issue; Opus commit 8e4c41d4 accepts; focused PA19 check passed; PA19 placement audit passed with --fail-on-early.
pa23/tests/general/300-dependent-detected-or-instantiation-scope.t	pa23/tests/general	300	fail	fail	both_fail	tool exit status mismatch (expected EXIT_SUCCESS, got EXIT_FAILURE)	tool exit status mismatch (expected EXIT_SUCCESS, got EXIT_FAILURE)	sfinae-substitution-with-alias-member-pack-and-detector-idioms	1a232426b fixes detected_or nested instantiation-scope reducer	Opus final pa23/plan.md Fix 24-25d documents defaulted-NTTP SFINAE guards, alias guard folding, member-template guard dropping, detector idioms, and overload relinking.	Opus start 1963d796e rejects the reducer with unknown detector<Default,void,Op,Args...>::type; 1a232426b and later sampled commits accept.	pa22	feature-interaction-earliest-owner	analysis/reducers/pa22-dependent-detected-or-instantiation-scope.t	pa22/tests/general/300-dependent-detected-or-instantiation-scope.t	test-added	seed=both_fail; added PA22 detected_or instantiation-scope reducer with external refs and witness refs; focused check and witness compare passed; placement audit pa22 --fail-on-early passed; PA22 report passed 90/90.
pa23/tests/general/300-dependent-detected-or-missing-member-enable-if-call.t	pa23/tests/general	300	pass	fail	trusted_only		tool exit status mismatch (expected EXIT_SUCCESS, got EXIT_FAILURE)	sfinae-substitution-with-alias-member-pack-and-detector-idioms	no Opus fixing transition; direct PA23 source already passes Opus PA23 start anchor	Opus final pa23/plan.md Fix 24-25d documents defaulted-NTTP SFINAE guards, alias guard folding, member-template guard dropping, detector idioms, and overload relinking.	Opus initial PA23 baseline passed this row; rechecked direct source at 1963d796e and it exits 0, so it fails the required historical reducer gate.	pa22	implementation-bug-only			no-action	seed=trusted_only; skipped for Opus-backed backfill because the direct PA23 source already passes at Opus start 1963d796e; Trusted-only failure should be revisited only in a Trusted-specific audit.
pa23/tests/general/300-dependent-detected-or-missing-member-enable-if.t	pa23/tests/general	300	pass	fail	trusted_only		tool exit status mismatch (expected EXIT_SUCCESS, got EXIT_FAILURE)	sfinae-substitution-with-alias-member-pack-and-detector-idioms	no Opus fixing transition; direct PA23 source already passes Opus PA23 start anchor	Opus final pa23/plan.md Fix 24-25d documents defaulted-NTTP SFINAE guards, alias guard folding, member-template guard dropping, detector idioms, and overload relinking.	Opus initial PA23 baseline passed this row; rechecked direct source at 1963d796e and it exits 0, so it fails the required historical reducer gate.	pa22	implementation-bug-only			no-action	seed=trusted_only; skipped for Opus-backed backfill because the direct PA23 source already passes at Opus start 1963d796e; Trusted-only failure should be revisited only in a Trusted-specific audit.
pa23/tests/general/300-dependent-enable-if-nontype-candidate-drop.t	pa23/tests/general	300	fail	fail	both_fail	generated LowIR does not match reference after relaxed metadata canonicalization and order canonicalization; canonical diff written to tests/general/300-dependent-enable-if-nontype-candidate-drop.my.lowir.compare.diff	generated LowIR does not match reference after relaxed metadata canonicalization and order canonicalization; canonical diff written to tests/general/300-dependent-enable-if-nontype-candidate-drop.my.lowir.compare.diff	sfinae-substitution-with-alias-member-pack-and-detector-idioms	1a232426b fixes dependent enable_if variable-template NTTP candidate dropping	Opus final pa23/plan.md Fix 24-25d documents defaulted-NTTP SFINAE guards, alias guard folding, member-template guard dropping, detector idioms, and overload relinking.	Opus start 1963d796e exits 0 but emits LowIR calling the SFINAE'd pick__ov2 template candidate; 1a232426b and later sampled commits call the fallback pick overload.	pa22	feature-interaction-earliest-owner	analysis/reducers/pa22-dependent-enable-if-nontype-candidate-drop.t	pa22/tests/general/300-dependent-enable-if-nontype-candidate-drop.t	test-added	seed=both_fail; added PA22 dependent enable_if NTTP candidate-drop reducer with external refs and witness refs; focused check and witness compare passed; placement audit pa22 --fail-on-early passed; PA22 report passed 86/86.
pa23/tests/general/300-dependent-enable-if-return-less-equal.t	pa23/tests/general	300	fail	pass	opus_only	tool exit status mismatch (expected EXIT_SUCCESS, got EXIT_FAILURE)		sfinae-substitution-with-alias-member-pack-and-detector-idioms	1a232426b fixes dependent enable_if return type with qualified traits and <= expression	Opus final pa23/plan.md Fix 24-25d documents defaulted-NTTP SFINAE guards, alias guard folding, member-template guard dropping, detector idioms, and overload relinking.	Opus start 1963d796e rejects the reducer with undeclared hash_range; 1a232426b and later sampled commits accept.	pa22	feature-interaction-earliest-owner	analysis/reducers/pa22-dependent-enable-if-return-less-equal.t	pa22/tests/general/300-dependent-enable-if-return-less-equal.t	test-added	seed=opus_only; added PA22 dependent enable_if return-type less-equal reducer with external refs and witness refs; focused check and witness compare passed; placement audit pa22 --fail-on-early passed; PA22 report passed 89/89.
pa23/tests/general/300-dependent-enable-if-return-sizeof-less.t	pa23/tests/general	300	fail	fail	both_fail	tool exit status mismatch (expected EXIT_SUCCESS, got EXIT_FAILURE)	tool exit status mismatch (expected EXIT_SUCCESS, got EXIT_FAILURE)	sfinae-substitution-with-alias-member-pack-and-detector-idioms	1a232426b fixes dependent enable_if return type with relational sizeof expression	Opus final pa23/plan.md Fix 24-25d documents defaulted-NTTP SFINAE guards, alias guard folding, member-template guard dropping, detector idioms, and overload relinking.	Opus start 1963d796e rejects the reducer with undeclared narrow; 1a232426b and later sampled commits accept and emit the narrow call.	pa22	feature-interaction-earliest-owner	analysis/reducers/pa22-dependent-enable-if-return-sizeof-less.t	pa22/tests/general/300-dependent-enable-if-return-sizeof-less.t	test-added	seed=both_fail; added PA22 dependent enable_if return-type sizeof-less reducer with external refs and witness refs; focused check and witness compare passed; placement audit pa22 --fail-on-early passed; PA22 report passed 86/86.
pa23/tests/general/300-dependent-negated-enable-if-nontype-parameter.t	pa23/tests/general	300	pass	fail	trusted_only		generated LowIR does not match reference after relaxed metadata canonicalization and order canonicalization; canonical diff written to tests/general/300-dependent-negated-enable-if-nontype-parameter.my.lowir.compare.diff	sfinae-substitution-with-alias-member-pack-and-detector-idioms	no Opus fixing transition; direct PA23 source already passes Opus PA23 start anchor	Opus final pa23/plan.md Fix 24-25d documents defaulted-NTTP SFINAE guards, alias guard folding, member-template guard dropping, detector idioms, and overload relinking.	Opus initial PA23 baseline passed this row; rechecked direct source at 1963d796e and it exits 0, so it fails the required historical reducer gate.	pa22	implementation-bug-only			no-action	seed=trusted_only; skipped for Opus-backed backfill because the direct PA23 source already passes at Opus start 1963d796e; Trusted-only failure should be revisited only in a Trusted-specific audit.
pa23/tests/general/300-dependent-variable-template-empty-pack-enable-if-selection.t	pa23/tests/general	300	pass	fail	trusted_only		generated LowIR does not match reference after relaxed metadata canonicalization and order canonicalization; canonical diff written to tests/general/300-dependent-variable-template-empty-pack-enable-if-selection.my.lowir.compare.diff	sfinae-substitution-with-alias-member-pack-and-detector-idioms	no Opus fixing transition; direct PA23 source already passes Opus PA23 start anchor	Opus final pa23/plan.md Fix 24-25d documents defaulted-NTTP SFINAE guards, alias guard folding, member-template guard dropping, detector idioms, and overload relinking.	Opus initial PA23 baseline passed this row; rechecked direct source at 1963d796e and it exits 0, so it fails the required historical reducer gate.	pa22	implementation-bug-only			no-action	seed=trusted_only; skipped for Opus-backed backfill because the direct PA23 source already passes at Opus start 1963d796e; Trusted-only failure should be revisited only in a Trusted-specific audit.
pa23/tests/general/300-detected-or-alias-template-argument.t	pa23/tests/general	300	fail	fail	both_fail	tool exit status mismatch (expected EXIT_SUCCESS, got EXIT_FAILURE)	tool exit status mismatch (expected EXIT_SUCCESS, got EXIT_FAILURE)	sfinae-substitution-with-alias-member-pack-and-detector-idioms	1a232426b fixes detector idiom using alias-template operation argument	Opus final pa23/plan.md Fix 24-25d documents defaulted-NTTP SFINAE guards, alias guard folding, member-template guard dropping, detector idioms, and overload relinking.	Opus start 1963d796e rejects the reducer with unknown detector<Default,void,Op,Args...>::type; 1a232426b and later sampled commits accept.	pa22	feature-interaction-earliest-owner	analysis/reducers/pa22-detected-or-alias-template-argument.t	pa22/tests/general/300-detected-or-alias-template-argument.t	test-added	seed=both_fail; added PA22 detected_or alias-template argument reducer with external refs and witness refs; focused check and witness compare passed; placement audit pa22 --fail-on-early passed; PA22 report passed 86/86.
pa23/tests/general/300-detected-or-dependent-type-argument-default-enable-if.t	pa23/tests/general	300	pass	fail	trusted_only		tool exit status mismatch (expected EXIT_SUCCESS, got EXIT_FAILURE)	sfinae-substitution-with-alias-member-pack-and-detector-idioms	no Opus fixing transition; direct PA23 source already passes Opus PA23 start anchor	Opus final pa23/plan.md Fix 24-25d documents defaulted-NTTP SFINAE guards, alias guard folding, member-template guard dropping, detector idioms, and overload relinking.	Opus initial PA23 baseline passed this row; rechecked direct source at 1963d796e and it exits 0, so it fails the required historical reducer gate.	pa22	implementation-bug-only			no-action	seed=trusted_only; skipped for Opus-backed backfill because the direct PA23 source already passes at Opus start 1963d796e; Trusted-only failure should be revisited only in a Trusted-specific audit.
pa23/tests/general/300-detected-or-sfinae-fallback.t	pa23/tests/general	300	fail	fail	both_fail	tool exit status mismatch (expected EXIT_SUCCESS, got EXIT_FAILURE)	tool exit status mismatch (expected EXIT_SUCCESS, got EXIT_FAILURE)	sfinae-substitution-candidate-dropping	a6723df7a detector/void_t SFINAE fallback passes reduced detected_or_t case; 53a5589b7 also passes	Opus plan loop notes identify SFINAE candidate dropping and defaulted non-type parameter guards as PA22-owned deduction/substitution behavior.	Opus start 1963d796e fails the PA22 detected_or_t reducer with unknown detector<Default,void,Op,Args...>::type; a6723df7a and 53a5589b7 both pass.	pa22	missing-earlier-feature	analysis/reducers/pa22-detected-or-sfinae-fallback.t	pa22/tests/spec/300-detected-or-sfinae-fallback.t	test-added	seed=both_fail; added PA22 detector fallback reducer with external refs and witness refs; focused check and witness compare passed; placement audit pa22 --fail-on-early passed; PA22 report passed 75/75.
pa23/tests/general/300-empty-pack-enable-if-selection.t	pa23/tests/general	300	pass	fail	trusted_only		generated LowIR does not match reference after relaxed metadata canonicalization and order canonicalization; canonical diff written to tests/general/300-empty-pack-enable-if-selection.my.lowir.compare.diff	sfinae-substitution-with-alias-member-pack-and-detector-idioms	no Opus fixing transition; direct PA23 source already passes Opus PA23 start anchor	Opus final pa23/plan.md Fix 24-25d documents defaulted-NTTP SFINAE guards, alias guard folding, member-template guard dropping, detector idioms, and overload relinking.	Opus initial PA23 baseline passed this row; rechecked direct source at 1963d796e and it exits 0, so it fails the required historical reducer gate.	pa22	implementation-bug-only			no-action	seed=trusted_only; skipped for Opus-backed backfill because the direct PA23 source already passes at Opus start 1963d796e; Trusted-only failure should be revisited only in a Trusted-specific audit.
pa23/tests/general/300-explicit-function-template-pack-alias-sfinae.t	pa23/tests/general	300	fail	pass	opus_only	tool exit status mismatch (expected EXIT_SUCCESS, got EXIT_FAILURE)		sfinae-substitution-with-alias-member-pack-and-detector-idioms	1a232426b fixes explicit function-template pack alias SFINAE reducer	Opus final pa23/plan.md Fix 24-25d documents defaulted-NTTP SFINAE guards, alias guard folding, member-template guard dropping, detector idioms, and overload relinking.	Opus start 1963d796e rejects the reducer with unsupported decltype operand; 1a232426b and later sampled commits accept.	pa22	feature-interaction-earliest-owner	analysis/reducers/pa22-explicit-function-template-pack-alias-sfinae.t	pa22/tests/general/300-explicit-function-template-pack-alias-sfinae.t	test-added	seed=opus_only; added PA22 explicit function-template pack-alias SFINAE reducer with external refs and witness refs; focused check and witness compare passed; placement audit pa22 --fail-on-early passed; PA22 report passed 89/89.
pa23/tests/general/300-explicit-template-call-dependent-alias-sfinae-overload.t	pa23/tests/general	300	pass	fail	trusted_only		generated LowIR does not match reference after relaxed metadata canonicalization and order canonicalization; canonical diff written to tests/general/300-explicit-template-call-dependent-alias-sfinae-overload.my.lowir.compare.diff	sfinae-substitution-with-alias-member-pack-and-detector-idioms	no Opus fixing transition; direct PA23 source already passes Opus PA23 start anchor	Opus final pa23/plan.md Fix 24-25d documents defaulted-NTTP SFINAE guards, alias guard folding, member-template guard dropping, detector idioms, and overload relinking.	Opus initial PA23 baseline passed this row; rechecked direct source at 1963d796e and it exits 0, so it fails the required historical reducer gate.	pa22	implementation-bug-only			no-action	seed=trusted_only; skipped for Opus-backed backfill because the direct PA23 source already passes at Opus start 1963d796e; Trusted-only failure should be revisited only in a Trusted-specific audit.
pa23/tests/general/300-explicit-template-call-transitive-base-deduction.t	pa23/tests/general	300	fail	fail	both_fail	tool exit status mismatch (expected EXIT_SUCCESS, got EXIT_FAILURE)	tool exit status mismatch (expected EXIT_SUCCESS, got EXIT_FAILURE)	function-template-deduction-partial-ordering-and-nondeduced-contexts	b5b48aea5 explicit template args authoritative; 58f5ccfeb synthesize NTTPs in function-template partial ordering; e486d6544 overload-set address non-deduced; 2b66548a5 qualified-id nested-name non-deduced; 8063e3edd trailing-pack deduction excludes defaults	Opus final pa23/plan.md loop notes identify full function-template deduction, partial ordering, explicit args, overload-set address deduction, and non-deduced contexts.	Opus initial PA23 failure seeded from analysis/pa23-initial-failures: tool exit status mismatch (expected EXIT_SUCCESS, got EXIT_FAILURE)	pa22	harness-or-reference-issue	recursive reducer from pa23/tests/general/300-explicit-template-call-transitive-base-deduction.t; simple control in analysis/reducers/pa22-explicit-template-call-transitive-base-deduction-simple.t		no-action	seed=both_fail; PA23-shaped recursive-base reducer failed at Opus PA23 start 1963d796e and passed at fc8434823, but external reference output included extra EH runtime declarations that current PA22 LowIR did not emit, so the backfill failed current validation; simpler ref-stable transitive-base control already passed Opus start and did not prove the feature.
pa23/tests/general/300-function-assignment-invocable-and-helper.t	pa23/tests/general	300	fail	fail	both_fail	generated LowIR does not match reference after relaxed metadata canonicalization and order canonicalization; canonical diff written to tests/general/300-function-assignment-invocable-and-helper.my.lowir.compare.diff	generated LowIR does not match reference after relaxed metadata canonicalization and order canonicalization; canonical diff written to tests/general/300-function-assignment-invocable-and-helper.my.lowir.compare.diff	sfinae-substitution-candidate-dropping	53a5589b7 fixes invocable-helper SFINAE assignment LowIR shape; start compiled but assigned from default function object instead of local callable	Opus plan loop notes identify SFINAE candidate dropping and defaulted non-type parameter guards as PA22-owned deduction/substitution behavior.	Opus start 1963d796e exits 0 but emits LowIR assigning from a default-constructed function object via operator___ov2; 53a5589b7 emits local G construction and operator___t3, matching the reference/current shape.	pa22	feature-interaction-earliest-owner	analysis/reducers/pa22-function-assignment-invocable-and-helper.t	pa22/tests/general/400-function-assignment-invocable-and-helper.t	test-added	seed=both_fail; added PA22 invocable-helper assignment reducer with external refs and witness refs; initial 300 placement failed audit as template.nttp.pointer_member owned by pa22:400, moved to 400; focused check and witness compare passed; placement audit pa22 --fail-on-early passed; PA22 report passed 82/82.
pa23/tests/general/300-function-template-empty-pack-trailing-default.t	pa23/tests/general	300	fail	pass	opus_only	generated LowIR does not match reference after relaxed metadata canonicalization and order canonicalization; canonical diff written to tests/general/300-function-template-empty-pack-trailing-default.my.lowir.compare.diff		pack-expansion-deduction-and-instantiation-composition	5d099bdf6 general pack-expansion template args; 569e97b48 nested pack expansion in partial-spec arg; 694ae370e co-varying type pack call expansion; c6e155e08 function-type pack args; b449e7c8c nested template-id function parameter pack; 0e6333441 bind pack-expanded args to non-pack params	Opus final pa23/plan.md Work log items 6/8/11 and Loop 57/60 notes identify pack expansion through partial specs, calls, aliases, and function types.	Opus initial PA23 failure seeded from analysis/pa23-initial-failures: generated LowIR does not match reference after relaxed metadata canonicalization and order canonicalization; canonical diff written to tests/general/300-function-template-empty-pack-trailing-default.my.lowir.compare.diff	pa22	historical-validation-missing	pa23/tests/general/300-function-template-empty-pack-trailing-default.t		no-action	Exact source is g++ C++11 valid and both compilers accept, but current/reference and Opus 1434a6e11 fail the relaxed LowIR contract due extra reference EH declarations; logged in analysis/reference-reducer-failures.md. No PA22 test added.
pa23/tests/general/300-function-template-nested-alias-explicit-call.t	pa23/tests/general	300	fail	fail	both_fail	tool exit status mismatch (expected EXIT_SUCCESS, got EXIT_FAILURE)	generated LowIR does not match reference after relaxed metadata canonicalization and order canonicalization; canonical diff written to tests/general/300-function-template-nested-alias-explicit-call.my.lowir.compare.diff	alias-template-dependent-expansion-and-rebinding	72e996289 alias-template pack binding; 3bec27bf4 alias-template-id qualifier in value context; 45820ae4b default args in alias expansion; e32a4ae29 value-context alias defaults; 05bc9195a forwarding alias patterns; 743b7a920 dependent alias pack patterns	Opus final pa23/plan.md Work log item 3 and Loop 56/57 notes identify alias-template expansion, defaults, dependent qualifiers, and pack-preserving rebinding.	Opus initial PA23 failure seeded from analysis/pa23-initial-failures: tool exit status mismatch (expected EXIT_SUCCESS, got EXIT_FAILURE)	pa22	feature-interaction-earliest-owner	analysis/reducers/pa22-function-template-nested-alias-explicit-call.t	pa22/tests/general/300-function-template-nested-alias-explicit-call.t	test-added	seed=both_fail; added PA22 function-template nested-alias explicit-call reducer; Opus start 1963d796e rejected no matching function for call and Opus commit 743b7a920 accepted; external refs and witness refs generated; focused check and witness compare passed; placement audit pa22 --fail-on-early passed; PA22 report passed 102/102.
pa23/tests/general/300-hidden-friend-dependent-return-specialization-scope.t	pa23/tests/general	300	fail	pass	opus_only	tool exit status mismatch (expected EXIT_SUCCESS, got EXIT_FAILURE)		dependent-qualified-lookup-current-specialization-and-friend-scope	7020b769c dependent qualified name without typename; 3bec27bf4 alias-template-id qualifier in value context; 51026c3d2 injected-class-name functional cast; b921be822 substitute TTP in current-specialization type; 72025a570 NTTP from class-template-id arg + in-class labels; 997e77f27 qualified-member call most-vexing parse	Opus final pa23/plan.md Work log items 5/8/10 and Loop 56 notes cover dependent qualified lookup, current specialization, friend/member scope, and source owner preservation.	Opus initial PA23 failure seeded from analysis/pa23-initial-failures: tool exit status mismatch (expected EXIT_SUCCESS, got EXIT_FAILURE)	pa22	missing-earlier-feature	analysis/reducers/pa22-hidden-friend-dependent-return-specialization-scope.t	pa22/tests/general/300-hidden-friend-dependent-return-specialization-scope.t	test-added	PA22 hidden-friend ADL detector with dependent enable-if return across class-template specializations; g++ C++11 valid; Opus start 1963d796e rejects the PA23 row; local canonical dev/cppgm++ accepts and generated refs; focused PA22 checks, direct LowIR checks, and placement audit passed. Focused PA22/PA23 report passed.
pa23/tests/general/300-hidden-friend-sfinae-use-scope-shadowing.t	pa23/tests/general	300	fail	fail	both_fail	tool exit status mismatch (expected EXIT_SUCCESS, got EXIT_FAILURE)	tool exit status mismatch (expected EXIT_SUCCESS, got EXIT_FAILURE)	sfinae-substitution-candidate-dropping	a6723df7a makes the hidden-friend expression-SFINAE reducer pass in Opus, but external reference binary still rejects it	Opus plan loop notes identify SFINAE candidate dropping and defaulted non-type parameter guards as PA22-owned deduction/substitution behavior.	Opus start 1963d796e rejects the reducer with static_assert failed; a6723df7a and later Opus commits pass.	pa22	missing-earlier-feature	analysis/reducers/pa22-hidden-friend-sfinae-use-scope-shadowing.t	pa22/tests/general/300-hidden-friend-sfinae-use-scope-shadowing.t	test-added	PA22 hidden-friend expression-SFINAE use-scope shadowing reducer; g++ C++11 valid; Opus start 1963d796e rejects and Opus a6723df7a accepts; local canonical dev/cppgm++ accepts and generated refs; focused PA22 checks, direct LowIR checks, and placement audit passed. Focused PA22/PA23 report passed.
pa23/tests/general/300-incomplete-sizeof-partial-specialization-sfinae.t	pa23/tests/general	300	pass	fail	trusted_only		tool exit status mismatch (expected EXIT_SUCCESS, got EXIT_FAILURE)	sfinae-substitution-with-alias-member-pack-and-detector-idioms	no Opus fixing transition; direct PA23 source already passes Opus PA23 start anchor	Opus final pa23/plan.md Fix 24-25d documents defaulted-NTTP SFINAE guards, alias guard folding, member-template guard dropping, detector idioms, and overload relinking.	Opus initial PA23 baseline passed this row; rechecked direct source at 1963d796e and it exits 0, so it fails the required historical reducer gate.	pa22	implementation-bug-only			no-action	seed=trusted_only; skipped for Opus-backed backfill because the direct PA23 source already passes at Opus start 1963d796e; Trusted-only failure should be revisited only in a Trusted-specific audit.
pa23/tests/general/300-inherited-variable-template-enable-if-return.t	pa23/tests/general	300	fail	fail	both_fail	tool exit status mismatch (expected EXIT_SUCCESS, got EXIT_FAILURE)	tool exit status mismatch (expected EXIT_SUCCESS, got EXIT_FAILURE)	sfinae-substitution-with-alias-member-pack-and-detector-idioms	1a232426b fixes inherited variable-template enable_if return reducer, but external reference rejects it	Opus final pa23/plan.md Fix 24-25d documents defaulted-NTTP SFINAE guards, alias guard folding, member-template guard dropping, detector idioms, and overload relinking.	Opus start 1963d796e rejects the reducer with undeclared traits<Alloc>::construct; 1a232426b and later sampled commits accept.	pa22	harness-or-reference-issue	analysis/reducers/pa22-inherited-variable-template-enable-if-return.t		no-action	seed=both_fail; skipped after validation because required external reference binary rejects the valid reducer with unknown function traits<Alloc>::construct while current accepts it; recorded in analysis/reference-reducer-failures.md.
pa23/tests/general/300-late-explicit-specialization-type-argument-does-not-eagerly-instantiate.t	pa23/tests/general	300	pass	fail	trusted_only		generated LowIR does not match reference after relaxed metadata canonicalization and order canonicalization; canonical diff written to tests/general/300-late-explicit-specialization-type-argument-does-not-eagerly-instantiate.my.lowir.compare.diff	explicit-specialization-and-explicit-instantiation-ownership	0044efd8b explicit-instantiation lowering; 447aab065 stale primary refresh; b9c1574cb member-function explicit specialization; 569fcbd79 member-function explicit instantiation; fb9e82eeb full explicit-specialization defaults	Opus final plan Work log items 9/11 plus explicit-specialization rejection notes cover stale-primary refresh, member ownership, static data, and explicit-instantiation lowering.	Opus initial PA23 baseline passed this row (trusted_only seed); no Opus fixing transition, classification from test content plus Trusted seeded failure: generated LowIR does not match reference after relaxed metadata canonicalization and order canonicalization; canonical diff written to tests/general/300-late-explicit-specialization-type-argument-does-not-eagerly-instantiate.my.lowir.compare.diff	pa21	implementation-bug-only			no-action	no earlier assignment test added: PA23 source accepts at Opus PA23 start 1963d796e and sampled explicit-specialization commits, so there is no Opus fail/fix transition proving a missing earlier reducer
pa23/tests/general/300-libcpp-style-move-voidptr-deduction.t	pa23/tests/general	300	fail	pass	opus_only	tool exit status mismatch (expected EXIT_SUCCESS, got EXIT_FAILURE)		function-template-deduction-partial-ordering-and-nondeduced-contexts	b5b48aea5 explicit template args authoritative; 58f5ccfeb synthesize NTTPs in function-template partial ordering; e486d6544 overload-set address non-deduced; 2b66548a5 qualified-id nested-name non-deduced; 8063e3edd trailing-pack deduction excludes defaults	Opus final pa23/plan.md loop notes identify full function-template deduction, partial ordering, explicit args, overload-set address deduction, and non-deduced contexts.	Opus initial PA23 failure seeded from analysis/pa23-initial-failures: tool exit status mismatch (expected EXIT_SUCCESS, got EXIT_FAILURE)	pa22	feature-interaction-earliest-owner	pa22/tests/general/300-libcpp-style-move-voidptr-deduction.t	pa22/tests/general/300-libcpp-style-move-voidptr-deduction.t	test-added	seed=opus_only; reducer failed at Opus PA23 start 1963d796e with unknown move_value and passed at 45820ae4b; focused PA22 check and witness compare passed; PA22 report passed 68/68.
pa23/tests/general/300-local-alias-explicit-template-pack-decltype.t	pa23/tests/general	300	fail	fail	both_fail	tool exit status mismatch (expected EXIT_SUCCESS, got EXIT_FAILURE)	tool exit status mismatch (expected EXIT_SUCCESS, got EXIT_FAILURE)	alias-template-dependent-expansion-and-rebinding	72e996289 alias-template pack binding; 3bec27bf4 alias-template-id qualifier in value context; 45820ae4b default args in alias expansion; e32a4ae29 value-context alias defaults; 05bc9195a forwarding alias patterns; 743b7a920 dependent alias pack patterns	Opus final pa23/plan.md Work log item 3 and Loop 56/57 notes identify alias-template expansion, defaults, dependent qualifiers, and pack-preserving rebinding.	Opus initial PA23 failure seeded from analysis/pa23-initial-failures: tool exit status mismatch (expected EXIT_SUCCESS, got EXIT_FAILURE)	pa22	feature-interaction-earliest-owner	analysis/reducers/pa22-local-alias-explicit-template-pack-decltype.t	pa22/tests/general/300-local-alias-explicit-template-pack-decltype.t	test-added	seed=both_fail; added PA22 local alias explicit-template pack decltype reducer; Opus start 1963d796e rejected declaration of _Ret shadows a template parameter and Opus commit 743b7a920 accepted; external refs and witness refs generated; focused check and witness compare passed; placement audit pa22 --fail-on-early passed; PA22 report passed 102/102.
pa23/tests/general/300-member-template-assignment-sfinae-copy-fallback.t	pa23/tests/general	300	fail	fail	both_fail	generated LowIR does not match reference after relaxed metadata canonicalization and order canonicalization; canonical diff written to tests/general/300-member-template-assignment-sfinae-copy-fallback.my.lowir.compare.diff	tool exit status mismatch (expected EXIT_SUCCESS, got EXIT_FAILURE)	sfinae-substitution-with-alias-member-pack-and-detector-idioms	1a232426b bind deduced pack into concreteScope; 9a209b88e fold member-template guards; cc29768af alias guard folding; 768c32e9f out-of-class SFINAE overload pairing	Opus final pa23/plan.md Fix 24-25d documents defaulted-NTTP SFINAE guards, alias guard folding, member-template guard dropping, detector idioms, and overload relinking.	Opus initial PA23 failure seeded from analysis/pa23-initial-failures: generated LowIR does not match reference after relaxed metadata canonicalization and order canonicalization; canonical diff written to tests/general/300-member-template-assignment-sfinae-copy-fallback.my.lowir.compare.diff	pa22	harness-or-reference-issue	analysis/reducers/pa22-member-template-assignment-sfinae-copy-fallback.t	pa22/tests/general/300-member-template-assignment-sfinae-copy-fallback.t (not added; reference-blocked)	no-action	seed=both_fail; skipped after validation because Opus start 1963d796e emitted the wrong assignment target shape and Opus commit 1a232426b emitted the copy-assignment fallback shape, but the external reference LowIR includes extra EH runtime declarations not emitted by current PA22; recorded in analysis/reference-reducer-failures.md.
pa23/tests/general/300-out-of-class-partial-owner-ctor-using-alias.t	pa23/tests/general	300	fail	fail	both_fail	generated LowIR does not match reference after relaxed metadata canonicalization and order canonicalization; canonical diff written to tests/general/300-out-of-class-partial-owner-ctor-using-alias.my.lowir.compare.diff	generated LowIR does not match reference after relaxed metadata canonicalization and order canonicalization; canonical diff written to tests/general/300-out-of-class-partial-owner-ctor-using-alias.my.lowir.compare.diff	alias-template-dependent-expansion-and-rebinding	72e996289 alias-template pack binding; 3bec27bf4 alias-template-id qualifier in value context; 45820ae4b default args in alias expansion; e32a4ae29 value-context alias defaults; 05bc9195a forwarding alias patterns; 743b7a920 dependent alias pack patterns	Opus final pa23/plan.md Work log item 3 and Loop 56/57 notes identify alias-template expansion, defaults, dependent qualifiers, and pack-preserving rebinding.	Opus initial PA23 failure seeded from analysis/pa23-initial-failures: generated LowIR does not match reference after relaxed metadata canonicalization and order canonicalization; canonical diff written to tests/general/300-out-of-class-partial-owner-ctor-using-alias.my.lowir.compare.diff	pa22	harness-or-reference-issue	analysis/reducers/pa22-out-of-class-partial-owner-ctor-using-alias.t	pa22/tests/general/300-out-of-class-partial-owner-ctor-using-alias.t (not added; reference-blocked)	no-action	seed=both_fail; skipped after validation because Opus start 1963d796e emitted a different constructor body shape and Opus commit 45820ae4b emitted the selected out-of-class constructor-template body, but external reference LowIR includes extra EH runtime declarations not emitted by current PA22; recorded in analysis/reference-reducer-failures.md.
pa23/tests/general/300-pack-expanded-enable-if-member-value.t	pa23/tests/general	300	fail	fail	both_fail	generated LowIR does not match reference after relaxed metadata canonicalization and order canonicalization; canonical diff written to tests/general/300-pack-expanded-enable-if-member-value.my.lowir.compare.diff	generated LowIR does not match reference after relaxed metadata canonicalization and order canonicalization; canonical diff written to tests/general/300-pack-expanded-enable-if-member-value.my.lowir.compare.diff	sfinae-substitution-with-alias-member-pack-and-detector-idioms	1a232426b bind deduced pack into concreteScope; 9a209b88e fold member-template guards; cc29768af alias guard folding; 768c32e9f out-of-class SFINAE overload pairing	Opus final pa23/plan.md Fix 24-25d documents defaulted-NTTP SFINAE guards, alias guard folding, member-template guard dropping, detector idioms, and overload relinking.	Opus initial PA23 failure seeded from analysis/pa23-initial-failures: generated LowIR does not match reference after relaxed metadata canonicalization and order canonicalization; canonical diff written to tests/general/300-pack-expanded-enable-if-member-value.my.lowir.compare.diff	pa22	feature-interaction-earliest-owner	analysis/reducers/pa22-pack-expanded-enable-if-member-value.t	pa22/tests/general/300-pack-expanded-enable-if-member-value.t	test-added	seed=both_fail; added PA22 pack-expanded enable_if member-value reducer; Opus start 1963d796e emitted the wrong default Function assignment shape and Opus commit 1a232426b emitted the selected S::G template assignment; external refs and witness refs generated; focused check and witness compare passed; placement audit pa22 --fail-on-early passed; PA22 report passed 93/93.
pa23/tests/general/300-qualified-member-class-explicit-specialization.t	pa23/tests/general	300	fail	pass	opus_only	tool exit status mismatch (expected EXIT_SUCCESS, got EXIT_FAILURE)		explicit-specialization-and-explicit-instantiation-ownership	0044efd8b explicit-instantiation lowering; 447aab065 stale primary refresh; b9c1574cb member-function explicit specialization; 569fcbd79 member-function explicit instantiation; fb9e82eeb full explicit-specialization defaults	Opus final plan Work log items 9/11 plus explicit-specialization rejection notes cover stale-primary refresh, member ownership, static data, and explicit-instantiation lowering.	Opus initial PA23 failure seeded from analysis/pa23-initial-failures: tool exit status mismatch (expected EXIT_SUCCESS, got EXIT_FAILURE)	pa21	feature-interaction-earliest-owner	analysis/reducers/pa21-qualified-member-class-explicit-specialization.t	pa21/tests/general/300-qualified-member-class-explicit-specialization.t	test-added	seed=opus_only; PA21 qualified member-class explicit-specialization ownership; C++11 valid; current/reference accept; Opus start 1963d796e rejects unknown member specialization type and Opus fb9e82eeb accepts; external refs generated; focused PA21 check passed
pa23/tests/general/300-qualified-member-template-call-enable-if.t	pa23/tests/general	300	pass	fail	trusted_only		tool exit status mismatch (expected EXIT_SUCCESS, got EXIT_FAILURE)	sfinae-substitution-with-alias-member-pack-and-detector-idioms	no Opus fixing transition; direct PA23 source already passes Opus PA23 start anchor	Opus final pa23/plan.md Fix 24-25d documents defaulted-NTTP SFINAE guards, alias guard folding, member-template guard dropping, detector idioms, and overload relinking.	Opus initial PA23 baseline passed this row; rechecked direct source at 1963d796e and it exits 0, so it fails the required historical reducer gate.	pa22	implementation-bug-only			no-action	seed=trusted_only; skipped for Opus-backed backfill because the direct PA23 source already passes at Opus start 1963d796e; Trusted-only failure should be revisited only in a Trusted-specific audit.
pa23/tests/general/300-recursive-streamable-sfinae-guard.t	pa23/tests/general	300	fail	fail	both_fail	tool exit status mismatch (expected EXIT_SUCCESS, got EXIT_FAILURE)	tool exit status mismatch (expected EXIT_SUCCESS, got EXIT_FAILURE)	sfinae-substitution-candidate-dropping	10029b3e3 paren-aware template-id angle matching fixes recursive streamable expression-SFINAE reducer	Opus plan loop notes identify SFINAE candidate dropping and defaulted non-type parameter guards as PA22-owned deduction/substitution behavior.	Opus start 1963d796e rejects the reducer with static_assert failed; 53a5589b7 still fails; chronological search found first pass at 10029b3e3.	pa22	feature-interaction-earliest-owner	analysis/reducers/pa22-recursive-streamable-sfinae-guard.t	pa22/tests/general/300-recursive-streamable-sfinae-guard.t	test-added	seed=both_fail; added PA22 recursive streamable expression-SFINAE reducer with external refs and witness refs; focused check and witness compare passed; placement audit pa22 --fail-on-early passed; PA22 report passed 83/83.
pa23/tests/general/300-recursive-swappable-enable-if-array-overload.t	pa23/tests/general	300	fail	fail	both_fail	tool exit status mismatch (expected EXIT_SUCCESS, got EXIT_FAILURE)	tool exit status mismatch (expected EXIT_SUCCESS, got EXIT_FAILURE)	sfinae-substitution-candidate-dropping	a6723df7a fixes recursive swappable expression-SFINAE array overload reducer	Opus plan loop notes identify SFINAE candidate dropping and defaulted non-type parameter guards as PA22-owned deduction/substitution behavior.	Opus start 1963d796e rejects the reducer with static_assert failed; a6723df7a and later checked Opus commits pass.	pa22	missing-earlier-feature	analysis/reducers/pa22-recursive-swappable-enable-if-array-overload.t	pa22/tests/general/300-recursive-swappable-enable-if-array-overload.t	test-added	seed=both_fail; added PA22 recursive swappable enable_if array-overload reducer with external refs and witness refs; focused check and witness compare passed; placement audit pa22 --fail-on-early passed; PA22 report passed 79/79.
pa23/tests/general/300-sfinae-member-typedef-probe-no-body-instantiation.t	pa23/tests/general	300	fail	pass	opus_only	tool exit status mismatch (expected EXIT_SUCCESS, got EXIT_FAILURE)		sfinae-substitution-candidate-dropping	7ed506338 evaluate decltype(member-template-call)::value in const-eval; chronological search found this as first passing commit for the member-typedef probe reducer	Opus plan loop notes identify SFINAE candidate dropping and defaulted non-type parameter guards as PA22-owned deduction/substitution behavior.	Opus start 1963d796e rejects the reducer with expected integral constant expression; ab8927777 still fails; chronological search found first pass at 7ed506338.	pa22	missing-earlier-feature	analysis/reducers/pa22-sfinae-member-typedef-probe-no-body-instantiation.t	pa22/tests/spec/300-sfinae-member-typedef-probe-no-body-instantiation.t	test-added	seed=opus_only; added PA22 member-typedef probe/no body-instantiation reducer with external refs and witness refs; focused check and witness compare passed; placement audit pa22 --fail-on-early passed; PA22 report passed 78/78.
pa23/tests/general/300-single-element-detector-idiom-sfinae-false.t	pa23/tests/general	300	fail	fail	both_fail	tool exit status mismatch (expected EXIT_SUCCESS, got EXIT_FAILURE)	tool exit status mismatch (expected EXIT_SUCCESS, got EXIT_FAILURE)	sfinae-substitution-candidate-dropping	53a5589b7 SFINAE-drop defaulted NTTP type failure fixes single-element detector-pack reducer	Opus plan loop notes identify SFINAE candidate dropping and defaulted non-type parameter guards as PA22-owned deduction/substitution behavior.	Opus start 1963d796e rejects the reducer with dependent type name 'Bn::value' requires typename; a6723df7a still fails expected integral constant expression; 53a5589b7 passes.	pa22	missing-earlier-feature	analysis/reducers/pa22-single-element-detector-idiom-sfinae-false.t	pa22/tests/general/300-single-element-detector-idiom-sfinae-false.t	test-added	seed=both_fail; added PA22 single-element detector pack SFINAE reducer with external refs and witness refs; focused check and witness compare passed; placement audit pa22 --fail-on-early passed; PA22 report passed 77/77.
pa23/tests/general/300-structured-enable-if-sizeof-pack-value.t	pa23/tests/general	300	fail	fail	both_fail	generated LowIR does not match reference after relaxed metadata canonicalization and order canonicalization; canonical diff written to tests/general/300-structured-enable-if-sizeof-pack-value.my.lowir.compare.diff	generated LowIR does not match reference after relaxed metadata canonicalization and order canonicalization; canonical diff written to tests/general/300-structured-enable-if-sizeof-pack-value.my.lowir.compare.diff	sfinae-substitution-with-alias-member-pack-and-detector-idioms	1a232426b makes the reduced structured sizeof-pack constructor SFINAE case emit the expected constructor call, but reference output is incompatible	Opus final pa23/plan.md Fix 24-25d documents defaulted-NTTP SFINAE guards, alias guard folding, member-template guard dropping, detector idioms, and overload relinking.	Opus start 1963d796e exits 0 but emits LowIR without the expected tuple<int> constructor call; 1a232426b and later sampled commits emit the constructor call.	pa22	harness-or-reference-issue	analysis/reducers/pa22-structured-enable-if-sizeof-pack-value.t		no-action	seed=both_fail; skipped after validation because external reference output for the PA22 reducer includes extra EH runtime declarations not emitted by current PA22 LowIR; recorded in analysis/reference-reducer-failures.md; no PA22 test added.
pa23/tests/general/300-structured-lazy-and-enable-if-pack-size.t	pa23/tests/general	300	fail	fail	both_fail	tool exit status mismatch (expected EXIT_SUCCESS, got EXIT_FAILURE)	tool exit status mismatch (expected EXIT_SUCCESS, got EXIT_FAILURE)	sfinae-substitution-with-alias-member-pack-and-detector-idioms	1a232426b bind deduced pack into concreteScope; 9a209b88e fold member-template guards; cc29768af alias guard folding; 768c32e9f out-of-class SFINAE overload pairing	Opus final pa23/plan.md Fix 24-25d documents defaulted-NTTP SFINAE guards, alias guard folding, member-template guard dropping, detector idioms, and overload relinking.	Opus initial PA23 failure seeded from analysis/pa23-initial-failures: tool exit status mismatch (expected EXIT_SUCCESS, got EXIT_FAILURE)	pa22	feature-interaction-earliest-owner	analysis/reducers/pa22-structured-lazy-and-enable-if-pack-size.t	pa22/tests/general/300-structured-lazy-and-enable-if-pack-size.t	test-added	seed=both_fail; added PA22 structured lazy enable_if pack-size reducer; Opus start 1963d796e rejected with an ambiguous call and Opus commit 1a232426b selected the fallback overload; external refs and witness refs generated; focused check and witness compare passed; placement audit pa22 --fail-on-early passed; PA22 report passed 93/93.
pa23/tests/general/300-structured-type-id-bool-template-sfinae.t	pa23/tests/general	300	fail	pass	opus_only	generated LowIR does not match reference after relaxed metadata canonicalization and order canonicalization; canonical diff written to tests/general/300-structured-type-id-bool-template-sfinae.my.lowir.compare.diff		sfinae-substitution-candidate-dropping	a6723df7a detector/void_t SFINAE fallback also fixes structured type-id bool enable_if overload selection	Opus plan loop notes identify SFINAE candidate dropping and defaulted non-type parameter guards as PA22-owned deduction/substitution behavior.	Opus start 1963d796e exits 0 but emits LowIR calling f(int) for both pointer and int arguments; a6723df7a and 53a5589b7 emit the expected f__ov2 pointer-template call plus f(int).	pa22	missing-earlier-feature	analysis/reducers/pa22-structured-type-id-bool-template-sfinae.t	pa22/tests/spec/300-structured-type-id-bool-template-sfinae.t	test-added	seed=opus_only; added PA22 structured type-id bool template SFINAE reducer with external refs and witness refs; focused check and witness compare passed; placement audit pa22 --fail-on-early passed; PA22 report passed 77/77.
pa23/tests/general/300-unnamed-nontype-pack-static-enable-if-default.t	pa23/tests/general	300	fail	fail	both_fail	generated LowIR does not match reference after relaxed metadata canonicalization and order canonicalization; canonical diff written to tests/general/300-unnamed-nontype-pack-static-enable-if-default.my.lowir.compare.diff	tool exit status mismatch (expected EXIT_SUCCESS, got EXIT_FAILURE)	sfinae-substitution-with-alias-member-pack-and-detector-idioms	1a232426b bind deduced pack into concreteScope; 9a209b88e fold member-template guards; cc29768af alias guard folding; 768c32e9f out-of-class SFINAE overload pairing	Opus final pa23/plan.md Fix 24-25d documents defaulted-NTTP SFINAE guards, alias guard folding, member-template guard dropping, detector idioms, and overload relinking.	Opus initial PA23 failure seeded from analysis/pa23-initial-failures: generated LowIR does not match reference after relaxed metadata canonicalization and order canonicalization; canonical diff written to tests/general/300-unnamed-nontype-pack-static-enable-if-default.my.lowir.compare.diff	pa22	harness-or-reference-issue	analysis/reducers/pa22-unnamed-nontype-pack-static-enable-if-default.t	pa22/tests/general/300-unnamed-nontype-pack-static-enable-if-default.t (not added; reference-blocked)	no-action	seed=both_fail; skipped after validation because Opus start 1963d796e did not emit the selected constructor template and Opus commit 1a232426b did, but the external reference LowIR includes extra EH runtime declarations not emitted by current PA22; recorded in analysis/reference-reducer-failures.md.
pa23/tests/general/300-variable-template-default-enable-if-viability.t	pa23/tests/general	300	pass	fail	trusted_only		generated LowIR does not match reference after relaxed metadata canonicalization and order canonicalization; canonical diff written to tests/general/300-variable-template-default-enable-if-viability.my.lowir.compare.diff	sfinae-substitution-with-alias-member-pack-and-detector-idioms	no Opus fixing transition; direct PA23 source already passes Opus PA23 start anchor	Opus final pa23/plan.md Fix 24-25d documents defaulted-NTTP SFINAE guards, alias guard folding, member-template guard dropping, detector idioms, and overload relinking.	Opus initial PA23 baseline passed this row; rechecked direct source at 1963d796e and it exits 0, so it fails the required historical reducer gate.	pa22	implementation-bug-only			no-action	seed=trusted_only; skipped for Opus-backed backfill because the direct PA23 source already passes at Opus start 1963d796e; Trusted-only failure should be revisited only in a Trusted-specific audit.
pa23/tests/general/300-variable-template-detected-idiom-direct-arg.t	pa23/tests/general	300	fail	fail	both_fail	tool exit status mismatch (expected EXIT_SUCCESS, got EXIT_FAILURE)	generated LowIR does not match reference after relaxed metadata canonicalization and order canonicalization; canonical diff written to tests/general/300-variable-template-detected-idiom-direct-arg.my.lowir.compare.diff	sfinae-substitution-with-alias-member-pack-and-detector-idioms	1a232426b bind deduced pack into concreteScope; 9a209b88e fold member-template guards; cc29768af alias guard folding; 768c32e9f out-of-class SFINAE overload pairing	Opus final pa23/plan.md Fix 24-25d documents defaulted-NTTP SFINAE guards, alias guard folding, member-template guard dropping, detector idioms, and overload relinking.	Opus initial PA23 failure seeded from analysis/pa23-initial-failures: tool exit status mismatch (expected EXIT_SUCCESS, got EXIT_FAILURE)	pa22	feature-interaction-earliest-owner	analysis/reducers/pa22-variable-template-detected-idiom-direct-arg.t	pa22/tests/general/300-variable-template-detected-idiom-direct-arg.t	test-added	seed=both_fail; added PA22 variable-template detected-idiom direct-arg reducer; Opus start 1963d796e rejected with undeclared has_make_v<maker,int*,int> and Opus commit 1a232426b accepted; external refs and witness refs generated; focused check and witness compare passed; placement audit pa22 --fail-on-early passed; PA22 report passed 93/93.
pa23/tests/general/300-variadic-disjunction-conjunction-nontype-bool.t	pa23/tests/general	300	fail	fail	both_fail	tool exit status mismatch (expected EXIT_SUCCESS, got EXIT_FAILURE)	tool exit status mismatch (expected EXIT_SUCCESS, got EXIT_FAILURE)	integral-nontype-template-arguments-and-constant-values	8e4c41d4 non-type deduction in nested template-id partial-spec patterns; 8bafc1c42 static value member materialization	Opus final plan ties integral NTTP values and static value members to PA19 metaprogramming and later PA22 deduction.	Opus initial PA23 failure seeded from analysis/pa23-initial-failures: tool exit status mismatch (expected EXIT_SUCCESS, got EXIT_FAILURE)	pa19	missing-earlier-feature	analysis/reducers/pa19-pack-expanded-dependent-bool-nontype.t	pa19/tests/general/200-pack-expanded-dependent-bool-nontype.t	test-added	seed=both_fail; reducer is C++11-valid; current and external reference LowIR match; Opus PA23 start 1963d796e rejects pack-expanded dependent Bn::value as a type-name/typename issue; Opus commit 8e4c41d4 accepts; focused PA19 check passed; PA19 placement audit passed with --fail-on-early.
pa23/tests/general/300-void-t-decltype-function-template-call-partial-specialization.t	pa23/tests/general	300	fail	pass	opus_only	tool exit status mismatch (expected EXIT_SUCCESS, got EXIT_FAILURE)		sfinae-substitution-with-alias-member-pack-and-detector-idioms	1a232426b fixes void_t decltype(function-template-call) partial-specialization reducer	Opus final pa23/plan.md Fix 24-25d documents defaulted-NTTP SFINAE guards, alias guard folding, member-template guard dropping, detector idioms, and overload relinking.	Opus start 1963d796e rejects the static_assert reducer; 1a232426b and later sampled commits accept.	pa22	feature-interaction-earliest-owner	analysis/reducers/pa22-void-t-decltype-function-template-call-partial-specialization.t	pa22/tests/spec/300-void-t-decltype-function-template-call-partial-specialization.t	test-added	seed=opus_only; added PA22 void_t decltype function-template-call partial-specialization reducer with external refs and witness refs; focused check and witness compare passed; placement audit pa22 --fail-on-early passed; PA22 report passed 89/89.
pa23/tests/general/400-alias-nontype-expression-declaration-scope.t	pa23/tests/general	400	fail	fail	both_fail	tool exit status mismatch (expected EXIT_SUCCESS, got EXIT_FAILURE)	tool exit status mismatch (expected EXIT_SUCCESS, got EXIT_FAILURE)	alias-template-dependent-expansion-and-rebinding	72e996289 alias-template pack binding; 3bec27bf4 alias-template-id qualifier in value context; 45820ae4b default args in alias expansion; e32a4ae29 value-context alias defaults; 05bc9195a forwarding alias patterns; 743b7a920 dependent alias pack patterns	Opus final pa23/plan.md Work log item 3 and Loop 56/57 notes identify alias-template expansion, defaults, dependent qualifiers, and pack-preserving rebinding.	Opus initial PA23 failure seeded from analysis/pa23-initial-failures: tool exit status mismatch (expected EXIT_SUCCESS, got EXIT_FAILURE)	pa21-or-pa22	harness-or-reference-issue	analysis/reducers/pa21-alias-nontype-expression-declaration-scope.t	pa21/tests/general/400-alias-nontype-expression-declaration-scope.t (not added; reference-blocked)	no-action	seed=both_fail; skipped after validation because Opus start 1963d796e rejected undeclared meta::check<meta::list<int,char>,1>::value and Opus commit 3bec27bf4 accepted, but the external reference compiler rejects the C++11-valid reducer while evaluating (1 <= size<meta::list<int,char>>::value); recorded in analysis/reference-reducer-failures.md.
pa23/tests/general/400-alias-nontype-pack-partial-specialization-pattern.t	pa23/tests/general	400	fail	fail	both_fail	tool exit status mismatch (expected EXIT_SUCCESS, got EXIT_FAILURE)	tool exit status mismatch (expected EXIT_SUCCESS, got EXIT_FAILURE)	class-partial-specialization-matching-ordering-with-dependent-args	72e996289 non-deduced-context partial specialization; 15a2e9c8d cv/trailing-pack matching and ordering; 7fcd5c92a defaulted trailing partial-spec args; a3c294645 function-type trailing pack; b444d928a array-bound class partial specialization; 8e4c41d4 nested NTTP deduction	Opus final plan Work log items 3/4/7/11/12 document partial-specialization matching, ordering, non-deduced contexts, function types, packs, defaults, and NTTPs.	Opus initial PA23 failure seeded from analysis/pa23-initial-failures: tool exit status mismatch (expected EXIT_SUCCESS, got EXIT_FAILURE)	pa21	feature-interaction-earliest-owner	pa21/tests/general/400-alias-nontype-pack-partial-specialization-pattern.t	pa21/tests/general/400-alias-nontype-pack-partial-specialization-pattern.t	test-added	seed=both_fail; PA21 README: template entity/specialization model, alias/variable/member templates, TTPs, partial specialization, explicit-instantiation ownership; no assignment tests or refs added in this audit pass; Backfilled in PA21; reducer validation: g++ C++11 accepted, Opus start 1963d796e rejects; 05bc9195a accepts; LowIR refs generated with external reference binary using --emit-lowir -O0; focused PA21 check passed; no witness sidecar added pending clang witness oracle
pa23/tests/general/400-alias-pack-expansion-through-alias.t	pa23/tests/general	400	fail	fail	both_fail	tool exit status mismatch (expected EXIT_SUCCESS, got EXIT_FAILURE)	tool exit status mismatch (expected EXIT_SUCCESS, got EXIT_FAILURE)	alias-template-dependent-expansion-and-rebinding	72e996289 alias-template pack binding; 3bec27bf4 alias-template-id qualifier in value context; 45820ae4b default args in alias expansion; e32a4ae29 value-context alias defaults; 05bc9195a forwarding alias patterns; 743b7a920 dependent alias pack patterns	Opus final pa23/plan.md Work log item 3 and Loop 56/57 notes identify alias-template expansion, defaults, dependent qualifiers, and pack-preserving rebinding.	Opus initial PA23 failure seeded from analysis/pa23-initial-failures: tool exit status mismatch (expected EXIT_SUCCESS, got EXIT_FAILURE)	pa21	feature-interaction-earliest-owner	analysis/reducers/pa21-alias-pack-expansion-through-alias.t	pa21/tests/general/400-alias-pack-expansion-through-alias.t	test-added	seed=both_fail; added PA21 alias pack expansion-through-alias reducer; Opus start 1963d796e rejected undeclared IsStandardInteger<int>::value and Opus commit 45820ae4b accepted; external refs and witness refs generated; focused check and witness compare passed; placement audit pa21 --fail-on-early passed; PA21 report passed 100/100.
pa23/tests/general/400-alias-pack-nontype-expression-fast-path.t	pa23/tests/general	400	fail	fail	both_fail	tool exit status mismatch (expected EXIT_SUCCESS, got EXIT_FAILURE)	tool exit status mismatch (expected EXIT_SUCCESS, got EXIT_FAILURE)	alias-template-dependent-expansion-and-rebinding	72e996289 alias-template pack binding; 3bec27bf4 alias-template-id qualifier in value context; 45820ae4b default args in alias expansion; e32a4ae29 value-context alias defaults; 05bc9195a forwarding alias patterns; 743b7a920 dependent alias pack patterns	Opus final pa23/plan.md Work log item 3 and Loop 56/57 notes identify alias-template expansion, defaults, dependent qualifiers, and pack-preserving rebinding.	Opus initial PA23 failure seeded from analysis/pa23-initial-failures: tool exit status mismatch (expected EXIT_SUCCESS, got EXIT_FAILURE)	pa21	harness-or-reference-issue	analysis/reducers/pa21-alias-pack-nontype-expression-fast-path.t	pa21/tests/general/400-alias-pack-nontype-expression-fast-path.t (not added; reference-blocked)	no-action	seed=both_fail; skipped after validation because Opus start 1963d796e rejected shadowed template parameter L and Opus commit 743b7a920 accepted, but the external reference compiler rejects the C++11-valid reducer with unsupported alias template instantiation for count_if; recorded in analysis/reference-reducer-failures.md.
pa23/tests/general/400-alias-rebind-partial-specialization-shadow.t	pa23/tests/general	400	fail	fail	both_fail	tool exit status mismatch (expected EXIT_SUCCESS, got EXIT_FAILURE)	tool exit status mismatch (expected EXIT_SUCCESS, got EXIT_FAILURE)	class-partial-specialization-matching-ordering-with-dependent-args	72e996289 non-deduced-context partial specialization; 15a2e9c8d cv/trailing-pack matching and ordering; 7fcd5c92a defaulted trailing partial-spec args; a3c294645 function-type trailing pack; b444d928a array-bound class partial specialization; 8e4c41d4 nested NTTP deduction	Opus final plan Work log items 3/4/7/11/12 document partial-specialization matching, ordering, non-deduced contexts, function types, packs, defaults, and NTTPs.	Opus initial PA23 failure seeded from analysis/pa23-initial-failures: tool exit status mismatch (expected EXIT_SUCCESS, got EXIT_FAILURE)	pa21	feature-interaction-earliest-owner	pa21/tests/general/400-alias-rebind-partial-specialization-shadow.t	pa21/tests/general/400-alias-rebind-partial-specialization-shadow.t	test-added	seed=both_fail; PA21 README: template entity/specialization model, alias/variable/member templates, TTPs, partial specialization, explicit-instantiation ownership; no assignment tests or refs added in this audit pass; Backfilled in PA21; reducer validation: g++ C++11 accepted, Opus start 1963d796e rejects; 0cf7d2de0 accepts; LowIR refs generated with external reference binary using --emit-lowir -O0; focused PA21 check passed; no witness sidecar added pending clang witness oracle
pa23/tests/general/400-alias-template-decltype-greater-type-argument.t	pa23/tests/general	400	fail	pass	opus_only	tool exit status mismatch (expected EXIT_SUCCESS, got EXIT_FAILURE)		alias-template-dependent-expansion-and-rebinding	72e996289 alias-template pack binding; 3bec27bf4 alias-template-id qualifier in value context; 45820ae4b default args in alias expansion; e32a4ae29 value-context alias defaults; 05bc9195a forwarding alias patterns; 743b7a920 dependent alias pack patterns	Opus final pa23/plan.md Work log item 3 and Loop 56/57 notes identify alias-template expansion, defaults, dependent qualifiers, and pack-preserving rebinding.	Opus initial PA23 failure seeded from analysis/pa23-initial-failures: tool exit status mismatch (expected EXIT_SUCCESS, got EXIT_FAILURE)	pa21	feature-interaction-earliest-owner	analysis/reducers/pa21-alias-template-decltype-greater-type-argument.t	pa21/tests/general/400-alias-template-decltype-greater-type-argument.t	test-added	seed=both_fail; added PA21 alias-template decltype relational type-argument reducer; Opus start 1963d796e rejected unknown id_t<decltype((1)>(0))> and Opus commit 45820ae4b accepted; external refs and witness refs generated; focused check and witness compare passed; placement audit pa21 --fail-on-early passed; PA21 report passed 100/100.
pa23/tests/general/400-alias-template-decltype-member-type-argument.t	pa23/tests/general	400	fail	fail	both_fail	tool exit status mismatch (expected EXIT_SUCCESS, got EXIT_FAILURE)	tool exit status mismatch (expected EXIT_SUCCESS, got EXIT_FAILURE)	alias-template-dependent-expansion-and-rebinding	72e996289 alias-template pack binding; 3bec27bf4 alias-template-id qualifier in value context; 45820ae4b default args in alias expansion; e32a4ae29 value-context alias defaults; 05bc9195a forwarding alias patterns; 743b7a920 dependent alias pack patterns	Opus final pa23/plan.md Work log item 3 and Loop 56/57 notes identify alias-template expansion, defaults, dependent qualifiers, and pack-preserving rebinding.	Opus initial PA23 failure seeded from analysis/pa23-initial-failures: tool exit status mismatch (expected EXIT_SUCCESS, got EXIT_FAILURE)	pa21	feature-interaction-earliest-owner	analysis/reducers/pa21-alias-template-decltype-member-type-argument.t	pa21/tests/general/400-alias-template-decltype-member-type-argument.t	test-added	seed=both_fail; added PA21 alias-template decltype member type-argument reducer; Opus start 1963d796e rejected unknown id_t<decltype(((A*)0)->a_value)> and Opus commit 45820ae4b accepted; external refs and witness refs generated; focused check and witness compare passed; placement audit pa21 --fail-on-early passed; PA21 report passed 100/100.
pa23/tests/general/400-alias-template-decltype-shift-type-argument.t	pa23/tests/general	400	fail	pass	opus_only	tool exit status mismatch (expected EXIT_SUCCESS, got EXIT_FAILURE)		alias-template-dependent-expansion-and-rebinding	72e996289 alias-template pack binding; 3bec27bf4 alias-template-id qualifier in value context; 45820ae4b default args in alias expansion; e32a4ae29 value-context alias defaults; 05bc9195a forwarding alias patterns; 743b7a920 dependent alias pack patterns	Opus final pa23/plan.md Work log item 3 and Loop 56/57 notes identify alias-template expansion, defaults, dependent qualifiers, and pack-preserving rebinding.	Opus initial PA23 failure seeded from analysis/pa23-initial-failures: tool exit status mismatch (expected EXIT_SUCCESS, got EXIT_FAILURE)	pa21	feature-interaction-earliest-owner	analysis/reducers/pa21-alias-template-decltype-shift-type-argument.t	pa21/tests/general/400-alias-template-decltype-shift-type-argument.t	test-added	seed=both_fail; added PA21 alias-template decltype shift type-argument reducer; Opus start 1963d796e rejected unknown id_t<decltype((8)>>(1))> and Opus commit 45820ae4b accepted; external refs and witness refs generated; focused check and witness compare passed; placement audit pa21 --fail-on-early passed; PA21 report passed 100/100.
pa23/tests/general/400-alias-template-function-argument-cv.t	pa23/tests/general	400	fail	fail	both_fail	generated LowIR does not match reference after relaxed metadata canonicalization and order canonicalization; canonical diff written to tests/general/400-alias-template-function-argument-cv.my.lowir.compare.diff	tool exit status mismatch (expected EXIT_SUCCESS, got EXIT_FAILURE)	alias-template-dependent-expansion-and-rebinding	72e996289 alias-template pack binding; 3bec27bf4 alias-template-id qualifier in value context; 45820ae4b default args in alias expansion; e32a4ae29 value-context alias defaults; 05bc9195a forwarding alias patterns; 743b7a920 dependent alias pack patterns	Opus final pa23/plan.md Work log item 3 and Loop 56/57 notes identify alias-template expansion, defaults, dependent qualifiers, and pack-preserving rebinding.	Opus initial PA23 failure seeded from analysis/pa23-initial-failures: generated LowIR does not match reference after relaxed metadata canonicalization and order canonicalization; canonical diff written to tests/general/400-alias-template-function-argument-cv.my.lowir.compare.diff	pa22	harness-or-reference-issue	analysis/reducers/pa22-alias-template-function-argument-cv.t	pa22/tests/general/400-alias-template-function-argument-cv.t (not added; reference-blocked)	no-action	seed=both_fail; skipped after validation because Opus start 1963d796e emitted a different constructor-template LowIR shape and Opus commit 45820ae4b emitted the expected handler/invoker shape, but external reference LowIR includes extra EH runtime declarations not emitted by current PA22; recorded in analysis/reference-reducer-failures.md.
pa23/tests/general/400-alias-template-pack-id-preserves-syntax.t	pa23/tests/general	400	fail	fail	both_fail	tool exit status mismatch (expected EXIT_SUCCESS, got EXIT_FAILURE)	tool exit status mismatch (expected EXIT_SUCCESS, got EXIT_FAILURE)	alias-template-dependent-expansion-and-rebinding	72e996289 alias-template pack binding; 3bec27bf4 alias-template-id qualifier in value context; 45820ae4b default args in alias expansion; e32a4ae29 value-context alias defaults; 05bc9195a forwarding alias patterns; 743b7a920 dependent alias pack patterns	Opus final pa23/plan.md Work log item 3 and Loop 56/57 notes identify alias-template expansion, defaults, dependent qualifiers, and pack-preserving rebinding.	Opus initial PA23 failure seeded from analysis/pa23-initial-failures: tool exit status mismatch (expected EXIT_SUCCESS, got EXIT_FAILURE)	pa21	feature-interaction-earliest-owner	analysis/reducers/pa21-alias-template-pack-id-preserves-syntax.t	pa21/tests/general/400-alias-template-pack-id-preserves-syntax.t	test-added	seed=both_fail; added PA21 alias-template pack-id syntax preservation reducer; Opus start 1963d796e rejected unknown tuple<decay_t<BoundArgs>...> and Opus commit 45820ae4b accepted; external refs and witness refs generated; focused check and witness compare passed; placement audit pa21 --fail-on-early passed; PA21 report passed 100/100.
pa23/tests/general/400-alias-template-pointer-cv-cache-distinction.t	pa23/tests/general	400	fail	pass	opus_only	tool exit status mismatch (expected EXIT_SUCCESS, got EXIT_FAILURE)		alias-template-dependent-expansion-and-rebinding	72e996289 alias-template pack binding; 3bec27bf4 alias-template-id qualifier in value context; 45820ae4b default args in alias expansion; e32a4ae29 value-context alias defaults; 05bc9195a forwarding alias patterns; 743b7a920 dependent alias pack patterns	Opus final pa23/plan.md Work log item 3 and Loop 56/57 notes identify alias-template expansion, defaults, dependent qualifiers, and pack-preserving rebinding.	Opus initial PA23 failure seeded from analysis/pa23-initial-failures: tool exit status mismatch (expected EXIT_SUCCESS, got EXIT_FAILURE)	pa21	feature-interaction-earliest-owner	analysis/reducers/pa21-alias-template-pointer-cv-cache-distinction.t	pa21/tests/general/400-alias-template-pointer-cv-cache-distinction.t	test-added	seed=both_fail; added PA21 alias-template pointer-cv cache-distinction reducer; Opus start 1963d796e rejected with a shadowed template parameter diagnostic and Opus commit 45820ae4b accepted; external refs and witness refs generated; focused check and witness compare passed; placement audit pa21 --fail-on-early passed; PA21 report passed 100/100.
pa23/tests/general/400-alias-value-expression-type-argument.t	pa23/tests/general	400	fail	fail	both_fail	tool exit status mismatch (expected EXIT_SUCCESS, got EXIT_FAILURE)	tool exit status mismatch (expected EXIT_SUCCESS, got EXIT_FAILURE)	alias-template-dependent-expansion-and-rebinding	72e996289 alias-template pack binding; 3bec27bf4 alias-template-id qualifier in value context; 45820ae4b default args in alias expansion; e32a4ae29 value-context alias defaults; 05bc9195a forwarding alias patterns; 743b7a920 dependent alias pack patterns	Opus final pa23/plan.md Work log item 3 and Loop 56/57 notes identify alias-template expansion, defaults, dependent qualifiers, and pack-preserving rebinding.	Opus initial PA23 failure seeded from analysis/pa23-initial-failures: tool exit status mismatch (expected EXIT_SUCCESS, got EXIT_FAILURE)	pa21	feature-interaction-earliest-owner	analysis/reducers/pa21-alias-value-expression-type-argument.t	pa21/tests/general/400-alias-value-expression-type-argument.t	test-added	seed=both_fail; added PA21 alias value-expression type-argument reducer; Opus start 1963d796e rejected undeclared enabled<list_type>::value and Opus commit 3bec27bf4 accepted; external refs and witness refs generated; focused check and witness compare passed; placement audit pa21 --fail-on-early passed.; PA21 report passed 93/93.
pa23/tests/general/400-allocator-rebind-function-type-value.t	pa23/tests/general	400	fail	pass	opus_only	tool exit status mismatch (expected EXIT_SUCCESS, got EXIT_FAILURE)		function-type-template-argument-and-partial-specialization-matching	8063e3edd pa23: trailing-pack deduction excludes defaults; match qualified base, 2144	Opus final pa23/plan.md Work log item 7 and loop notes identify function-type template arguments, cv/ref qualifiers, and function-type partial specializations.	Opus initial PA23 failure seeded from analysis/pa23-initial-failures: tool exit status mismatch (expected EXIT_SUCCESS, got EXIT_FAILURE)	pa21	feature-interaction-earliest-owner	allocator<T> rebind via template<template<class,class...> class Alloc> partial specialization preserves function-pointer value_type	pa21/tests/general/300-template-template-trailing-pack-rebind-function-pointer.t	test-added	Backfilled in PA21 general. Historical reducer failed at Opus PA23 start 1963d796e with non-constant static_assert, still failed at c6e155e08, and passed at 8063e3edd; focused LowIR and witness checks passed.
pa23/tests/general/400-bad-nontype-template-argument-type-pack.t	pa23/tests/general	400	fail	fail	both_fail	tool exit status mismatch (expected EXIT_FAILURE, got EXIT_SUCCESS)	tool exit status mismatch (expected EXIT_FAILURE, got EXIT_SUCCESS)	non-type-template-argument-deduction-packs-and-static-values	8e4c41d4 nested template-id NTTP deduction; 984146a7c NTTP pack in nested template-id; b444d928a array-bound NTTP deduction in class partial spec; d062aba6a synthesize NTTP pack in partial ordering; 9cfd2427e bind NTTP pack on template/alias instantiation; 25727803a reference/pointer NTTPs	Opus final plan Work log items 11/12 and loop notes connect NTTP packs/static values with partial-specialization and deduction behavior.	Opus initial PA23 failure seeded from analysis/pa23-initial-failures: tool exit status mismatch (expected EXIT_FAILURE, got EXIT_SUCCESS)	pa19	missing-earlier-feature	pa19/tests/general/200-bad-nontype-template-argument-type-pack.t	pa19/tests/general/200-bad-nontype-template-argument-type-pack.t	test-added	PA19 negative reducer for rejecting a type pack in a non-type template argument position; g++ rejects; current/reference reject; Opus start 1963d796e incorrectly accepts, Opus 1434a6e11 rejects and compares clean; focused PA19 check, placement audit, and PA19 report passed.
pa23/tests/general/400-bool-or-dependent-member-type-conditional-base.t	pa23/tests/general	400	fail	fail	both_fail	tool exit status mismatch (expected EXIT_SUCCESS, got EXIT_FAILURE)	tool exit status mismatch (expected EXIT_SUCCESS, got EXIT_FAILURE)	non-type-template-argument-deduction-packs-and-static-values	8e4c41d4 nested template-id NTTP deduction; 984146a7c NTTP pack in nested template-id; b444d928a array-bound NTTP deduction in class partial spec; d062aba6a synthesize NTTP pack in partial ordering; 9cfd2427e bind NTTP pack on template/alias instantiation; 25727803a reference/pointer NTTPs	Opus final plan Work log items 11/12 and loop notes connect NTTP packs/static values with partial-specialization and deduction behavior.	Opus initial PA23 failure seeded from analysis/pa23-initial-failures: tool exit status mismatch (expected EXIT_SUCCESS, got EXIT_FAILURE)	pa21	missing-earlier-feature	pa21/tests/general/400-bool-or-dependent-member-type-conditional-base.t	pa21/tests/general/400-bool-or-dependent-member-type-conditional-base.t	test-added	Exact PA23 source promoted as PA21 dependent bool/non-type conditional partial-specialization reducer; g++ C++11 valid; current/reference compare clean; Opus start 1963d796e rejects, Opus 1434a6e11 compares clean; focused PA21 check, placement audit, and PA21 report passed.
pa23/tests/general/400-class-template-constructor-template-braced-pack-init.t	pa23/tests/general	400	pass	fail	trusted_only		tool exit status mismatch (expected EXIT_SUCCESS, got EXIT_FAILURE)	member-template-entity-and-call-integration	42beb854b member template definition relink; 7571a0d7b using-declaration imports member template overloads; 670045ef2 member template as TTP arg; 24db2e7ce using-imported member-template this adjustment	Opus plan loop notes cover member-template lookup/call/import behavior across class scopes and template argument forms.	Opus initial PA23 baseline passed this row (trusted_only seed); no Opus fixing transition, classification from test content plus Trusted seeded failure: tool exit status mismatch (expected EXIT_SUCCESS, got EXIT_FAILURE)	pa21-or-pa22	implementation-bug-only	derive reduced example from pa23/tests/general/400-class-template-constructor-template-braced-pack-init.t		no-action	Opus PA23 start baseline already passed this row; under the Opus-gated backfill workflow there is no start/fix transition proving a missing earlier reducer. No earlier assignment test added.
pa23/tests/general/400-common-type-current-specialization-member-return.t	pa23/tests/general	400	pass	fail	trusted_only		tool timed out (expected EXIT_SUCCESS, got EXIT_TIMEOUT)	dependent-qualified-lookup-current-specialization-and-friend-scope	7020b769c dependent qualified name without typename; 3bec27bf4 alias-template-id qualifier in value context; 51026c3d2 injected-class-name functional cast; b921be822 substitute TTP in current-specialization type; 72025a570 NTTP from class-template-id arg + in-class labels; 997e77f27 qualified-member call most-vexing parse	Opus final pa23/plan.md Work log items 5/8/10 and Loop 56 notes cover dependent qualified lookup, current specialization, friend/member scope, and source owner preservation.	Opus initial PA23 baseline passed this row (trusted_only seed); no Opus fixing transition, classification from test content plus Trusted seeded failure: tool timed out (expected EXIT_SUCCESS, got EXIT_TIMEOUT)	pa18-or-pa21	implementation-bug-only			no-action	seed=trusted_only; Opus PA23 start 1963d796e already accepts this row, so there is no Opus fail/fix transition for an earlier reducer backfill.
pa23/tests/general/400-constructor-template-braced-pack-init.t	pa23/tests/general	400	pass	fail	trusted_only		tool exit status mismatch (expected EXIT_SUCCESS, got EXIT_FAILURE)	member-template-entity-and-call-integration	42beb854b member template definition relink; 7571a0d7b using-declaration imports member template overloads; 670045ef2 member template as TTP arg; 24db2e7ce using-imported member-template this adjustment	Opus plan loop notes cover member-template lookup/call/import behavior across class scopes and template argument forms.	Opus initial PA23 baseline passed this row (trusted_only seed); no Opus fixing transition, classification from test content plus Trusted seeded failure: tool exit status mismatch (expected EXIT_SUCCESS, got EXIT_FAILURE)	pa21-or-pa22	implementation-bug-only	derive reduced example from pa23/tests/general/400-constructor-template-braced-pack-init.t		no-action	Opus PA23 start baseline already passed this row; under the Opus-gated backfill workflow there is no start/fix transition proving a missing earlier reducer. No earlier assignment test added.
pa23/tests/general/400-conversion-function-template-prefers-nontemplate.t	pa23/tests/general	400	fail	fail	both_fail	generated LowIR does not match reference after relaxed metadata canonicalization and order canonicalization; canonical diff written to tests/general/400-conversion-function-template-prefers-nontemplate.my.lowir.compare.diff	generated LowIR does not match reference after relaxed metadata canonicalization and order canonicalization; canonical diff written to tests/general/400-conversion-function-template-prefers-nontemplate.my.lowir.compare.diff	constructor-and-conversion-template-deduction-overload-selection	12a043a36 converting ctor-template reference binding; 06faea325 prefer rvalue ctor template; a6c373488 ICS ctor selection; 8282e47cf by-value converting ctor template; 6e909ebd5 conversion-function-template copy-init; f8660aa27 assignment via conversion operator	Opus final plan Loop 55/56 and Work log item 11 describe constructor/conversion-template deduction, overload ranking, copy-init, and assignment conversion composition.	Opus initial PA23 failure seeded from analysis/pa23-initial-failures: generated LowIR does not match reference after relaxed metadata canonicalization and order canonicalization; canonical diff written to tests/general/400-conversion-function-template-prefers-nontemplate.my.lowir.compare.diff	pa22	harness-or-reference-issue	analysis/reducers/pa22-conversion-function-template-prefers-nontemplate.t		no-action	seed=both_fail; reducer is C++11-valid and current accepts it, but external reference rejects assignment as ambiguous instead of preferring the non-template conversion function; recorded in analysis/reference-reducer-failures.md as reference-compiler-bug.
pa23/tests/general/400-cv-qualified-template-id-wrapper-class-partial-specialization.t	pa23/tests/general	400	fail	fail	both_fail	tool exit status mismatch (expected EXIT_SUCCESS, got EXIT_FAILURE)	tool exit status mismatch (expected EXIT_SUCCESS, got EXIT_FAILURE)	class-partial-specialization-matching-ordering-with-dependent-args	72e996289 non-deduced-context partial specialization; 15a2e9c8d cv/trailing-pack matching and ordering; 7fcd5c92a defaulted trailing partial-spec args; a3c294645 function-type trailing pack; b444d928a array-bound class partial specialization; 8e4c41d4 nested NTTP deduction	Opus final plan Work log items 3/4/7/11/12 document partial-specialization matching, ordering, non-deduced contexts, function types, packs, defaults, and NTTPs.	Opus initial PA23 failure seeded from analysis/pa23-initial-failures: tool exit status mismatch (expected EXIT_SUCCESS, got EXIT_FAILURE)	pa21	harness-or-reference-issue	derive reduced example from pa23/tests/general/400-cv-qualified-template-id-wrapper-class-partial-specialization.t		no-action	seed=both_fail; PA21 README: template entity/specialization model, alias/variable/member templates, TTPs, partial specialization, explicit-instantiation ownership; no assignment tests or refs added in this audit pass; Reference-blocked reducer: analysis/reducers/pa21-cv-qualified-template-id-wrapper-class-partial-specialization.t; Opus start 1963d796e rejects and a3c294645 accepts, but external reference reports ambiguous partial class specialization; g++ C++11 accepted; current compiler accepts; see analysis/reference-reducer-failures.md
pa23/tests/general/400-defaulted-nested-cv-template-template-partial-specialization.t	pa23/tests/general	400	fail	fail	both_fail	tool exit status mismatch (expected EXIT_SUCCESS, got EXIT_FAILURE)	tool exit status mismatch (expected EXIT_SUCCESS, got EXIT_FAILURE)	template-template-parameter-deduction-and-alias-forwarding	07373f00d TTP deduction in partial specializations; 4bc0c87fe alias-expanded TTP args; 54e85f719 TTP SFINAE binding; 670045ef2 member template as TTP arg; 1434a6e11 synthetic __ttdeduce args	Opus final plan Work log and Loop 57/60 notes cover template-template deduction through aliases, member templates, defaults, and nested >=2-arg cases.	Opus initial PA23 failure seeded from analysis/pa23-initial-failures: tool exit status mismatch (expected EXIT_SUCCESS, got EXIT_FAILURE)	pa21	harness-or-reference-issue	analysis/reducers/pa21-defaulted-nested-cv-template-template-partial-specialization.t		no-action	seed=both_fail; reducer is C++11-valid and current accepts it, but external reference rejects with failed holder<map<int,value>>::value static_assert; recorded in analysis/reference-reducer-failures.md as reference-compiler-bug.
pa23/tests/general/400-dependent-alias-default-recomputed-after-substitution.t	pa23/tests/general	400	fail	pass	opus_only	tool exit status mismatch (expected EXIT_SUCCESS, got EXIT_FAILURE)		alias-template-dependent-expansion-and-rebinding	72e996289 alias-template pack binding; 3bec27bf4 alias-template-id qualifier in value context; 45820ae4b default args in alias expansion; e32a4ae29 value-context alias defaults; 05bc9195a forwarding alias patterns; 743b7a920 dependent alias pack patterns	Opus final pa23/plan.md Work log item 3 and Loop 56/57 notes identify alias-template expansion, defaults, dependent qualifiers, and pack-preserving rebinding.	Opus initial PA23 failure seeded from analysis/pa23-initial-failures: tool exit status mismatch (expected EXIT_SUCCESS, got EXIT_FAILURE)	pa22	feature-interaction-earliest-owner	analysis/reducers/pa22-dependent-alias-default-recomputed-after-substitution.t	pa22/tests/general/400-dependent-alias-default-recomputed-after-substitution.t	test-added	seed=both_fail; added PA22 dependent alias default recomputed-after-substitution reducer; Opus start 1963d796e rejected undeclared make_value and Opus commit 45820ae4b accepted; external refs and witness refs generated; focused check and witness compare passed; placement audit pa22 --fail-on-early passed; PA22 report passed 100/100.
pa23/tests/general/400-dependent-alias-nontype-sequence-filter.t	pa23/tests/general	400	fail	fail	both_fail	tool exit status mismatch (expected EXIT_SUCCESS, got EXIT_FAILURE)	tool exit status mismatch (expected EXIT_SUCCESS, got EXIT_FAILURE)	alias-template-dependent-expansion-and-rebinding	72e996289 alias-template pack binding; 3bec27bf4 alias-template-id qualifier in value context; 45820ae4b default args in alias expansion; e32a4ae29 value-context alias defaults; 05bc9195a forwarding alias patterns; 743b7a920 dependent alias pack patterns	Opus final pa23/plan.md Work log item 3 and Loop 56/57 notes identify alias-template expansion, defaults, dependent qualifiers, and pack-preserving rebinding.	Opus initial PA23 failure seeded from analysis/pa23-initial-failures: tool exit status mismatch (expected EXIT_SUCCESS, got EXIT_FAILURE)	pa22-portable-candidate	portable-rewrite-pending-validation	portable PA23 source rewritten; reduce from pa23/tests/general/400-dependent-alias-nontype-sequence-filter.t		no-action	seed=both_fail; Opus start 1963d796e rejected the original sequence/filter shape and Opus commit 44d58bf2e accepted it. Portable rewrite pass 2026-06-30: replaced hosted __make_integer_seq and the clang-rejected alias-pack shape with local C++11 make_integer_sequence plus append/filter helpers and a selected-value static_assert; g++/clang C++11 syntax, current cppgm compile, focused PA23 check, and PA19-PA23 placement audit passed. No earlier assignment test added yet; rerun Opus start/fix and external reference gates for the portable form before promotion. Intrinsic-specific coverage remains in PA34 compile tests.
pa23/tests/general/400-dependent-conditional-default-alias-recomputed.t	pa23/tests/general	400	fail	pass	opus_only	tool exit status mismatch (expected EXIT_SUCCESS, got EXIT_FAILURE)		alias-template-dependent-expansion-and-rebinding	72e996289 alias-template pack binding; 3bec27bf4 alias-template-id qualifier in value context; 45820ae4b default args in alias expansion; e32a4ae29 value-context alias defaults; 05bc9195a forwarding alias patterns; 743b7a920 dependent alias pack patterns	Opus final pa23/plan.md Work log item 3 and Loop 56/57 notes identify alias-template expansion, defaults, dependent qualifiers, and pack-preserving rebinding.	Opus initial PA23 failure seeded from analysis/pa23-initial-failures: tool exit status mismatch (expected EXIT_SUCCESS, got EXIT_FAILURE)	pa21	feature-interaction-earliest-owner	analysis/reducers/pa21-dependent-conditional-default-alias-recomputed.t	pa21/tests/general/400-dependent-conditional-default-alias-recomputed.t	test-added	seed=both_fail; added PA21 dependent conditional default alias recomputation reducer; Opus start 1963d796e rejected unknown Guard and Opus commit 45820ae4b accepted; external refs and witness refs generated; focused check and witness compare passed; placement audit pa21 --fail-on-early passed; PA21 report passed 100/100.
pa23/tests/general/400-dependent-constant-lookup.t	pa23/tests/general	400	pass	fail	trusted_only		tool exit status mismatch (expected EXIT_SUCCESS, got EXIT_FAILURE)	constant-evaluation-dependent-template-values	8bafc1c42 materialize named static value member; 1407a001e shift-count width fix; 693cb4159 emit static members of complete-object class-template instantiations	Opus final pa23/plan.md Fix 14 and Loop 60 notes describe dependent static value reads, static_assert/template-argument distinction, and object-completion static emission.	Opus initial PA23 baseline passed this row (trusted_only seed); no Opus fixing transition, classification from test content plus Trusted seeded failure: tool exit status mismatch (expected EXIT_SUCCESS, got EXIT_FAILURE)	none	implementation-bug-only	pa23/tests/general/400-dependent-constant-lookup.t		no-action	seed=trusted_fail; source is C++11-valid and current/reference accept it, but Opus PA23 start 1963d796e already accepts this row; no Opus fail/fix transition, so no earlier-assignment reducer promoted.
pa23/tests/general/400-dependent-decltype-call-pack-expansion.t	pa23/tests/general	400	pass	fail	trusted_only		tool exit status mismatch (expected EXIT_SUCCESS, got EXIT_FAILURE)	decltype-and-unevaluated-deduction-sfinae-composition	d83a0c5d8 decltype(expr) as template argument; a641bffb4 unparenthesized member access decltype; 711524aaf decltype-of-call pack expansion; ab8927777 destructor-call detector idiom; 527d304ee unevaluated sizeof surrogate call; 7ed506338 const-eval decltype(member-template-call)::value	Opus final pa23/plan.md Work log item 12 and loop notes cover decltype, unevaluated sizeof, detector idioms, and pack-aware call typing.	Opus initial PA23 baseline passed this row (trusted_only seed); no Opus fixing transition, classification from test content plus Trusted seeded failure: tool exit status mismatch (expected EXIT_SUCCESS, got EXIT_FAILURE)	pa22	implementation-bug-only			no-action	seed=trusted_only; Opus PA23 start 1963d796e already accepts this row, so there is no Opus fail/fix transition for an earlier reducer backfill.
pa23/tests/general/400-dependent-function-type-member-specialization.t	pa23/tests/general	400	fail	fail	both_fail	tool exit status mismatch (expected EXIT_SUCCESS, got EXIT_FAILURE)	tool exit status mismatch (expected EXIT_SUCCESS, got EXIT_FAILURE)	function-type-template-argument-and-partial-specialization-matching	c6e155e08 pa23: pack-expansion parameter in function-type template arguments	Opus final pa23/plan.md Work log item 7 and loop notes identify function-type template arguments, cv/ref qualifiers, and function-type partial specializations.	Opus initial PA23 failure seeded from analysis/pa23-initial-failures: tool exit status mismatch (expected EXIT_SUCCESS, got EXIT_FAILURE)	pa21	feature-interaction-earliest-owner	relay<R(Args...)> replays a deduced function-type pack into arity<R(Args...)> and selects fixed or trailing-pack partials	pa21/tests/spec/100-function-type-pack-partial-specialization-replay.t	test-added	Backfilled in PA21 spec. Historical reducer failed at Opus PA23 start 1963d796e with non-constant static_assert and passed at c6e155e08; focused LowIR and witness checks passed.
pa23/tests/general/400-dependent-less-than-enable-if-alias-type-id.t	pa23/tests/general	400	pass	fail	trusted_only		tool exit status mismatch (expected EXIT_SUCCESS, got EXIT_FAILURE)	sfinae-substitution-with-alias-member-pack-and-detector-idioms	no Opus fixing transition; direct PA23 source already passes Opus PA23 start anchor	Opus final pa23/plan.md Fix 24-25d documents defaulted-NTTP SFINAE guards, alias guard folding, member-template guard dropping, detector idioms, and overload relinking.	Opus initial PA23 baseline passed this row; rechecked direct source at 1963d796e and it exits 0, so it fails the required historical reducer gate.	pa22	implementation-bug-only			no-action	seed=trusted_only; skipped for Opus-backed backfill because the direct PA23 source already passes at Opus start 1963d796e; Trusted-only failure should be revisited only in a Trusted-specific audit.
pa23/tests/general/400-dependent-less-than-enable-if-nontype-parameter.t	pa23/tests/general	400	pass	fail	trusted_only		tool exit status mismatch (expected EXIT_SUCCESS, got EXIT_FAILURE)	sfinae-substitution-with-alias-member-pack-and-detector-idioms	no Opus fixing transition; direct PA23 source already passes Opus PA23 start anchor	Opus final pa23/plan.md Fix 24-25d documents defaulted-NTTP SFINAE guards, alias guard folding, member-template guard dropping, detector idioms, and overload relinking.	Opus initial PA23 baseline passed this row; rechecked direct source at 1963d796e and it exits 0, so it fails the required historical reducer gate.	pa22	implementation-bug-only			no-action	seed=trusted_only; skipped for Opus-backed backfill because the direct PA23 source already passes at Opus start 1963d796e; Trusted-only failure should be revisited only in a Trusted-specific audit.
pa23/tests/general/400-dependent-multiarg-function-type-template-argument.t	pa23/tests/general	400	fail	fail	both_fail	tool exit status mismatch (expected EXIT_SUCCESS, got EXIT_FAILURE)	tool exit status mismatch (expected EXIT_SUCCESS, got EXIT_FAILURE)	function-type-template-argument-and-partial-specialization-matching	c6e155e08 pa23: pack-expansion parameter in function-type template arguments	Opus final pa23/plan.md Work log item 7 and loop notes identify function-type template arguments, cv/ref qualifiers, and function-type partial specializations.	Opus initial PA23 failure seeded from analysis/pa23-initial-failures: tool exit status mismatch (expected EXIT_SUCCESS, got EXIT_FAILURE)	pa21	feature-interaction-earliest-owner	relay<R(Args...)> replays one- and multi-argument function types into arity<R(Args...)>	pa21/tests/spec/100-function-type-pack-partial-specialization-replay.t	test-added	Backfilled in PA21 spec. Historical reducer failed at Opus PA23 start 1963d796e with non-constant static_assert and passed at c6e155e08; focused LowIR and witness checks passed.
pa23/tests/general/400-dependent-nontype-braced-cast-argument.t	pa23/tests/general	400	pass	fail	trusted_only		tool exit status mismatch (expected EXIT_SUCCESS, got EXIT_FAILURE)	integral-nontype-template-arguments-and-constant-values	8e4c41d4 non-type deduction in nested template-id partial-spec patterns; 8bafc1c42 static value member materialization	Opus final plan ties integral NTTP values and static value members to PA19 metaprogramming and later PA22 deduction.	Opus initial PA23 baseline passed this row (trusted_only seed); no Opus fixing transition, classification from test content plus Trusted seeded failure: tool exit status mismatch (expected EXIT_SUCCESS, got EXIT_FAILURE)	pa19	implementation-bug-only	pa23/tests/general/400-dependent-nontype-braced-cast-argument.t		no-action	seed=trusted_only; no earlier assignment test added because the PA23 source shape already passes the Opus PA23 start anchor 1963d796e and sampled commits 8e4c41d4/8bafc1c42 with unchanged LowIR; Trusted failure kept as secondary evidence only, but no reducer has an Opus start/fix transition.
pa23/tests/general/400-dependent-nontype-member-template-owner.t	pa23/tests/general	400	pass	fail	trusted_only		tool exit status mismatch (expected EXIT_SUCCESS, got EXIT_FAILURE)	member-template-ownership-and-out-of-class-definition-replay	42beb854b link out-of-class member function template definitions; e8325194b out-of-class constructor templates; fd6f3e485 member class template definitions; a6212a3e1 parameter labels; 768c32e9f overload pairing	Opus final pa23/plan.md Work log item 2 and Loop 56/61 notes identify member-template body relinking, class/member out-of-class definitions, and source-order overload pairing.	Opus initial PA23 baseline passed this row (trusted_only seed); no Opus fixing transition, classification from test content plus Trusted seeded failure: tool exit status mismatch (expected EXIT_SUCCESS, got EXIT_FAILURE)	pa21	no-missing-opus-feature	pa23/tests/general/400-dependent-nontype-member-template-owner.t		no-action	Exact PA23 source is g++ C++11 valid and current/reference compare clean; Opus start 1963d796e also compares clean to the external reference, so it does not prove a missing earlier assignment feature.
pa23/tests/general/400-dependent-owner-member-class-template-partial-specialization.t	pa23/tests/general	400	fail	fail	both_fail	tool exit status mismatch (expected EXIT_SUCCESS, got EXIT_FAILURE)	tool exit status mismatch (expected EXIT_SUCCESS, got EXIT_FAILURE)	class-partial-specialization-matching-ordering-with-dependent-args	72e996289 non-deduced-context partial specialization; 15a2e9c8d cv/trailing-pack matching and ordering; 7fcd5c92a defaulted trailing partial-spec args; a3c294645 function-type trailing pack; b444d928a array-bound class partial specialization; 8e4c41d4 nested NTTP deduction	Opus final plan Work log items 3/4/7/11/12 document partial-specialization matching, ordering, non-deduced contexts, function types, packs, defaults, and NTTPs.	Opus initial PA23 failure seeded from analysis/pa23-initial-failures: tool exit status mismatch (expected EXIT_SUCCESS, got EXIT_FAILURE)	pa21	harness-or-reference-issue	derive reduced example from pa23/tests/general/400-dependent-owner-member-class-template-partial-specialization.t		no-action	seed=both_fail; PA21 README: template entity/specialization model, alias/variable/member templates, TTPs, partial specialization, explicit-instantiation ownership; no assignment tests or refs added in this audit pass; Reference-blocked reducer: analysis/reducers/pa21-dependent-owner-member-class-template-partial-specialization.t; Opus start 1963d796e rejects and 0cf7d2de0 accepts, but external reference rejects out-of-class member class-template partial collection; g++ C++11 accepted; current compiler accepts; see analysis/reference-reducer-failures.md
pa23/tests/general/400-dependent-pack-typename-nontype-expression.t	pa23/tests/general	400	fail	fail	both_fail	tool exit status mismatch (expected EXIT_SUCCESS, got EXIT_FAILURE)	tool exit status mismatch (expected EXIT_SUCCESS, got EXIT_FAILURE)	non-type-template-argument-deduction-packs-and-static-values	8e4c41d4 nested template-id NTTP deduction; 984146a7c NTTP pack in nested template-id; b444d928a array-bound NTTP deduction in class partial spec; d062aba6a synthesize NTTP pack in partial ordering; 9cfd2427e bind NTTP pack on template/alias instantiation; 25727803a reference/pointer NTTPs	Opus final plan Work log items 11/12 and loop notes connect NTTP packs/static values with partial-specialization and deduction behavior.	Opus initial PA23 failure seeded from analysis/pa23-initial-failures: tool exit status mismatch (expected EXIT_SUCCESS, got EXIT_FAILURE)	pa21	missing-earlier-feature	pa21/tests/general/400-dependent-pack-typename-nontype-expression.t	pa21/tests/general/400-dependent-pack-typename-nontype-expression.t	test-added	Exact PA23 source promoted as PA21 pack-expanded non-type expression reducer; g++ C++11 valid; current/reference compare clean; Opus start 1963d796e rejects, Opus 1434a6e11 compares clean; focused PA21 check, placement audit, and PA21 report passed.
pa23/tests/general/400-dependent-qualified-inherited-member-type.t	pa23/tests/general	400	pass	fail	trusted_only		tool timed out (expected EXIT_SUCCESS, got EXIT_TIMEOUT)	dependent-base-and-inherited-constructor-template-integration	27f04fc71 inherited constructor template from dependent base; 37911131f route inherited ctor template by arity; 33cb6e026 spread pack parameter names; dca15bce inherited ctor template wrapper; 0ed91f49d drain inherited-ctor wrapper	Opus final pa23/plan.md Loop 58/60 notes track inherited constructor templates, dependent bases, pack forwarding, wrapper emission, and partial-specialization combinations.	Opus initial PA23 baseline passed this row (trusted_only seed); no Opus fixing transition, classification from test content plus Trusted seeded failure: tool timed out (expected EXIT_SUCCESS, got EXIT_TIMEOUT)	pa22	implementation-bug-only	direct PA23 reducer common_type<duration<int,int>, duration<int,int> >::type		no-action	Skipped: direct PA23 reducer already passes the Opus PA23 start anchor 1963d796e, so it fails the required historical reducer gate for an Opus-backed earlier test. No PA22 backfill added from this row.
pa23/tests/general/400-dependent-remove-cv-transform-alias-substitution.t	pa23/tests/general	400	fail	fail	both_fail	tool exit status mismatch (expected EXIT_SUCCESS, got EXIT_FAILURE)	tool exit status mismatch (expected EXIT_SUCCESS, got EXIT_FAILURE)	vendor-builtin-template-traits-and-pack-intrinsics	21c3199fa __type_pack_element; cc00b5bf8 builtin unary type transforms; 44d58bf2e __make_integer_seq	Opus plan work log and loop notes call out vendor builtins/type transforms as PA23-forced compatibility forms needing owner decisions.	Opus initial PA23 failure seeded from analysis/pa23-initial-failures: tool exit status mismatch (expected EXIT_SUCCESS, got EXIT_FAILURE)	pa22-portable-candidate	portable-rewrite-pending-validation	portable PA23 source rewritten; reduce from pa23/tests/general/400-dependent-remove-cv-transform-alias-substitution.t		no-action	seed=both_fail; portable rewrite pass 2026-06-30: replaced hosted __remove_cv transform with local C++11 remove_cv helper; g++/clang C++11 syntax, current cppgm compile, focused PA23 check, and PA19-PA23 placement audit passed. No earlier assignment test added yet; rerun Opus start/fix and external reference gates for the portable form before promotion. Intrinsic-specific coverage remains in PA34 compile tests.
pa23/tests/general/400-elaborated-type-template-arg-false-branch.t	pa23/tests/general	400	fail	pass	opus_only	tool exit status mismatch (expected EXIT_SUCCESS, got EXIT_FAILURE)		elaborated-type-template-argument	4ffffe9df elaborated-type-specifier as a template argument	Opus final pa23/plan.md Work log item 7 names elaborated-type template arguments such as If<B, struct PrivateNat, int>.	Opus initial PA23 failure seeded from analysis/pa23-initial-failures: tool exit status mismatch (expected EXIT_SUCCESS, got EXIT_FAILURE)	pa21	missing-earlier-feature	pa21/tests/spec/200-elaborated-type-template-argument.t	pa21/tests/spec/200-elaborated-type-template-argument.t	test-added	seed=opus_only; PA21 README: template entity/specialization model, alias/variable/member templates, TTPs, partial specialization, explicit-instantiation ownership; no assignment tests or refs added in this audit pass; reducer validation: smaller /tmp reducer failed at Opus start 1963d796e with unknown type name If<false,struct PrivateNat,int> and passed at Opus fix 4ffffe9df; LowIR and witness refs generated with /home/vishvananda/work/phases/reference-binaries/cppgm++
pa23/tests/general/400-elaborated-type-template-arg-true-branch.t	pa23/tests/general	400	fail	pass	opus_only	tool exit status mismatch (expected EXIT_SUCCESS, got EXIT_FAILURE)		elaborated-type-template-argument	4ffffe9df elaborated-type-specifier as a template argument	Opus final pa23/plan.md Work log item 7 names elaborated-type template arguments such as If<B, struct PrivateNat, int>.	Opus initial PA23 failure seeded from analysis/pa23-initial-failures: tool exit status mismatch (expected EXIT_SUCCESS, got EXIT_FAILURE)	pa21	missing-earlier-feature	pa21/tests/spec/200-elaborated-type-template-argument.t	pa21/tests/spec/200-elaborated-type-template-argument.t	test-added	seed=opus_only; PA21 README: template entity/specialization model, alias/variable/member templates, TTPs, partial specialization, explicit-instantiation ownership; no assignment tests or refs added in this audit pass; reducer validation: smaller /tmp reducer failed at Opus start 1963d796e with unknown type name If<false,struct PrivateNat,int> and passed at Opus fix 4ffffe9df; LowIR and witness refs generated with /home/vishvananda/work/phases/reference-binaries/cppgm++
pa23/tests/general/400-empty-pack-explicit-specialization.t	pa23/tests/general	400	pass	fail	trusted_only		tool exit status mismatch (expected EXIT_SUCCESS, got EXIT_FAILURE)	explicit-specialization-and-explicit-instantiation-ownership	0044efd8b explicit-instantiation lowering; 447aab065 stale primary refresh; b9c1574cb member-function explicit specialization; 569fcbd79 member-function explicit instantiation; fb9e82eeb full explicit-specialization defaults	Opus final plan Work log items 9/11 plus explicit-specialization rejection notes cover stale-primary refresh, member ownership, static data, and explicit-instantiation lowering.	Opus initial PA23 baseline passed this row (trusted_only seed); no Opus fixing transition, classification from test content plus Trusted seeded failure: tool exit status mismatch (expected EXIT_SUCCESS, got EXIT_FAILURE)	pa21	implementation-bug-only			no-action	no earlier assignment test added: PA23 source accepts at Opus PA23 start 1963d796e and sampled explicit-specialization commits, so there is no Opus fail/fix transition proving a missing earlier reducer
pa23/tests/general/400-forward-function-type-partial-specialization-pack-arity.t	pa23/tests/general	400	fail	fail	both_fail	tool exit status mismatch (expected EXIT_SUCCESS, got EXIT_FAILURE)	tool exit status mismatch (expected EXIT_SUCCESS, got EXIT_FAILURE)	class-partial-specialization-matching-ordering-with-dependent-args	72e996289 non-deduced-context partial specialization; 15a2e9c8d cv/trailing-pack matching and ordering; 7fcd5c92a defaulted trailing partial-spec args; a3c294645 function-type trailing pack; b444d928a array-bound class partial specialization; 8e4c41d4 nested NTTP deduction	Opus final plan Work log items 3/4/7/11/12 document partial-specialization matching, ordering, non-deduced contexts, function types, packs, defaults, and NTTPs.	Opus initial PA23 failure seeded from analysis/pa23-initial-failures: tool exit status mismatch (expected EXIT_SUCCESS, got EXIT_FAILURE)	pa21	feature-interaction-earliest-owner	pa21/tests/general/400-forward-function-type-partial-specialization-pack-arity.t	pa21/tests/general/400-forward-function-type-partial-specialization-pack-arity.t	test-added	seed=both_fail; PA21 README: template entity/specialization model, alias/variable/member templates, TTPs, partial specialization, explicit-instantiation ownership; no assignment tests or refs added in this audit pass; Backfilled in PA21; reducer validation: g++ C++11 accepted, Opus start 1963d796e rejects; a3c294645 accepts; LowIR refs generated with external reference binary using --emit-lowir -O0; focused PA21 check passed; no witness sidecar added pending clang witness oracle
pa23/tests/general/400-function-parameter-pack-alias-expansion.t	pa23/tests/general	400	fail	pass	opus_only	tool exit status mismatch (expected EXIT_SUCCESS, got EXIT_FAILURE)		alias-template-dependent-expansion-and-rebinding	72e996289 alias-template pack binding; 3bec27bf4 alias-template-id qualifier in value context; 45820ae4b default args in alias expansion; e32a4ae29 value-context alias defaults; 05bc9195a forwarding alias patterns; 743b7a920 dependent alias pack patterns	Opus final pa23/plan.md Work log item 3 and Loop 56/57 notes identify alias-template expansion, defaults, dependent qualifiers, and pack-preserving rebinding.	Opus initial PA23 failure seeded from analysis/pa23-initial-failures: tool exit status mismatch (expected EXIT_SUCCESS, got EXIT_FAILURE)	pa21	feature-interaction-earliest-owner	analysis/reducers/pa21-function-parameter-pack-alias-expansion.t	pa21/tests/general/400-function-parameter-pack-alias-expansion.t	test-added	seed=both_fail; added PA21 function-parameter pack alias expansion reducer; Opus start 1963d796e rejected undeclared Box<>::f and Opus commit 05bc9195a accepted; external refs and witness refs generated; focused check and witness compare passed; placement audit pa21 --fail-on-early passed; PA21 report passed 101/101.
pa23/tests/general/400-function-type-cv-partial-specialization.t	pa23/tests/general	400	fail	fail	both_fail	tool exit status mismatch (expected EXIT_SUCCESS, got EXIT_FAILURE)	tool exit status mismatch (expected EXIT_SUCCESS, got EXIT_FAILURE)	class-partial-specialization-matching-ordering-with-dependent-args	72e996289 non-deduced-context partial specialization; 15a2e9c8d cv/trailing-pack matching and ordering; 7fcd5c92a defaulted trailing partial-spec args; a3c294645 function-type trailing pack; b444d928a array-bound class partial specialization; 8e4c41d4 nested NTTP deduction	Opus final plan Work log items 3/4/7/11/12 document partial-specialization matching, ordering, non-deduced contexts, function types, packs, defaults, and NTTPs.	Opus initial PA23 failure seeded from analysis/pa23-initial-failures: tool exit status mismatch (expected EXIT_SUCCESS, got EXIT_FAILURE)	pa21	harness-or-reference-issue	derive reduced example from pa23/tests/general/400-function-type-cv-partial-specialization.t		no-action	seed=both_fail; PA21 README: template entity/specialization model, alias/variable/member templates, TTPs, partial specialization, explicit-instantiation ownership; no assignment tests or refs added in this audit pass; Reference-blocked reducer: analysis/reducers/pa21-function-type-cv-partial-specialization.t; Opus start 1963d796e rejects and b444d928a accepts, but external reference reports ambiguous function-type cv partial specialization; g++ C++11 accepted; current compiler accepts; see analysis/reference-reducer-failures.md
pa23/tests/general/400-function-type-pack-out-of-class-constructor-template.t	pa23/tests/general	400	fail	fail	both_fail	generated LowIR does not match reference after relaxed metadata canonicalization and order canonicalization; canonical diff written to tests/general/400-function-type-pack-out-of-class-constructor-template.my.lowir.compare.diff	generated LowIR does not match reference after relaxed metadata canonicalization and order canonicalization; canonical diff written to tests/general/400-function-type-pack-out-of-class-constructor-template.my.lowir.compare.diff	member-template-ownership-and-out-of-class-definition-replay	42beb854b link out-of-class member function template definitions; e8325194b out-of-class constructor templates; fd6f3e485 member class template definitions; a6212a3e1 parameter labels; 768c32e9f overload pairing	Opus final pa23/plan.md Work log item 2 and Loop 56/61 notes identify member-template body relinking, class/member out-of-class definitions, and source-order overload pairing.	Opus initial PA23 failure seeded from analysis/pa23-initial-failures: generated LowIR does not match reference after relaxed metadata canonicalization and order canonicalization; canonical diff written to tests/general/400-function-type-pack-out-of-class-constructor-template.my.lowir.compare.diff	pa22	historical-validation-missing	analysis/reducers/pa22-function-type-pack-out-of-class-constructor-template.t		no-action	Ref-stable PA22-shaped reducer is g++ C++11 valid and current/reference compare clean, and Opus start 1963d796e mismatches; however it still mismatches at e8325194b, 768c32e9f, 33af1a9bc, 12776773c, and 1434a6e11. No identified Opus fix commit validated, so no assignment test was added.
pa23/tests/general/400-function-type-partial-specialization-fixed-arity-over-pack.t	pa23/tests/general	400	pass	fail	trusted_only		tool exit status mismatch (expected EXIT_SUCCESS, got EXIT_FAILURE)	class-partial-specialization-matching-ordering-with-dependent-args	72e996289 non-deduced-context partial specialization; 15a2e9c8d cv/trailing-pack matching and ordering; 7fcd5c92a defaulted trailing partial-spec args; a3c294645 function-type trailing pack; b444d928a array-bound class partial specialization; 8e4c41d4 nested NTTP deduction	Opus final plan Work log items 3/4/7/11/12 document partial-specialization matching, ordering, non-deduced contexts, function types, packs, defaults, and NTTPs.	Opus initial PA23 baseline passed this row (trusted_only seed); no Opus fixing transition, classification from test content plus Trusted seeded failure: tool exit status mismatch (expected EXIT_SUCCESS, got EXIT_FAILURE)	pa21	direct-start-pass	derive reduced example from pa23/tests/general/400-function-type-partial-specialization-fixed-arity-over-pack.t		no-action	seed=trusted_only; PA21 README: template entity/specialization model, alias/variable/member templates, TTPs, partial specialization, explicit-instantiation ownership; no assignment tests or refs added in this audit pass; direct PA23 source accepted at Opus start 1963d796e and emitted identical LowIR through sampled fixes; no earlier reducer added
pa23/tests/general/400-function-type-ref-qualified-partial-specialization.t	pa23/tests/general	400	fail	fail	both_fail	tool exit status mismatch (expected EXIT_SUCCESS, got EXIT_FAILURE)	tool exit status mismatch (expected EXIT_SUCCESS, got EXIT_FAILURE)	class-partial-specialization-matching-ordering-with-dependent-args	72e996289 non-deduced-context partial specialization; 15a2e9c8d cv/trailing-pack matching and ordering; 7fcd5c92a defaulted trailing partial-spec args; a3c294645 function-type trailing pack; b444d928a array-bound class partial specialization; 8e4c41d4 nested NTTP deduction	Opus final plan Work log items 3/4/7/11/12 document partial-specialization matching, ordering, non-deduced contexts, function types, packs, defaults, and NTTPs.	Opus initial PA23 failure seeded from analysis/pa23-initial-failures: tool exit status mismatch (expected EXIT_SUCCESS, got EXIT_FAILURE)	pa21	harness-or-reference-issue	derive reduced example from pa23/tests/general/400-function-type-ref-qualified-partial-specialization.t		no-action	seed=both_fail; PA21 README: template entity/specialization model, alias/variable/member templates, TTPs, partial specialization, explicit-instantiation ownership; no assignment tests or refs added in this audit pass; Reference-blocked reducer: analysis/reducers/pa21-function-type-ref-qualified-partial-specialization.t; Opus start 1963d796e rejects and f31e61547 accepts, but external reference fails the ref-qualified function-type selection static_assert; g++ C++11 accepted; current compiler accepts; see analysis/reference-reducer-failures.md
pa23/tests/general/400-function-type-tail-pack-recursive-specialization.t	pa23/tests/general	400	fail	fail	both_fail	tool exit status mismatch (expected EXIT_SUCCESS, got EXIT_FAILURE)	tool exit status mismatch (expected EXIT_SUCCESS, got EXIT_FAILURE)	function-type-template-argument-and-partial-specialization-matching	c6e155e08 pa23: pack-expansion parameter in function-type template arguments	Opus final pa23/plan.md Work log item 7 and loop notes identify function-type template arguments, cv/ref qualifiers, and function-type partial specializations.	Opus initial PA23 failure seeded from analysis/pa23-initial-failures: tool exit status mismatch (expected EXIT_SUCCESS, got EXIT_FAILURE)	pa21	feature-interaction-earliest-owner	arity<R(A, Rest...)> matches a function-type argument with a trailing parameter pack after replay through relay<R(Args...)>	pa21/tests/spec/100-function-type-pack-partial-specialization-replay.t	test-added	Backfilled in PA21 spec. Historical reducer failed at Opus PA23 start 1963d796e with non-constant static_assert and passed at c6e155e08; focused LowIR and witness checks passed.
pa23/tests/general/400-generic-alias-sfinae-fallback.t	pa23/tests/general	400	pass	fail	trusted_only		tool exit status mismatch (expected EXIT_SUCCESS, got EXIT_FAILURE)	sfinae-substitution-with-alias-member-pack-and-detector-idioms	no Opus fixing transition; direct PA23 source already passes Opus PA23 start anchor	Opus final pa23/plan.md Fix 24-25d documents defaulted-NTTP SFINAE guards, alias guard folding, member-template guard dropping, detector idioms, and overload relinking.	Opus initial PA23 baseline passed this row; rechecked direct source at 1963d796e and it exits 0, so it fails the required historical reducer gate.	pa22	implementation-bug-only			no-action	seed=trusted_only; skipped for Opus-backed backfill because the direct PA23 source already passes at Opus start 1963d796e; Trusted-only failure should be revisited only in a Trusted-specific audit.
pa23/tests/general/400-inherited-qualified-alias-template-type.t	pa23/tests/general	400	pass	fail	trusted_only		tool exit status mismatch (expected EXIT_SUCCESS, got EXIT_FAILURE)	dependent-base-and-inherited-constructor-template-integration	27f04fc71 inherited constructor template from dependent base; 37911131f route inherited ctor template by arity; 33cb6e026 spread pack parameter names; dca15bce inherited ctor template wrapper; 0ed91f49d drain inherited-ctor wrapper	Opus final pa23/plan.md Loop 58/60 notes track inherited constructor templates, dependent bases, pack forwarding, wrapper emission, and partial-specialization combinations.	Opus initial PA23 baseline passed this row (trusted_only seed); no Opus fixing transition, classification from test content plus Trusted seeded failure: tool exit status mismatch (expected EXIT_SUCCESS, got EXIT_FAILURE)	pa22	implementation-bug-only	direct PA23 reducer DerivedTraits<T> inherits BaseTraits<T>::rebind_traits alias template		no-action	Skipped: direct PA23 reducer already passes the Opus PA23 start anchor 1963d796e, so it fails the required historical reducer gate for an Opus-backed earlier test. No PA22 backfill added from this row.
pa23/tests/general/400-instantiated-function-fixed-prefix-pack-tail.t	pa23/tests/general	400	fail	pass	opus_only	tool exit status mismatch (expected EXIT_SUCCESS, got EXIT_FAILURE)		pack-expansion-deduction-and-instantiation-composition	5d099bdf6 general pack-expansion template args; 569e97b48 nested pack expansion in partial-spec arg; 694ae370e co-varying type pack call expansion; c6e155e08 function-type pack args; b449e7c8c nested template-id function parameter pack; 0e6333441 bind pack-expanded args to non-pack params	Opus final pa23/plan.md Work log items 6/8/11 and Loop 57/60 notes identify pack expansion through partial specs, calls, aliases, and function types.	Opus initial PA23 failure seeded from analysis/pa23-initial-failures: tool exit status mismatch (expected EXIT_SUCCESS, got EXIT_FAILURE)	pa19	missing-earlier-feature	pa19/tests/general/200-instantiated-function-fixed-prefix-pack-tail.t	pa19/tests/general/200-instantiated-function-fixed-prefix-pack-tail.t	test-added	Exact PA23 source promoted as PA19 fixed-prefix function parameter-pack tail reducer; g++ C++11 valid; current/reference compare clean; Opus start 1963d796e crashes/rejects, Opus 1434a6e11 compares clean; focused PA19 check, placement audit, and PA19 report passed.
pa23/tests/general/400-lazy-implicit-special-member-materialization.t	pa23/tests/general	400	pass	fail	trusted_only		tool exit status mismatch (expected EXIT_SUCCESS, got EXIT_FAILURE)	constant-evaluation-dependent-template-values	8bafc1c42 materialize named static value member; 1407a001e shift-count width fix; 693cb4159 emit static members of complete-object class-template instantiations	Opus final pa23/plan.md Fix 14 and Loop 60 notes describe dependent static value reads, static_assert/template-argument distinction, and object-completion static emission.	Opus initial PA23 baseline passed this row (trusted_only seed); no Opus fixing transition, classification from test content plus Trusted seeded failure: tool exit status mismatch (expected EXIT_SUCCESS, got EXIT_FAILURE)	none	implementation-bug-only	pa23/tests/general/400-lazy-implicit-special-member-materialization.t		no-action	seed=trusted_fail; source is C++11-valid and current/reference accept it, but Opus PA23 start 1963d796e already accepts this row; no Opus fail/fix transition, so no earlier-assignment reducer promoted.
pa23/tests/general/400-member-alias-template-owner-rebind-cache.t	pa23/tests/general	400	fail	fail	both_fail	tool exit status mismatch (expected EXIT_SUCCESS, got EXIT_FAILURE)	tool exit status mismatch (expected EXIT_SUCCESS, got EXIT_FAILURE)	alias-template-dependent-expansion-and-rebinding	72e996289 alias-template pack binding; 3bec27bf4 alias-template-id qualifier in value context; 45820ae4b default args in alias expansion; e32a4ae29 value-context alias defaults; 05bc9195a forwarding alias patterns; 743b7a920 dependent alias pack patterns	Opus final pa23/plan.md Work log item 3 and Loop 56/57 notes identify alias-template expansion, defaults, dependent qualifiers, and pack-preserving rebinding.	Opus initial PA23 failure seeded from analysis/pa23-initial-failures: tool exit status mismatch (expected EXIT_SUCCESS, got EXIT_FAILURE)	pa21-or-pa22	harness-or-reference-issue	analysis/reducers/pa21-member-alias-template-owner-rebind-cache.t	pa21/tests/general/400-member-alias-template-owner-rebind-cache.t (not added; reference-blocked)	no-action	seed=both_fail; skipped after validation because Opus start 1963d796e rejected a non-constant static_assert and Opus commit 3bec27bf4 accepted, but external reference LowIR includes extra EH runtime declarations not emitted by current PA21; recorded in analysis/reference-reducer-failures.md.
pa23/tests/general/400-member-alias-template-template-dependent-replay.t	pa23/tests/general	400	fail	fail	both_fail	tool exit status mismatch (expected EXIT_SUCCESS, got EXIT_FAILURE)	tool exit status mismatch (expected EXIT_SUCCESS, got EXIT_FAILURE)	template-template-parameter-deduction-and-alias-forwarding	07373f00d TTP deduction in partial specializations; 4bc0c87fe alias-expanded TTP args; 54e85f719 TTP SFINAE binding; 670045ef2 member template as TTP arg; 1434a6e11 synthetic __ttdeduce args	Opus final plan Work log and Loop 57/60 notes cover template-template deduction through aliases, member templates, defaults, and nested >=2-arg cases.	Opus initial PA23 failure seeded from analysis/pa23-initial-failures: tool exit status mismatch (expected EXIT_SUCCESS, got EXIT_FAILURE)	pa21	harness-or-reference-issue	analysis/reducers/pa21-member-alias-template-template-dependent-replay.t		no-action	seed=both_fail; reducer is C++11-valid and current accepts it, but external reference rejects replace_if_q member-alias TTP replay as unsupported alias template instantiation; recorded in analysis/reference-reducer-failures.md as reference-compiler-bug.
pa23/tests/general/400-member-alias-template-template-empty-template-id-argument.t	pa23/tests/general	400	fail	fail	both_fail	tool exit status mismatch (expected EXIT_SUCCESS, got EXIT_FAILURE)	tool exit status mismatch (expected EXIT_SUCCESS, got EXIT_FAILURE)	template-template-parameter-deduction-and-alias-forwarding	07373f00d TTP deduction in partial specializations; 4bc0c87fe alias-expanded TTP args; 54e85f719 TTP SFINAE binding; 670045ef2 member template as TTP arg; 1434a6e11 synthetic __ttdeduce args	Opus final plan Work log and Loop 57/60 notes cover template-template deduction through aliases, member templates, defaults, and nested >=2-arg cases.	Opus initial PA23 failure seeded from analysis/pa23-initial-failures: tool exit status mismatch (expected EXIT_SUCCESS, got EXIT_FAILURE)	pa21	harness-or-reference-issue	analysis/reducers/pa21-member-alias-template-template-empty-template-id-argument.t		no-action	seed=both_fail; reducer is C++11-valid and current accepts it, but external reference rejects the transform_impl typedef using a member alias template and empty class template-id argument; recorded in analysis/reference-reducer-failures.md as reference-compiler-bug.
pa23/tests/general/400-member-alias-template-template-owner-argument.t	pa23/tests/general	400	fail	fail	both_fail	tool exit status mismatch (expected EXIT_SUCCESS, got EXIT_FAILURE)	generated LowIR does not match reference after relaxed metadata canonicalization and order canonicalization; canonical diff written to tests/general/400-member-alias-template-template-owner-argument.my.lowir.compare.diff	template-template-parameter-deduction-and-alias-forwarding	07373f00d TTP deduction in partial specializations; 4bc0c87fe alias-expanded TTP args; 54e85f719 TTP SFINAE binding; 670045ef2 member template as TTP arg; 1434a6e11 synthetic __ttdeduce args	Opus final plan Work log and Loop 57/60 notes cover template-template deduction through aliases, member templates, defaults, and nested >=2-arg cases.	Opus initial PA23 failure seeded from analysis/pa23-initial-failures: tool exit status mismatch (expected EXIT_SUCCESS, got EXIT_FAILURE)	pa21	harness-or-reference-issue	analysis/reducers/pa21-member-template-as-template-template-argument.t	pa21/tests/general/300-member-template-as-template-template-argument.t (not added; reference-blocked)	no-action	Type-only qualified member-template-as-template-template-argument reducer is g++ C++11 valid; Opus start 1963d796e rejects and Opus 670045ef2/current accept, but external reference leaves result_t unresolved and fails static_assert. See analysis/reference-reducer-failures.md.
pa23/tests/general/400-member-alias-template-template-sfinae-owner.t	pa23/tests/general	400	fail	fail	both_fail	tool exit status mismatch (expected EXIT_SUCCESS, got EXIT_FAILURE)	tool exit status mismatch (expected EXIT_SUCCESS, got EXIT_FAILURE)	sfinae-substitution-with-alias-member-pack-and-detector-idioms	1a232426b bind deduced pack into concreteScope; 9a209b88e fold member-template guards; cc29768af alias guard folding; 768c32e9f out-of-class SFINAE overload pairing	Opus final pa23/plan.md Fix 24-25d documents defaulted-NTTP SFINAE guards, alias guard folding, member-template guard dropping, detector idioms, and overload relinking.	Opus initial PA23 failure seeded from analysis/pa23-initial-failures: tool exit status mismatch (expected EXIT_SUCCESS, got EXIT_FAILURE)	pa22	harness-or-reference-issue	analysis/reducers/pa22-member-alias-template-template-sfinae-owner.t	pa22/tests/general/400-member-alias-template-template-sfinae-owner.t (not added; reference-blocked)	no-action	seed=both_fail; skipped after validation because Opus start 1963d796e rejected unknown valid<quoted_identity::template fn,void> and Opus commit 1a232426b accepted, but the external reference compiler rejects the C++11-valid reducer with failed alias template argument resolution; recorded in analysis/reference-reducer-failures.md.
pa23/tests/general/400-member-template-class-pack-forward-before-token.t	pa23/tests/general	400	fail	pass	opus_only	tool exit status mismatch (expected EXIT_SUCCESS, got EXIT_FAILURE)		constructor-and-conversion-template-deduction-overload-selection	12a043a36 converting ctor-template reference binding; 06faea325 prefer rvalue ctor template; a6c373488 ICS ctor selection; 8282e47cf by-value converting ctor template; 6e909ebd5 conversion-function-template copy-init; f8660aa27 assignment via conversion operator	Opus final plan Loop 55/56 and Work log item 11 describe constructor/conversion-template deduction, overload ranking, copy-init, and assignment conversion composition.	Opus initial PA23 failure seeded from analysis/pa23-initial-failures: tool exit status mismatch (expected EXIT_SUCCESS, got EXIT_FAILURE)	pa18	harness-or-reference-issue	analysis/reducers/pa18-member-template-class-pack-forward-before-token.t		no-action	seed=opus_only; reducer is C++11-valid and current accepts it, but external reference rejects by binding the parameter-pack value to the wrong argument before the trailing token parameter; recorded in analysis/reference-reducer-failures.md as reference-compiler-bug.
pa23/tests/general/400-member-template-explicit-local-typedef-call.t	pa23/tests/general	400	fail	pass	opus_only	generated LowIR does not match reference after relaxed metadata canonicalization and order canonicalization; canonical diff written to tests/general/400-member-template-explicit-local-typedef-call.my.lowir.compare.diff		member-template-entity-and-call-integration	42beb854b member template definition relink; 7571a0d7b using-declaration imports member template overloads; 670045ef2 member template as TTP arg; 24db2e7ce using-imported member-template this adjustment	Opus plan loop notes cover member-template lookup/call/import behavior across class scopes and template argument forms.	Opus initial PA23 failure seeded from analysis/pa23-initial-failures: generated LowIR does not match reference after relaxed metadata canonicalization and order canonicalization; canonical diff written to tests/general/400-member-template-explicit-local-typedef-call.my.lowir.compare.diff	pa21	implementation-bug-only	analysis/reducers/pa21-explicit-member-template-call-local-typedef.t		no-action	Reduced PA21 explicit member-template call through local typedef is g++ C++11 valid and passes unchanged at Opus start 1963d796e through sampled fixes; no earlier backfill warranted for the isolated feature.
pa23/tests/general/400-nested-member-template-base-param-shadow-value.t	pa23/tests/general	400	pass	fail	trusted_only		tool exit status mismatch (expected EXIT_SUCCESS, got EXIT_FAILURE)	constructor-and-conversion-template-deduction-overload-selection	12a043a36 converting ctor-template reference binding; 06faea325 prefer rvalue ctor template; a6c373488 ICS ctor selection; 8282e47cf by-value converting ctor template; 6e909ebd5 conversion-function-template copy-init; f8660aa27 assignment via conversion operator	Opus final plan Loop 55/56 and Work log item 11 describe constructor/conversion-template deduction, overload ranking, copy-init, and assignment conversion composition.	Opus initial PA23 baseline passed this row (trusted_only seed); no Opus fixing transition, classification from test content plus Trusted seeded failure: tool exit status mismatch (expected EXIT_SUCCESS, got EXIT_FAILURE)	pa21	harness-or-reference-issue	analysis/reducers/pa21-nested-member-template-base-param-shadow-value.t		no-action	seed=trusted_only; source is C++11-valid and current accepts it; Opus PA23 start 1963d796e already accepts this row, so it does not prove a missing earlier reducer; external reference rejects the valid source with failed packed::reservable static_assert; recorded in analysis/reference-reducer-failures.md as reference-compiler-bug.
pa23/tests/general/400-nested-pack-expansion-outer-type-pack.t	pa23/tests/general	400	fail	fail	both_fail	tool exit status mismatch (expected EXIT_SUCCESS, got EXIT_FAILURE)	tool exit status mismatch (expected EXIT_SUCCESS, got EXIT_FAILURE)	pack-expansion-deduction-and-instantiation-composition	5d099bdf6 general pack-expansion template args; 569e97b48 nested pack expansion in partial-spec arg; 694ae370e co-varying type pack call expansion; c6e155e08 function-type pack args; b449e7c8c nested template-id function parameter pack; 0e6333441 bind pack-expanded args to non-pack params	Opus final pa23/plan.md Work log items 6/8/11 and Loop 57/60 notes identify pack expansion through partial specs, calls, aliases, and function types.	Opus initial PA23 failure seeded from analysis/pa23-initial-failures: tool exit status mismatch (expected EXIT_SUCCESS, got EXIT_FAILURE)	pa21	harness-or-reference-issue	pa23/tests/general/400-nested-pack-expansion-outer-type-pack.t		no-action	Exact source is g++ C++11 valid and both compilers accept, but external reference emits the wrong branch value for nested outer type-pack expansion; Opus 1434a6e11 still mismatches the reference. Logged in analysis/reference-reducer-failures.md; no PA21 test added.
pa23/tests/general/400-nontype-pack-comma-expression-syntax.t	pa23/tests/general	400	fail	fail	both_fail	tool exit status mismatch (expected EXIT_SUCCESS, got EXIT_FAILURE)	tool exit status mismatch (expected EXIT_SUCCESS, got EXIT_FAILURE)	non-type-template-argument-deduction-packs-and-static-values	8e4c41d4 nested template-id NTTP deduction; 984146a7c NTTP pack in nested template-id; b444d928a array-bound NTTP deduction in class partial spec; d062aba6a synthesize NTTP pack in partial ordering; 9cfd2427e bind NTTP pack on template/alias instantiation; 25727803a reference/pointer NTTPs	Opus final plan Work log items 11/12 and loop notes connect NTTP packs/static values with partial-specialization and deduction behavior.	Opus initial PA23 failure seeded from analysis/pa23-initial-failures: tool exit status mismatch (expected EXIT_SUCCESS, got EXIT_FAILURE)	pa21	missing-earlier-feature	pa21/tests/general/400-nontype-pack-comma-expression-syntax.t	pa21/tests/general/400-nontype-pack-comma-expression-syntax.t	test-added	Exact PA23 source promoted as PA21 non-type pack comma-expression syntax reducer; g++ C++11 valid; current/reference compare clean; Opus start 1963d796e rejects, Opus 1434a6e11 compares clean; focused PA21 check, placement audit, and PA21 report passed.
pa23/tests/general/400-nttp-pack-void-comma-expression.t	pa23/tests/general	400	fail	fail	both_fail	tool exit status mismatch (expected EXIT_SUCCESS, got EXIT_FAILURE)	tool exit status mismatch (expected EXIT_SUCCESS, got EXIT_FAILURE)	non-type-template-argument-deduction-packs-and-static-values	8e4c41d4 nested template-id NTTP deduction; 984146a7c NTTP pack in nested template-id; b444d928a array-bound NTTP deduction in class partial spec; d062aba6a synthesize NTTP pack in partial ordering; 9cfd2427e bind NTTP pack on template/alias instantiation; 25727803a reference/pointer NTTPs	Opus final plan Work log items 11/12 and loop notes connect NTTP packs/static values with partial-specialization and deduction behavior.	Opus initial PA23 failure seeded from analysis/pa23-initial-failures: tool exit status mismatch (expected EXIT_SUCCESS, got EXIT_FAILURE)	pa21	missing-earlier-feature	pa21/tests/general/400-nttp-pack-void-comma-expression.t	pa21/tests/general/400-nttp-pack-void-comma-expression.t	test-added	Exact PA23 source promoted as PA21 non-type pack void-comma expression reducer; g++ C++11 valid; current/reference compare clean; Opus start 1963d796e rejects, Opus 1434a6e11 compares clean; focused PA21 check, placement audit, and PA21 report passed.
pa23/tests/general/400-out-of-class-ctor-using-imported-member-template.t	pa23/tests/general	400	fail	fail	both_fail	generated LowIR does not match reference after relaxed metadata canonicalization and order canonicalization; canonical diff written to tests/general/400-out-of-class-ctor-using-imported-member-template.my.lowir.compare.diff	generated LowIR does not match reference after relaxed metadata canonicalization and order canonicalization; canonical diff written to tests/general/400-out-of-class-ctor-using-imported-member-template.my.lowir.compare.diff	member-template-ownership-and-out-of-class-definition-replay	42beb854b link out-of-class member function template definitions; e8325194b out-of-class constructor templates; fd6f3e485 member class template definitions; a6212a3e1 parameter labels; 768c32e9f overload pairing	Opus final pa23/plan.md Work log item 2 and Loop 56/61 notes identify member-template body relinking, class/member out-of-class definitions, and source-order overload pairing.	Opus initial PA23 failure seeded from analysis/pa23-initial-failures: generated LowIR does not match reference after relaxed metadata canonicalization and order canonicalization; canonical diff written to tests/general/400-out-of-class-ctor-using-imported-member-template.my.lowir.compare.diff	pa21	missing-earlier-feature	analysis/reducers/pa21-out-of-class-ctor-using-imported-member-template.t	pa21/tests/general/300-out-of-class-ctor-using-imported-member-template.t	test-added	PA21 out-of-class constructor-template body using an imported member template; g++ C++11 valid; current/reference compare clean; Opus start 1963d796e mismatches, Opus 768c32e9f compares clean; focused PA21 check, placement audit, and PA21 report passed.
pa23/tests/general/400-out-of-class-member-template-definition.t	pa23/tests/general	400	fail	fail	both_fail	generated LowIR failed sanity validation: function @main block ^entry call @holder_int___same_size__t1 expects exactly 1 argument(s), got 2	generated LowIR does not match reference after relaxed metadata canonicalization and order canonicalization; canonical diff written to tests/general/400-out-of-class-member-template-definition.my.lowir.compare.diff	member-template-ownership-and-out-of-class-definition-replay	42beb854b link out-of-class member function template definitions; e8325194b out-of-class constructor templates; fd6f3e485 member class template definitions; a6212a3e1 parameter labels; 768c32e9f overload pairing	Opus final pa23/plan.md Work log item 2 and Loop 56/61 notes identify member-template body relinking, class/member out-of-class definitions, and source-order overload pairing.	Opus initial PA23 failure seeded from analysis/pa23-initial-failures: generated LowIR failed sanity validation: function @main block ^entry call @holder_int___same_size__t1 expects exactly 1 argument(s), got 2	pa21	missing-earlier-feature	analysis/reducers/pa21-out-of-class-member-function-template-definition.t	pa21/tests/general/300-out-of-class-member-function-template-definition.t	test-added	PA21 out-of-class class-template member function-template definition reducer; g++ C++11 valid; Opus start 1963d796e emits declaration/stub body, Opus 42beb854b emits real instantiated definition; pointer-shaped reducer avoids reference EH drift; focused PA21 check and placement audit passed.
pa23/tests/general/400-pack-base-expansion.t	pa23/tests/general	400	pass	fail	trusted_only		tool exit status mismatch (expected EXIT_SUCCESS, got EXIT_FAILURE)	pack-expansion-deduction-and-instantiation-composition	5d099bdf6 general pack-expansion template args; 569e97b48 nested pack expansion in partial-spec arg; 694ae370e co-varying type pack call expansion; c6e155e08 function-type pack args; b449e7c8c nested template-id function parameter pack; 0e6333441 bind pack-expanded args to non-pack params	Opus final pa23/plan.md Work log items 6/8/11 and Loop 57/60 notes identify pack expansion through partial specs, calls, aliases, and function types.	Opus initial PA23 baseline passed this row (trusted_only seed); no Opus fixing transition, classification from test content plus Trusted seeded failure: tool exit status mismatch (expected EXIT_SUCCESS, got EXIT_FAILURE)	pa21	historical-validation-missing	pa23/tests/general/400-pack-base-expansion.t		no-action	Exact source is g++ C++11 valid and both compilers accept, but current/reference and Opus 1434a6e11 fail the relaxed LowIR contract due extra reference EH declarations; logged in analysis/reference-reducer-failures.md. No PA21 test added.
pa23/tests/general/400-pack-partial-specialization-instantiation.t	pa23/tests/general	400	pass	fail	trusted_only		tool exit status mismatch (expected EXIT_SUCCESS, got EXIT_FAILURE)	class-partial-specialization-matching-ordering-with-dependent-args	72e996289 non-deduced-context partial specialization; 15a2e9c8d cv/trailing-pack matching and ordering; 7fcd5c92a defaulted trailing partial-spec args; a3c294645 function-type trailing pack; b444d928a array-bound class partial specialization; 8e4c41d4 nested NTTP deduction	Opus final plan Work log items 3/4/7/11/12 document partial-specialization matching, ordering, non-deduced contexts, function types, packs, defaults, and NTTPs.	Opus initial PA23 baseline passed this row (trusted_only seed); no Opus fixing transition, classification from test content plus Trusted seeded failure: tool exit status mismatch (expected EXIT_SUCCESS, got EXIT_FAILURE)	pa21	direct-start-pass	derive reduced example from pa23/tests/general/400-pack-partial-specialization-instantiation.t		no-action	seed=trusted_only; PA21 README: template entity/specialization model, alias/variable/member templates, TTPs, partial specialization, explicit-instantiation ownership; no assignment tests or refs added in this audit pass; direct PA23 source accepted at Opus start 1963d796e and emitted identical LowIR through sampled fixes; no earlier reducer added
pa23/tests/general/400-partial-specialization-inherited-constructor-template.t	pa23/tests/general	400	fail	fail	both_fail	tool exit status mismatch (expected EXIT_SUCCESS, got EXIT_FAILURE)	tool exit status mismatch (expected EXIT_SUCCESS, got EXIT_FAILURE)	member-template-entity-and-call-integration	42beb854b member template definition relink; 7571a0d7b using-declaration imports member template overloads; 670045ef2 member template as TTP arg; 24db2e7ce using-imported member-template this adjustment	Opus plan loop notes cover member-template lookup/call/import behavior across class scopes and template argument forms.	Opus initial PA23 failure seeded from analysis/pa23-initial-failures: tool exit status mismatch (expected EXIT_SUCCESS, got EXIT_FAILURE)	pa22	missing-earlier-feature	analysis/reducers/pa22-partial-specialization-inherited-constructor-template.t	pa22/tests/general/400-partial-specialization-inherited-constructor-template.t	test-added	PA22 inherited constructor-template participation through a class-template partial specialization; g++ C++11 valid; Opus start 1963d796e rejects with using-declaration target not found and Opus 0ed91f49d accepts; local canonical dev/cppgm++ accepts and generated refs; focused PA22 check and placement audit passed.
pa23/tests/general/400-partial-specialization-redecl-member-template-empty-pack.t	pa23/tests/general	400	fail	fail	both_fail	tool exit status mismatch (expected EXIT_SUCCESS, got EXIT_FAILURE)	tool exit status mismatch (expected EXIT_SUCCESS, got EXIT_FAILURE)	member-template-ownership-and-out-of-class-definition-replay	42beb854b link out-of-class member function template definitions; e8325194b out-of-class constructor templates; fd6f3e485 member class template definitions; a6212a3e1 parameter labels; 768c32e9f overload pairing	Opus final pa23/plan.md Work log item 2 and Loop 56/61 notes identify member-template body relinking, class/member out-of-class definitions, and source-order overload pairing.	Opus initial PA23 failure seeded from analysis/pa23-initial-failures: tool exit status mismatch (expected EXIT_SUCCESS, got EXIT_FAILURE)	pa21	missing-earlier-feature	analysis/reducers/pa21-partial-specialization-redecl-member-template-empty-pack.t	pa21/tests/general/400-partial-specialization-redecl-member-template-empty-pack.t	test-added	PA21 partial-specialization redeclaration/member-template empty-pack reducer; g++ C++11 valid; current/reference compare clean; Opus start 1963d796e rejects, Opus 768c32e9f compares clean; focused PA21 check, placement audit, and PA21 report passed.
pa23/tests/general/400-qualified-base-type-alias-from-nontype-pack.t	pa23/tests/general	400	fail	fail	both_fail	tool exit status mismatch (expected EXIT_SUCCESS, got EXIT_FAILURE)	tool exit status mismatch (expected EXIT_SUCCESS, got EXIT_FAILURE)	alias-template-dependent-expansion-and-rebinding	72e996289 alias-template pack binding; 3bec27bf4 alias-template-id qualifier in value context; 45820ae4b default args in alias expansion; e32a4ae29 value-context alias defaults; 05bc9195a forwarding alias patterns; 743b7a920 dependent alias pack patterns	Opus final pa23/plan.md Work log item 3 and Loop 56/57 notes identify alias-template expansion, defaults, dependent qualifiers, and pack-preserving rebinding.	Opus initial PA23 failure seeded from analysis/pa23-initial-failures: tool exit status mismatch (expected EXIT_SUCCESS, got EXIT_FAILURE)	pa21	feature-interaction-earliest-owner	analysis/reducers/pa21-qualified-base-type-alias-from-nontype-pack.t	pa21/tests/general/400-qualified-base-type-alias-from-nontype-pack.t	test-added	seed=both_fail; added PA21 qualified base type alias from non-type pack reducer; Opus start 1963d796e rejected unknown build_number_seq<sizeof...(Args)>::type and Opus commit 44d58bf2e accepted; external refs and witness refs generated; focused check and witness compare passed; placement audit pa21 --fail-on-early passed; PA21 report passed 102/102.
pa23/tests/general/400-qualified-friend-member-template-access.t	pa23/tests/general	400	fail	fail	both_fail	tool exit status mismatch (expected EXIT_SUCCESS, got EXIT_FAILURE)	tool exit status mismatch (expected EXIT_SUCCESS, got EXIT_FAILURE)	member-template-entity-and-call-integration	42beb854b member template definition relink; 7571a0d7b using-declaration imports member template overloads; 670045ef2 member template as TTP arg; 24db2e7ce using-imported member-template this adjustment	Opus plan loop notes cover member-template lookup/call/import behavior across class scopes and template argument forms.	Opus initial PA23 failure seeded from analysis/pa23-initial-failures: tool exit status mismatch (expected EXIT_SUCCESS, got EXIT_FAILURE)	pa21	harness-or-reference-issue	analysis/reducers/pa21-qualified-friend-member-template.t	pa21/tests/general/300-qualified-friend-member-template-access.t (not added; reference-blocked)	no-action	Valid PA21 reducer fails Opus start 1963d796e and passes Opus 670045ef2/current, but external reference emits extra EH runtime declarations; EH-free static-member variant passes Opus start and does not prove the feature. See analysis/reference-reducer-failures.md.
pa23/tests/general/400-qualified-nontype-braced-cast-argument.t	pa23/tests/general	400	pass	fail	trusted_only		tool exit status mismatch (expected EXIT_SUCCESS, got EXIT_FAILURE)	non-type-template-argument-deduction-packs-and-static-values	8e4c41d4 nested template-id NTTP deduction; 984146a7c NTTP pack in nested template-id; b444d928a array-bound NTTP deduction in class partial spec; d062aba6a synthesize NTTP pack in partial ordering; 9cfd2427e bind NTTP pack on template/alias instantiation; 25727803a reference/pointer NTTPs	Opus final plan Work log items 11/12 and loop notes connect NTTP packs/static values with partial-specialization and deduction behavior.	Opus initial PA23 baseline passed this row (trusted_only seed); no Opus fixing transition, classification from test content plus Trusted seeded failure: tool exit status mismatch (expected EXIT_SUCCESS, got EXIT_FAILURE)	pa19	no-missing-opus-feature	pa23/tests/general/400-qualified-nontype-braced-cast-argument.t		no-action	Exact PA23 source is g++ C++11 valid and current/reference compare clean; Opus start 1963d796e also compares clean, so no earlier backfill is needed.
pa23/tests/general/400-qualified-nontype-pack-function-param-mangle.t	pa23/tests/general	400	fail	fail	both_fail	tool exit status mismatch (expected EXIT_SUCCESS, got EXIT_FAILURE)	tool exit status mismatch (expected EXIT_SUCCESS, got EXIT_FAILURE)	lowir-presentation-itanium-mangling-for-template-instantiations	6a1804510 object= Itanium mangles for class members; 7a9b70f48 function-local class member mangling; 7328cd82b nested member-class-template instantiation mangling	Opus final pa23/plan.md Loop 59/60 identifies object= Itanium pairing and local-class mangling as LowIR presentation/comparison defects, not missing source-language features.	Opus initial PA23 failure seeded from analysis/pa23-initial-failures: tool exit status mismatch (expected EXIT_SUCCESS, got EXIT_FAILURE)	pa23	implementation-bug-only			no-action	seed=both_fail; Presentation/codegen pairing issue; no earlier source-feature test proposed.; no assignment tests or refs added in this audit pass
pa23/tests/general/400-qualified-template-id-current-scope-alias-shadow.t	pa23/tests/general	400	fail	fail	both_fail	tool exit status mismatch (expected EXIT_SUCCESS, got EXIT_FAILURE)	tool exit status mismatch (expected EXIT_SUCCESS, got EXIT_FAILURE)	alias-template-dependent-expansion-and-rebinding	72e996289 alias-template pack binding; 3bec27bf4 alias-template-id qualifier in value context; 45820ae4b default args in alias expansion; e32a4ae29 value-context alias defaults; 05bc9195a forwarding alias patterns; 743b7a920 dependent alias pack patterns	Opus final pa23/plan.md Work log item 3 and Loop 56/57 notes identify alias-template expansion, defaults, dependent qualifiers, and pack-preserving rebinding.	Opus initial PA23 failure seeded from analysis/pa23-initial-failures: tool exit status mismatch (expected EXIT_SUCCESS, got EXIT_FAILURE)	pa21	harness-or-reference-issue	analysis/reducers/pa21-qualified-template-id-current-scope-alias-shadow.t	pa21/tests/general/400-qualified-template-id-current-scope-alias-shadow.t (not added; reference-blocked)	no-action	seed=both_fail; skipped after validation because Opus start 1963d796e rejected unknown mp_if<bool_constant<true>,transform_impl<F,L...>,mismatch>::type and Opus commit 743b7a920 accepted, but the external reference binary segfaults on the C++11-valid reducer; recorded in analysis/reference-reducer-failures.md.
pa23/tests/general/400-recursive-member-template-concrete-owner.t	pa23/tests/general	400	pass	fail	trusted_only		tool exit status mismatch (expected EXIT_SUCCESS, got EXIT_FAILURE)	member-template-ownership-and-out-of-class-definition-replay	42beb854b link out-of-class member function template definitions; e8325194b out-of-class constructor templates; fd6f3e485 member class template definitions; a6212a3e1 parameter labels; 768c32e9f overload pairing	Opus final pa23/plan.md Work log item 2 and Loop 56/61 notes identify member-template body relinking, class/member out-of-class definitions, and source-order overload pairing.	Opus initial PA23 baseline passed this row (trusted_only seed); no Opus fixing transition, classification from test content plus Trusted seeded failure: tool exit status mismatch (expected EXIT_SUCCESS, got EXIT_FAILURE)	pa21	harness-or-reference-issue	analysis/reducers/pa21-recursive-member-template-concrete-owner.t		no-action	Reducer is g++ C++11 valid and current accepts, but the external reference compiler rejects it via explicit-type-argument text fallback for void(Head); logged in analysis/reference-reducer-failures.md. Opus start already accepted the PA23 source, so no backfill was added.
pa23/tests/general/400-recursive-pack-template-id-expansion.t	pa23/tests/general	400	pass	fail	trusted_only		tool exit status mismatch (expected EXIT_SUCCESS, got EXIT_FAILURE)	pack-expansion-deduction-and-instantiation-composition	5d099bdf6 general pack-expansion template args; 569e97b48 nested pack expansion in partial-spec arg; 694ae370e co-varying type pack call expansion; c6e155e08 function-type pack args; b449e7c8c nested template-id function parameter pack; 0e6333441 bind pack-expanded args to non-pack params	Opus final pa23/plan.md Work log items 6/8/11 and Loop 57/60 notes identify pack expansion through partial specs, calls, aliases, and function types.	Opus initial PA23 baseline passed this row (trusted_only seed); no Opus fixing transition, classification from test content plus Trusted seeded failure: tool exit status mismatch (expected EXIT_SUCCESS, got EXIT_FAILURE)	pa21	no-missing-opus-feature	pa23/tests/general/400-recursive-pack-template-id-expansion.t		no-action	Exact PA23 source is g++ C++11 valid and current/reference compare clean; Opus start 1963d796e also compares clean, so no earlier backfill is needed.
pa23/tests/general/400-reference-member-depth-pack-sum.t	pa23/tests/general	400	fail	fail	both_fail	tool exit status mismatch (expected EXIT_SUCCESS, got EXIT_FAILURE)	tool exit status mismatch (expected EXIT_SUCCESS, got EXIT_FAILURE)	pack-expansion-deduction-and-instantiation-composition	5d099bdf6 general pack-expansion template args; 569e97b48 nested pack expansion in partial-spec arg; 694ae370e co-varying type pack call expansion; c6e155e08 function-type pack args; b449e7c8c nested template-id function parameter pack; 0e6333441 bind pack-expanded args to non-pack params	Opus final pa23/plan.md Work log items 6/8/11 and Loop 57/60 notes identify pack expansion through partial specs, calls, aliases, and function types.	Opus initial PA23 failure seeded from analysis/pa23-initial-failures: tool exit status mismatch (expected EXIT_SUCCESS, got EXIT_FAILURE)	pa21	missing-earlier-feature	pa21/tests/general/400-reference-member-depth-pack-sum.t	pa21/tests/general/400-reference-member-depth-pack-sum.t	test-added	Exact PA23 source promoted as PA21 deep pack-expansion/reference-member reducer; g++ C++11 valid; current/reference compare clean; Opus start 1963d796e rejects, Opus 1434a6e11 compares clean; focused PA21 check, placement audit, and PA21 report passed.
pa23/tests/general/400-repeated-pack-partial-specialization-conflict.t	pa23/tests/general	400	fail	fail	both_fail	tool exit status mismatch (expected EXIT_SUCCESS, got EXIT_FAILURE)	tool exit status mismatch (expected EXIT_SUCCESS, got EXIT_FAILURE)	class-partial-specialization-matching-ordering-with-dependent-args	72e996289 non-deduced-context partial specialization; 15a2e9c8d cv/trailing-pack matching and ordering; 7fcd5c92a defaulted trailing partial-spec args; a3c294645 function-type trailing pack; b444d928a array-bound class partial specialization; 8e4c41d4 nested NTTP deduction	Opus final plan Work log items 3/4/7/11/12 document partial-specialization matching, ordering, non-deduced contexts, function types, packs, defaults, and NTTPs.	Opus initial PA23 failure seeded from analysis/pa23-initial-failures: tool exit status mismatch (expected EXIT_SUCCESS, got EXIT_FAILURE)	pa21	harness-or-reference-issue	derive reduced example from pa23/tests/general/400-repeated-pack-partial-specialization-conflict.t		no-action	seed=both_fail; PA21 README: template entity/specialization model, alias/variable/member templates, TTPs, partial specialization, explicit-instantiation ownership; no assignment tests or refs added in this audit pass; Reference-blocked reducer: analysis/reducers/pa21-repeated-pack-partial-specialization-ordering.t; Opus start 1963d796e rejects and b444d928a accepts, but external reference reports ambiguous repeated-pack partial specialization; g++ C++11 accepted; current compiler accepts; see analysis/reference-reducer-failures.md
pa23/tests/general/400-repeated-pack-partial-specialization-preference.t	pa23/tests/general	400	fail	fail	both_fail	tool exit status mismatch (expected EXIT_SUCCESS, got EXIT_FAILURE)	tool exit status mismatch (expected EXIT_SUCCESS, got EXIT_FAILURE)	class-partial-specialization-matching-ordering-with-dependent-args	72e996289 non-deduced-context partial specialization; 15a2e9c8d cv/trailing-pack matching and ordering; 7fcd5c92a defaulted trailing partial-spec args; a3c294645 function-type trailing pack; b444d928a array-bound class partial specialization; 8e4c41d4 nested NTTP deduction	Opus final plan Work log items 3/4/7/11/12 document partial-specialization matching, ordering, non-deduced contexts, function types, packs, defaults, and NTTPs.	Opus initial PA23 failure seeded from analysis/pa23-initial-failures: tool exit status mismatch (expected EXIT_SUCCESS, got EXIT_FAILURE)	pa21	harness-or-reference-issue	derive reduced example from pa23/tests/general/400-repeated-pack-partial-specialization-preference.t		no-action	seed=both_fail; PA21 README: template entity/specialization model, alias/variable/member templates, TTPs, partial specialization, explicit-instantiation ownership; no assignment tests or refs added in this audit pass; Reference-blocked reducer: analysis/reducers/pa21-repeated-pack-partial-specialization-ordering.t; Opus start 1963d796e rejects and b444d928a accepts, but external reference reports ambiguous repeated-pack partial specialization; g++ C++11 accepted; current compiler accepts; see analysis/reference-reducer-failures.md
pa23/tests/general/400-sibling-namespace-dependent-member-template-id-owner.t	pa23/tests/general	400	fail	pass	opus_only	tool exit status mismatch (expected EXIT_SUCCESS, got EXIT_FAILURE)		member-template-ownership-and-out-of-class-definition-replay	42beb854b link out-of-class member function template definitions; e8325194b out-of-class constructor templates; fd6f3e485 member class template definitions; a6212a3e1 parameter labels; 768c32e9f overload pairing	Opus final pa23/plan.md Work log item 2 and Loop 56/61 notes identify member-template body relinking, class/member out-of-class definitions, and source-order overload pairing.	Opus initial PA23 failure seeded from analysis/pa23-initial-failures: tool exit status mismatch (expected EXIT_SUCCESS, got EXIT_FAILURE)	pa21	harness-or-reference-issue	analysis/reducers/pa21-sibling-namespace-dependent-member-template-id-owner.t		no-action	Reducer is g++ C++11 valid and current accepts, but the external reference compiler rejects with named type size unavailable for detail::result_detail<Sig>::type; logged in analysis/reference-reducer-failures.md. No assignment test added until reference compiler is fixed.
pa23/tests/general/400-sibling-namespace-qualified-partial-specialization.t	pa23/tests/general	400	fail	fail	both_fail	generated LowIR does not match reference after relaxed metadata canonicalization and order canonicalization; canonical diff written to tests/general/400-sibling-namespace-qualified-partial-specialization.my.lowir.compare.diff	tool exit status mismatch (expected EXIT_SUCCESS, got EXIT_FAILURE)	class-partial-specialization-selection	15a2e9c8d cv-qualifier-correct partial specialization and partial ordering; 33a806b05 TTP partial ordering	Opus final plan Work log item 4 names deterministic partial-specialization selection and ordering as a fixed root cause.	Opus initial PA23 failure seeded from analysis/pa23-initial-failures: generated LowIR does not match reference after relaxed metadata canonicalization and order canonicalization; canonical diff written to tests/general/400-sibling-namespace-qualified-partial-specialization.my.lowir.compare.diff	pa21	implementation-bug-only			no-action	no earlier assignment test added: PA23 source accepts at Opus PA23 start 1963d796e and sampled later commits, so this row has no historical fail/fix transition proving a missing earlier reducer; current/reference screen did not identify a promotable reduced backfill
pa23/tests/general/400-single-pack-cast-target.t	pa23/tests/general	400	fail	pass	opus_only	tool exit status mismatch (expected EXIT_SUCCESS, got EXIT_FAILURE)		pack-expansion-deduction-and-instantiation-composition	5d099bdf6 general pack-expansion template args; 569e97b48 nested pack expansion in partial-spec arg; 694ae370e co-varying type pack call expansion; c6e155e08 function-type pack args; b449e7c8c nested template-id function parameter pack; 0e6333441 bind pack-expanded args to non-pack params	Opus final pa23/plan.md Work log items 6/8/11 and Loop 57/60 notes identify pack expansion through partial specs, calls, aliases, and function types.	Opus initial PA23 failure seeded from analysis/pa23-initial-failures: tool exit status mismatch (expected EXIT_SUCCESS, got EXIT_FAILURE)	pa21	missing-earlier-feature	pa21/tests/general/300-single-pack-cast-target.t	pa21/tests/general/300-single-pack-cast-target.t	test-added	Exact PA23 source promoted as PA21 single-pack cast target/member call reducer; g++ C++11 valid; current/reference compare clean; Opus start 1963d796e rejects, Opus 1434a6e11 compares clean; focused PA21 check, placement audit, and PA21 report passed.
pa23/tests/general/400-sizeof-nontype-pack-recursive-template.t	pa23/tests/general	400	fail	fail	both_fail	tool exit status mismatch (expected EXIT_SUCCESS, got EXIT_FAILURE)	tool exit status mismatch (expected EXIT_SUCCESS, got EXIT_FAILURE)	decltype-and-unevaluated-deduction-sfinae-composition	d83a0c5d8 decltype(expr) as template argument; a641bffb4 unparenthesized member access decltype; 711524aaf decltype-of-call pack expansion; ab8927777 destructor-call detector idiom; 527d304ee unevaluated sizeof surrogate call; 7ed506338 const-eval decltype(member-template-call)::value	Opus final pa23/plan.md Work log item 12 and loop notes cover decltype, unevaluated sizeof, detector idioms, and pack-aware call typing.	Opus initial PA23 failure seeded from analysis/pa23-initial-failures: tool exit status mismatch (expected EXIT_SUCCESS, got EXIT_FAILURE)	pa22	missing-earlier-feature	analysis/reducers/pa22-sizeof-nontype-pack-recursive-template.t	pa22/tests/general/300-sizeof-nontype-pack-recursive-template.t	test-added	seed=both_fail; recursive sizeof... NTTP-pack reducer is C++11-valid; current and external reference accept; Opus PA23 start 1963d796e rejects and Opus 711524aaf passes; focused PA22 check passed; PA22 placement audit passed with --fail-on-early.
pa23/tests/general/400-static-data-nttp-pack-sizeof-bound.t	pa23/tests/general	400	fail	fail	both_fail	tool exit status mismatch (expected EXIT_SUCCESS, got EXIT_FAILURE)	tool exit status mismatch (expected EXIT_SUCCESS, got EXIT_FAILURE)	decltype-and-unevaluated-deduction-sfinae-composition	d83a0c5d8 decltype(expr) as template argument; a641bffb4 unparenthesized member access decltype; 711524aaf decltype-of-call pack expansion; ab8927777 destructor-call detector idiom; 527d304ee unevaluated sizeof surrogate call; 7ed506338 const-eval decltype(member-template-call)::value	Opus final pa23/plan.md Work log item 12 and loop notes cover decltype, unevaluated sizeof, detector idioms, and pack-aware call typing.	Opus initial PA23 failure seeded from analysis/pa23-initial-failures: tool exit status mismatch (expected EXIT_SUCCESS, got EXIT_FAILURE)	pa22	harness-or-reference-issue	analysis/reducers/pa22-static-data-nttp-pack-sizeof-bound.t		no-action	seed=both_fail; reducer is C++11-valid and current accepts, but the required external reference compiler rejects the out-of-class static data member definition using sizeof...(Bytes) as an array bound; recorded in analysis/reference-reducer-failures.md.
pa23/tests/general/400-template-argument-qualified-member-template-type.t	pa23/tests/general	400	fail	pass	opus_only	tool exit status mismatch (expected EXIT_SUCCESS, got EXIT_FAILURE)		member-template-entity-and-call-integration	42beb854b member template definition relink; 7571a0d7b using-declaration imports member template overloads; 670045ef2 member template as TTP arg; 24db2e7ce using-imported member-template this adjustment	Opus plan loop notes cover member-template lookup/call/import behavior across class scopes and template argument forms.	Opus initial PA23 failure seeded from analysis/pa23-initial-failures: tool exit status mismatch (expected EXIT_SUCCESS, got EXIT_FAILURE)	pa21	implementation-bug-only	analysis/reducers/pa21-qualified-member-class-template-type.t		no-action	Reduced PA21 qualified member class-template-id type argument is g++ C++11 valid and passes unchanged at Opus start 1963d796e through sampled fixes; no earlier backfill warranted for the isolated feature.
pa23/tests/general/400-template-member-assignment-operator.t	pa23/tests/general	400	fail	fail	both_fail	generated LowIR does not match reference after relaxed metadata canonicalization and order canonicalization; canonical diff written to tests/general/400-template-member-assignment-operator.my.lowir.compare.diff	tool exit status mismatch (expected EXIT_SUCCESS, got EXIT_FAILURE)	member-template-entity-and-call-integration	42beb854b member template definition relink; 7571a0d7b using-declaration imports member template overloads; 670045ef2 member template as TTP arg; 24db2e7ce using-imported member-template this adjustment	Opus plan loop notes cover member-template lookup/call/import behavior across class scopes and template argument forms.	Opus initial PA23 failure seeded from analysis/pa23-initial-failures: generated LowIR does not match reference after relaxed metadata canonicalization and order canonicalization; canonical diff written to tests/general/400-template-member-assignment-operator.my.lowir.compare.diff	pa21	missing-earlier-feature	analysis/reducers/pa21-member-template-assignment-operator.t	pa21/tests/general/300-member-template-assignment-operator-value.t	test-added	PA21 member-template assignment operator lowering reducer; g++ C++11 valid; Opus start 1963d796e emits non-template assignment/stub LowIR, Opus 7571a0d7b emits instantiated member-template body; external ref and current LowIR match; focused PA21 check and placement audit passed.
pa23/tests/general/400-template-template-alias-default-arity-sfinae.t	pa23/tests/general	400	fail	fail	both_fail	tool exit status mismatch (expected EXIT_SUCCESS, got EXIT_FAILURE)	tool exit status mismatch (expected EXIT_SUCCESS, got EXIT_FAILURE)	sfinae-substitution-with-alias-member-pack-and-detector-idioms	1a232426b bind deduced pack into concreteScope; 9a209b88e fold member-template guards; cc29768af alias guard folding; 768c32e9f out-of-class SFINAE overload pairing	Opus final pa23/plan.md Fix 24-25d documents defaulted-NTTP SFINAE guards, alias guard folding, member-template guard dropping, detector idioms, and overload relinking.	Opus initial PA23 failure seeded from analysis/pa23-initial-failures: tool exit status mismatch (expected EXIT_SUCCESS, got EXIT_FAILURE)	pa22	harness-or-reference-issue	analysis/reducers/pa22-template-template-alias-default-arity-sfinae.t	pa22/tests/general/400-template-template-alias-default-arity-sfinae.t (not added; reference-blocked)	no-action	seed=both_fail; skipped after validation because Opus start 1963d796e rejected undeclared valid<two>::value and Opus commit 1a232426b accepted, but external reference LowIR treats under-arity valid<two> and valid<two,int> probes as true while current/g++11 treat them as substitution failures; recorded in analysis/reference-reducer-failures.md.
pa23/tests/general/400-template-template-arity-incomplete-partial.t	pa23/tests/general	400	fail	fail	both_fail	tool exit status mismatch (expected EXIT_SUCCESS, got EXIT_FAILURE)	tool exit status mismatch (expected EXIT_SUCCESS, got EXIT_FAILURE)	template-template-parameter-deduction-and-alias-forwarding	07373f00d TTP deduction in partial specializations; 4bc0c87fe alias-expanded TTP args; 54e85f719 TTP SFINAE binding; 670045ef2 member template as TTP arg; 1434a6e11 synthetic __ttdeduce args	Opus final plan Work log and Loop 57/60 notes cover template-template deduction through aliases, member templates, defaults, and nested >=2-arg cases.	Opus initial PA23 failure seeded from analysis/pa23-initial-failures: tool exit status mismatch (expected EXIT_SUCCESS, got EXIT_FAILURE)	pa21	feature-interaction-earliest-owner	pa21/tests/general/400-template-template-arity-incomplete-partial.t	pa21/tests/general/400-template-template-arity-incomplete-partial.t	test-added	seed=both_fail; reducer is C++11-valid and current/reference compare cleanly; Opus PA23 start 1963d796e rejects with expected integral constant expression; Opus 1434a6e11 compares cleanly; promoted to PA21 TTP/partial-specialization coverage; PA21 placement audit passed.
pa23/tests/general/400-template-template-fixed-prefix-pack-order.t	pa23/tests/general	400	fail	fail	both_fail	tool exit status mismatch (expected EXIT_SUCCESS, got EXIT_FAILURE)	tool exit status mismatch (expected EXIT_SUCCESS, got EXIT_FAILURE)	template-template-parameter-basic-entity-model	07373f00d pa23: template-template-parameter deduction in class/variable partial specializations	Opus final pa23/plan.md Work log item 4 names template-template-parameter patterns as part of the specialization model.	Opus initial PA23 failure seeded from analysis/pa23-initial-failures: tool exit status mismatch (expected EXIT_SUCCESS, got EXIT_FAILURE)	pa21	missing-earlier-feature	pointer_rebinder<alloc<int>, void, 0u> should select template<template<class> class Ptr> partial over template<template<class,class...> class Ptr> partial	pa21/tests/general/400-template-template-fixed-prefix-pack-order.t	test-added	PA21 template-template fixed-prefix partial-specialization ordering reducer; g++ C++11 valid; Opus start 1963d796e rejects with undeclared pointer_rebinder<alloc<int>,void,0u>::value and Opus 07373f00d accepts; local canonical dev/cppgm++ accepts and generated refs; focused PA21 check and placement audit passed.
pa23/tests/general/400-template-template-member-current-specialization.t	pa23/tests/general	400	fail	pass	opus_only	generated LowIR does not match reference after relaxed metadata canonicalization and order canonicalization; canonical diff written to tests/general/400-template-template-member-current-specialization.my.lowir.compare.diff		template-template-parameter-deduction-and-alias-forwarding	07373f00d TTP deduction in partial specializations; 4bc0c87fe alias-expanded TTP args; 54e85f719 TTP SFINAE binding; 670045ef2 member template as TTP arg; 1434a6e11 synthetic __ttdeduce args	Opus final plan Work log and Loop 57/60 notes cover template-template deduction through aliases, member templates, defaults, and nested >=2-arg cases.	Opus initial PA23 failure seeded from analysis/pa23-initial-failures: generated LowIR does not match reference after relaxed metadata canonicalization and order canonicalization; canonical diff written to tests/general/400-template-template-member-current-specialization.my.lowir.compare.diff	pa21	feature-interaction-earliest-owner	pa21/tests/general/400-template-template-member-current-specialization.t	pa21/tests/general/400-template-template-member-current-specialization.t	test-added	seed=opus_only; reducer is C++11-valid and current/reference compare cleanly; Opus PA23 start 1963d796e accepts but LowIR mismatches; Opus 1434a6e11 compares cleanly; promoted to PA21 current-specialization/TTP replay coverage; PA21 placement audit passed.
pa23/tests/general/400-trailing-pack-partial-specialization-empty-pack-type-member.t	pa23/tests/general	400	fail	fail	both_fail	tool exit status mismatch (expected EXIT_SUCCESS, got EXIT_FAILURE)	tool exit status mismatch (expected EXIT_SUCCESS, got EXIT_FAILURE)	class-partial-specialization-matching-ordering-with-dependent-args	72e996289 non-deduced-context partial specialization; 15a2e9c8d cv/trailing-pack matching and ordering; 7fcd5c92a defaulted trailing partial-spec args; a3c294645 function-type trailing pack; b444d928a array-bound class partial specialization; 8e4c41d4 nested NTTP deduction	Opus final plan Work log items 3/4/7/11/12 document partial-specialization matching, ordering, non-deduced contexts, function types, packs, defaults, and NTTPs.	Opus initial PA23 failure seeded from analysis/pa23-initial-failures: tool exit status mismatch (expected EXIT_SUCCESS, got EXIT_FAILURE)	pa21	feature-interaction-earliest-owner	pa21/tests/general/400-trailing-pack-partial-specialization-common-type-member.t	pa21/tests/general/400-trailing-pack-partial-specialization-common-type-member.t	test-added	seed=both_fail; PA21 README: template entity/specialization model, alias/variable/member templates, TTPs, partial specialization, explicit-instantiation ownership; no assignment tests or refs added in this audit pass; Backfilled in PA21; reducer validation: g++ C++11 accepted, Opus start 1963d796e rejects; a3c294645 accepts empty-pack case; LowIR refs generated with external reference binary using --emit-lowir -O0; focused PA21 check passed; no witness sidecar added pending clang witness oracle
pa23/tests/general/400-trailing-pack-partial-specialization-nonempty-pack-type-member.t	pa23/tests/general	400	fail	fail	both_fail	tool exit status mismatch (expected EXIT_SUCCESS, got EXIT_FAILURE)	tool exit status mismatch (expected EXIT_SUCCESS, got EXIT_FAILURE)	class-partial-specialization-matching-ordering-with-dependent-args	72e996289 non-deduced-context partial specialization; 15a2e9c8d cv/trailing-pack matching and ordering; 7fcd5c92a defaulted trailing partial-spec args; a3c294645 function-type trailing pack; b444d928a array-bound class partial specialization; 8e4c41d4 nested NTTP deduction	Opus final plan Work log items 3/4/7/11/12 document partial-specialization matching, ordering, non-deduced contexts, function types, packs, defaults, and NTTPs.	Opus initial PA23 failure seeded from analysis/pa23-initial-failures: tool exit status mismatch (expected EXIT_SUCCESS, got EXIT_FAILURE)	pa21	feature-interaction-earliest-owner	pa21/tests/general/400-trailing-pack-partial-specialization-common-type-member.t	pa21/tests/general/400-trailing-pack-partial-specialization-common-type-member.t	test-added	seed=both_fail; PA21 README: template entity/specialization model, alias/variable/member templates, TTPs, partial specialization, explicit-instantiation ownership; no assignment tests or refs added in this audit pass; Backfilled in PA21; reducer validation: g++ C++11 accepted, Opus start 1963d796e rejects; a3c294645 accepts nonempty-pack case; LowIR refs generated with external reference binary using --emit-lowir -O0; focused PA21 check passed; no witness sidecar added pending clang witness oracle
pa23/tests/general/400-unused-static-member-template-return-type.t	pa23/tests/general	400	pass	fail	trusted_only		tool exit status mismatch (expected EXIT_SUCCESS, got EXIT_FAILURE)	member-template-entity-and-call-integration	42beb854b member template definition relink; 7571a0d7b using-declaration imports member template overloads; 670045ef2 member template as TTP arg; 24db2e7ce using-imported member-template this adjustment	Opus plan loop notes cover member-template lookup/call/import behavior across class scopes and template argument forms.	Opus initial PA23 baseline passed this row (trusted_only seed); no Opus fixing transition, classification from test content plus Trusted seeded failure: tool exit status mismatch (expected EXIT_SUCCESS, got EXIT_FAILURE)	pa21-or-pa22	implementation-bug-only	derive reduced example from pa23/tests/general/400-unused-static-member-template-return-type.t		no-action	Opus PA23 start baseline already passed this row; under the Opus-gated backfill workflow there is no start/fix transition proving a missing earlier reducer. No earlier assignment test added.
pa23/tests/general/400-variable-template-specializations.t	pa23/tests/general	400	fail	pass	opus_only	generated LowIR does not match reference after relaxed metadata canonicalization and order canonicalization; canonical diff written to tests/general/400-variable-template-specializations.my.lowir.compare.diff		variable-template-specialization-and-dependent-value-use	f25fda1d2 variable-template defaulted trailing args; 6934ec5af explicit static-data specialization and POI folding; 8bafc1c42 static value storage; ca9431edd deferred top-level static members	Opus final plan Work log and Fix 14 discuss variable/static value members and materialization when dependent template values are named.	Opus initial PA23 failure seeded from analysis/pa23-initial-failures: generated LowIR does not match reference after relaxed metadata canonicalization and order canonicalization; canonical diff written to tests/general/400-variable-template-specializations.my.lowir.compare.diff	pa21	feature-interaction-earliest-owner	pa21/tests/spec/300-variable-template-defaulted-trailing-specialization.t	pa21/tests/spec/300-variable-template-defaulted-trailing-specialization.t	test-added	seed=opus_only; PA21 README: template entity/specialization model, alias/variable/member templates, TTPs, partial specialization, explicit-instantiation ownership; no assignment tests or refs added in this audit pass; reducer validation: /tmp reducer folded pair_v<int,int*> false at Opus start 1963d796e and true at Opus fix f25fda1d2; LowIR and witness refs generated with /home/vishvananda/work/phases/reference-binaries/cppgm++
pa23/tests/general/500-alias-pack-enable-if-constexpr-constructor.t	pa23/tests/general	500	fail	fail	both_fail	tool exit status mismatch (expected EXIT_SUCCESS, got EXIT_FAILURE)	tool exit status mismatch (expected EXIT_SUCCESS, got EXIT_FAILURE)	sfinae-substitution-with-alias-member-pack-and-detector-idioms	1a232426b bind deduced pack into concreteScope; 9a209b88e fold member-template guards; cc29768af alias guard folding; 768c32e9f out-of-class SFINAE overload pairing	Opus final pa23/plan.md Fix 24-25d documents defaulted-NTTP SFINAE guards, alias guard folding, member-template guard dropping, detector idioms, and overload relinking.	Opus initial PA23 failure seeded from analysis/pa23-initial-failures: tool exit status mismatch (expected EXIT_SUCCESS, got EXIT_FAILURE)	pa22	feature-interaction-earliest-owner	analysis/reducers/pa22-alias-pack-enable-if-constexpr-constructor.t	pa22/tests/general/500-alias-pack-enable-if-constexpr-constructor.t	test-added	seed=both_fail; added PA22 alias-pack enable_if constexpr-constructor reducer; Opus start 1963d796e failed static_assert and Opus commit 1a232426b accepted; external refs and witness refs generated; focused check and witness compare passed; placement audit pa22 --fail-on-early passed; PA22 report passed 98/98.
pa23/tests/general/500-alias-pack-function-return-concrete.t	pa23/tests/general	500	fail	fail	both_fail	tool exit status mismatch (expected EXIT_SUCCESS, got EXIT_FAILURE)	tool exit status mismatch (expected EXIT_SUCCESS, got EXIT_FAILURE)	alias-template-dependent-expansion-and-rebinding	72e996289 alias-template pack binding; 3bec27bf4 alias-template-id qualifier in value context; 45820ae4b default args in alias expansion; e32a4ae29 value-context alias defaults; 05bc9195a forwarding alias patterns; 743b7a920 dependent alias pack patterns	Opus final pa23/plan.md Work log item 3 and Loop 56/57 notes identify alias-template expansion, defaults, dependent qualifiers, and pack-preserving rebinding.	Opus initial PA23 failure seeded from analysis/pa23-initial-failures: tool exit status mismatch (expected EXIT_SUCCESS, got EXIT_FAILURE)	pa22-portable-candidate	portable-rewrite-pending-validation	analysis/reducers/pa22-alias-pack-function-return-concrete.t	pa22/tests/general/520-alias-pack-function-return-concrete.t (not added; reference-blocked)	no-action	seed=both_fail; Opus start 1963d796e rejected undeclared get<1> and Opus commit 45820ae4b accepted. Portable rewrite pass 2026-06-30: replaced hosted __type_pack_element with local recursive pack_element helper in the PA23 source and analysis reducer; g++/clang C++11 syntax, current cppgm compile, focused PA23 check, and PA19-PA23 placement audit passed. Prior PA22 candidate validation was reference-blocked by extra EH runtime declarations; rerun the PA22 reference gate on the portable reducer before promotion. Intrinsic-specific coverage remains in PA34 compile tests.
pa23/tests/general/500-alias-template-template-defaulted-sfinae-canonical-args.t	pa23/tests/general	500	fail	fail	both_fail	tool exit status mismatch (expected EXIT_SUCCESS, got EXIT_FAILURE)	tool exit status mismatch (expected EXIT_SUCCESS, got EXIT_FAILURE)	sfinae-substitution-with-alias-member-pack-and-detector-idioms	1a232426b bind deduced pack into concreteScope; 9a209b88e fold member-template guards; cc29768af alias guard folding; 768c32e9f out-of-class SFINAE overload pairing	Opus final pa23/plan.md Fix 24-25d documents defaulted-NTTP SFINAE guards, alias guard folding, member-template guard dropping, detector idioms, and overload relinking.	Opus initial PA23 failure seeded from analysis/pa23-initial-failures: tool exit status mismatch (expected EXIT_SUCCESS, got EXIT_FAILURE)	pa22	harness-or-reference-issue	analysis/reducers/pa22-alias-template-template-defaulted-sfinae-canonical-args.t	pa22/tests/general/500-alias-template-template-defaulted-sfinae-canonical-args.t (not added; reference-blocked)	no-action	seed=both_fail; skipped after validation because Opus start 1963d796e rejected unknown if_<valid<F,T...>,defer_impl<F,T...>,no_type> and Opus commit 1a232426b accepted, but the external reference compiler rejects the C++11-valid reducer with unsupported alias template instantiation for any; recorded in analysis/reference-reducer-failures.md.
pa23/tests/general/500-array-type-argument-sfinae-static-value.t	pa23/tests/general	500	pass	fail	trusted_only		tool exit status mismatch (expected EXIT_SUCCESS, got EXIT_FAILURE)	sfinae-substitution-candidate-dropping	no Opus fixing transition; direct PA23 source already passes Opus PA23 start anchor	Opus plan loop notes identify SFINAE candidate dropping and defaulted non-type parameter guards as PA22-owned deduction/substitution behavior.	Opus initial PA23 baseline passed this row; rechecked direct source at 1963d796e and it exits 0, so it fails the required historical reducer gate.	pa22	implementation-bug-only			no-action	seed=trusted_only; skipped for Opus-backed backfill because the direct PA23 source already passes at Opus start 1963d796e; Trusted-only failure should be revisited only in a Trusted-specific audit.
pa23/tests/general/500-async-initiate-dependent-return-sfinae.t	pa23/tests/general	500	fail	fail	both_fail	tool exit status mismatch (expected EXIT_SUCCESS, got EXIT_FAILURE)	tool exit status mismatch (expected EXIT_SUCCESS, got EXIT_FAILURE)	sfinae-substitution-with-alias-member-pack-and-detector-idioms	1a232426b bind deduced pack into concreteScope; 9a209b88e fold member-template guards; cc29768af alias guard folding; 768c32e9f out-of-class SFINAE overload pairing	Opus final pa23/plan.md Fix 24-25d documents defaulted-NTTP SFINAE guards, alias guard folding, member-template guard dropping, detector idioms, and overload relinking.	Opus initial PA23 failure seeded from analysis/pa23-initial-failures: tool exit status mismatch (expected EXIT_SUCCESS, got EXIT_FAILURE)	pa22	harness-or-reference-issue	analysis/reducers/pa22-async-initiate-dependent-return-sfinae.t	pa22/tests/general/500-async-initiate-dependent-return-sfinae.t (not added; reference-blocked)	no-action	seed=both_fail; skipped after validation because Opus start 1963d796e rejected no member async_wait<int> and Opus commit 1a232426b accepted, but external reference LowIR includes extra EH runtime declarations not emitted by current PA22; recorded in analysis/reference-reducer-failures.md.
pa23/tests/general/500-base-qualified-template-value-arg-syntax.t	pa23/tests/general	500	fail	fail	both_fail	tool exit status mismatch (expected EXIT_SUCCESS, got EXIT_FAILURE)	generated LowIR does not match reference after relaxed metadata canonicalization and order canonicalization; canonical diff written to tests/general/500-base-qualified-template-value-arg-syntax.my.lowir.compare.diff	non-type-template-argument-deduction-packs-and-static-values	8e4c41d4 nested template-id NTTP deduction; 984146a7c NTTP pack in nested template-id; b444d928a array-bound NTTP deduction in class partial spec; d062aba6a synthesize NTTP pack in partial ordering; 9cfd2427e bind NTTP pack on template/alias instantiation; 25727803a reference/pointer NTTPs	Opus final plan Work log items 11/12 and loop notes connect NTTP packs/static values with partial-specialization and deduction behavior.	Opus initial PA23 failure seeded from analysis/pa23-initial-failures: tool exit status mismatch (expected EXIT_SUCCESS, got EXIT_FAILURE)	pa22	missing-earlier-feature	pa22/tests/general/300-base-qualified-template-value-arg-syntax.t	pa22/tests/general/300-base-qualified-template-value-arg-syntax.t	test-added	Exact PA23 source promoted as PA22 base-qualified template value argument/SFINAE reducer; g++ C++11 valid; current/reference compare clean; Opus start 1963d796e rejects, Opus 1434a6e11 compares clean; focused PA22 check, placement audit, and PA22 report passed.
pa23/tests/general/500-constructor-sfinae-member-template-value.t	pa23/tests/general	500	fail	fail	both_fail	generated LowIR does not match reference after relaxed metadata canonicalization and order canonicalization; canonical diff written to tests/general/500-constructor-sfinae-member-template-value.my.lowir.compare.diff	tool exit status mismatch (expected EXIT_SUCCESS, got EXIT_FAILURE)	sfinae-substitution-with-alias-member-pack-and-detector-idioms	1a232426b bind deduced pack into concreteScope; 9a209b88e fold member-template guards; cc29768af alias guard folding; 768c32e9f out-of-class SFINAE overload pairing	Opus final pa23/plan.md Fix 24-25d documents defaulted-NTTP SFINAE guards, alias guard folding, member-template guard dropping, detector idioms, and overload relinking.	Opus initial PA23 failure seeded from analysis/pa23-initial-failures: generated LowIR does not match reference after relaxed metadata canonicalization and order canonicalization; canonical diff written to tests/general/500-constructor-sfinae-member-template-value.my.lowir.compare.diff	pa22	harness-or-reference-issue	analysis/reducers/pa22-constructor-sfinae-member-template-value.t	pa22/tests/general/500-constructor-sfinae-member-template-value.t (not added; reference-blocked)	no-action	seed=both_fail; skipped after validation because Opus start 1963d796e emitted the wrong constructor shape and Opus commit 1a232426b emitted the selected constructor template, but the external reference compiler rejects the C++11-valid reducer after a semantic fallback in supportable_properties; recorded in analysis/reference-reducer-failures.md.
pa23/tests/general/500-decltype-call-substitution-failure-partial-specialization.t	pa23/tests/general	500	fail	fail	both_fail	tool exit status mismatch (expected EXIT_SUCCESS, got EXIT_FAILURE)	tool exit status mismatch (expected EXIT_SUCCESS, got EXIT_FAILURE)	class-partial-specialization-selection	15a2e9c8d cv-qualifier-correct partial specialization and partial ordering; 33a806b05 TTP partial ordering	Opus final plan Work log item 4 names deterministic partial-specialization selection and ordering as a fixed root cause.	Opus initial PA23 failure seeded from analysis/pa23-initial-failures: tool exit status mismatch (expected EXIT_SUCCESS, got EXIT_FAILURE)	pa22	feature-interaction-earliest-owner	analysis/reducers/pa22-decltype-call-substitution-failure-partial-specialization.t	pa22/tests/spec/300-decltype-call-substitution-failure-partial-specialization.t	test-added	seed=both_fail; earliest owner is PA22 because the class partial specialization depends on decltype substitution failure/SFINAE; C++11 valid; current/reference LowIR match; Opus start 1963d796e fails static_assert and Opus a6723df7a accepts; external refs generated; focused PA22 check passed
pa23/tests/general/500-defaulted-nontype-qualified-alias-value.t	pa23/tests/general	500	fail	fail	both_fail	tool exit status mismatch (expected EXIT_SUCCESS, got EXIT_FAILURE)	tool exit status mismatch (expected EXIT_SUCCESS, got EXIT_FAILURE)	alias-template-dependent-expansion-and-rebinding	72e996289 alias-template pack binding; 3bec27bf4 alias-template-id qualifier in value context; 45820ae4b default args in alias expansion; e32a4ae29 value-context alias defaults; 05bc9195a forwarding alias patterns; 743b7a920 dependent alias pack patterns	Opus final pa23/plan.md Work log item 3 and Loop 56/57 notes identify alias-template expansion, defaults, dependent qualifiers, and pack-preserving rebinding.	Opus initial PA23 failure seeded from analysis/pa23-initial-failures: tool exit status mismatch (expected EXIT_SUCCESS, got EXIT_FAILURE)	pa21-or-pa22	harness-or-reference-issue	analysis/reducers/pa22-defaulted-nontype-qualified-alias-value.t	pa22/tests/general/500-defaulted-nontype-qualified-alias-value.t (not added; reference-blocked)	no-action	seed=both_fail; skipped after validation because Opus start 1963d796e rejected with a parse error and Opus commit 72e996289 accepted, but external reference LowIR includes extra EH runtime declarations not emitted by current PA22; g++ -std=c++11 -x c++ accepts the reducer; recorded in analysis/reference-reducer-failures.md.
pa23/tests/general/500-defaulted-pack-bool-short-circuit-sfinae.t	pa23/tests/general	500	fail	fail	both_fail	generated LowIR does not match reference after relaxed metadata canonicalization and order canonicalization; canonical diff written to tests/general/500-defaulted-pack-bool-short-circuit-sfinae.my.lowir.compare.diff	tool exit status mismatch (expected EXIT_SUCCESS, got EXIT_FAILURE)	sfinae-substitution-with-alias-member-pack-and-detector-idioms	1a232426b bind deduced pack into concreteScope; 9a209b88e fold member-template guards; cc29768af alias guard folding; 768c32e9f out-of-class SFINAE overload pairing	Opus final pa23/plan.md Fix 24-25d documents defaulted-NTTP SFINAE guards, alias guard folding, member-template guard dropping, detector idioms, and overload relinking.	Opus initial PA23 failure seeded from analysis/pa23-initial-failures: generated LowIR does not match reference after relaxed metadata canonicalization and order canonicalization; canonical diff written to tests/general/500-defaulted-pack-bool-short-circuit-sfinae.my.lowir.compare.diff	pa22	harness-or-reference-issue	analysis/reducers/pa22-defaulted-pack-bool-short-circuit-sfinae.t	pa22/tests/general/500-defaulted-pack-bool-short-circuit-sfinae.t (not added; reference-blocked)	no-action	seed=both_fail; skipped after validation because Opus start 1963d796e emitted the wrong constructor shape and Opus commit 1a232426b emitted the selected constructor template, but external reference LowIR has extra EH declarations and alias object drift versus current PA22; recorded in analysis/reference-reducer-failures.md.
pa23/tests/general/500-dependent-alias-decltype-qualified-function-source-tokens.t	pa23/tests/general	500	fail	pass	opus_only	tool exit status mismatch (expected EXIT_SUCCESS, got EXIT_FAILURE)		alias-template-dependent-expansion-and-rebinding	72e996289 alias-template pack binding; 3bec27bf4 alias-template-id qualifier in value context; 45820ae4b default args in alias expansion; e32a4ae29 value-context alias defaults; 05bc9195a forwarding alias patterns; 743b7a920 dependent alias pack patterns	Opus final pa23/plan.md Work log item 3 and Loop 56/57 notes identify alias-template expansion, defaults, dependent qualifiers, and pack-preserving rebinding.	Opus initial PA23 failure seeded from analysis/pa23-initial-failures: tool exit status mismatch (expected EXIT_SUCCESS, got EXIT_FAILURE)	pa22	harness-or-reference-issue	analysis/reducers/pa22-dependent-alias-decltype-qualified-function-source-tokens.t	pa22/tests/general/500-dependent-alias-decltype-qualified-function-source-tokens.t (not added; reference-blocked)	no-action	seed=both_fail; skipped after validation because Opus start 1963d796e rejected unknown sizeof operand type and Opus commit 45820ae4b accepted, but the external reference compiler rejects the C++11-valid reducer with unsupported template declarator; recorded in analysis/reference-reducer-failures.md.
pa23/tests/general/500-dependent-alias-member-template-id-defer.t	pa23/tests/general	500	fail	fail	both_fail	tool exit status mismatch (expected EXIT_SUCCESS, got EXIT_FAILURE)	tool exit status mismatch (expected EXIT_SUCCESS, got EXIT_FAILURE)	member-template-entity-and-call-integration	42beb854b member template definition relink; 7571a0d7b using-declaration imports member template overloads; 670045ef2 member template as TTP arg; 24db2e7ce using-imported member-template this adjustment	Opus plan loop notes cover member-template lookup/call/import behavior across class scopes and template argument forms.	Opus initial PA23 failure seeded from analysis/pa23-initial-failures: tool exit status mismatch (expected EXIT_SUCCESS, got EXIT_FAILURE)	pa21	missing-earlier-feature	analysis/reducers/pa21-dependent-alias-member-template-id-defer.t	pa21/tests/general/400-dependent-alias-member-template-id-defer.t	test-added	seed=both_fail; reducer is C++11-valid; current and external reference LowIR match; Opus PA23 start 1963d796e rejects with unknown type name take<take<L,J>,I>; Opus commit 743b7a920 accepts; focused PA21 check passed; PA21 placement audit passed with --fail-on-early.
pa23/tests/general/500-dependent-friend-injected-class-name.t	pa23/tests/general	500	pass	fail	trusted_only		tool exit status mismatch (expected EXIT_SUCCESS, got EXIT_FAILURE)	dependent-qualified-lookup-current-specialization-and-friend-scope	7020b769c dependent qualified name without typename; 3bec27bf4 alias-template-id qualifier in value context; 51026c3d2 injected-class-name functional cast; b921be822 substitute TTP in current-specialization type; 72025a570 NTTP from class-template-id arg + in-class labels; 997e77f27 qualified-member call most-vexing parse	Opus final pa23/plan.md Work log items 5/8/10 and Loop 56 notes cover dependent qualified lookup, current specialization, friend/member scope, and source owner preservation.	Opus initial PA23 baseline passed this row (trusted_only seed); no Opus fixing transition, classification from test content plus Trusted seeded failure: tool exit status mismatch (expected EXIT_SUCCESS, got EXIT_FAILURE)	pa18-or-pa21	implementation-bug-only			no-action	seed=trusted_only; Opus PA23 start 1963d796e already accepts this row, so there is no Opus fail/fix transition for an earlier reducer backfill.
pa23/tests/general/500-dependent-member-alias-function-return.t	pa23/tests/general	500	fail	pass	opus_only	generated LowIR does not match reference after relaxed metadata canonicalization and order canonicalization; canonical diff written to tests/general/500-dependent-member-alias-function-return.my.lowir.compare.diff		alias-template-dependent-expansion-and-rebinding	72e996289 alias-template pack binding; 3bec27bf4 alias-template-id qualifier in value context; 45820ae4b default args in alias expansion; e32a4ae29 value-context alias defaults; 05bc9195a forwarding alias patterns; 743b7a920 dependent alias pack patterns	Opus final pa23/plan.md Work log item 3 and Loop 56/57 notes identify alias-template expansion, defaults, dependent qualifiers, and pack-preserving rebinding.	Opus initial PA23 failure seeded from analysis/pa23-initial-failures: generated LowIR does not match reference after relaxed metadata canonicalization and order canonicalization; canonical diff written to tests/general/500-dependent-member-alias-function-return.my.lowir.compare.diff	pa22	feature-interaction-earliest-owner	analysis/reducers/pa22-dependent-member-alias-function-return.t	pa22/tests/general/500-dependent-member-alias-function-return.t	test-added	seed=both_fail; added PA22 dependent member-alias function return reducer; Opus start 1963d796e exited 0 but emitted the older return shape, and Opus commit 45820ae4b emitted the reference LowIR copy shape; external refs and witness refs generated; focused check and witness compare passed; placement audit pa22 --fail-on-early passed; PA22 report passed 100/100.
pa23/tests/general/500-dependent-qualified-member-template-result-bool.t	pa23/tests/general	500	pass	fail	trusted_only		tool exit status mismatch (expected EXIT_SUCCESS, got EXIT_FAILURE)	member-template-entity-and-call-integration	42beb854b member template definition relink; 7571a0d7b using-declaration imports member template overloads; 670045ef2 member template as TTP arg; 24db2e7ce using-imported member-template this adjustment	Opus plan loop notes cover member-template lookup/call/import behavior across class scopes and template argument forms.	Opus initial PA23 baseline passed this row (trusted_only seed); no Opus fixing transition, classification from test content plus Trusted seeded failure: tool exit status mismatch (expected EXIT_SUCCESS, got EXIT_FAILURE)	pa21-or-pa22	implementation-bug-only	derive reduced example from pa23/tests/general/500-dependent-qualified-member-template-result-bool.t		no-action	Opus PA23 start baseline already passed this row; under the Opus-gated backfill workflow there is no start/fix transition proving a missing earlier reducer. No earlier assignment test added.
pa23/tests/general/500-dependent-qualified-sizeof-static-member.t	pa23/tests/general	500	fail	fail	both_fail	tool exit status mismatch (expected EXIT_SUCCESS, got EXIT_FAILURE)	tool exit status mismatch (expected EXIT_SUCCESS, got EXIT_FAILURE)	constant-evaluation-dependent-template-values	8bafc1c42 materialize named static value member; 1407a001e shift-count width fix; 693cb4159 emit static members of complete-object class-template instantiations	Opus final pa23/plan.md Fix 14 and Loop 60 notes describe dependent static value reads, static_assert/template-argument distinction, and object-completion static emission.	Opus initial PA23 failure seeded from analysis/pa23-initial-failures: tool exit status mismatch (expected EXIT_SUCCESS, got EXIT_FAILURE)	pa22	harness-or-reference-issue	analysis/reducers/pa22-dependent-qualified-sizeof-static-member.t		no-action	seed=both_fail; reducer is C++11-valid and current accepts it; Opus PA23 start 1963d796e rejects and Boost frontier work later fixed this shape, but external reference rejects the valid reducer with invalid sizeof type-id; recorded in analysis/reference-reducer-failures.md as reference-compiler-bug.; placement follow-up: source/reducer previously used host predefined macro __SIZE_TYPE__, which audit now classifies as PA34 hosted predefined-macro compatibility; rewritten to a portable unsigned long typedef. The existing reference sizeof recovery issue must still be fixed or avoided before PA22 promotion.
pa23/tests/general/500-evaluated-dependent-nttp-alias-mangle.t	pa23/tests/general	500	pass	fail	trusted_only		tool exit status mismatch (expected EXIT_SUCCESS, got EXIT_FAILURE)	lowir-presentation-itanium-mangling-for-template-instantiations	6a1804510 object= Itanium mangles for class members; 7a9b70f48 function-local class member mangling; 7328cd82b nested member-class-template instantiation mangling	Opus final pa23/plan.md Loop 59/60 identifies object= Itanium pairing and local-class mangling as LowIR presentation/comparison defects, not missing source-language features.	Opus initial PA23 baseline passed this row (trusted_only seed); no Opus fixing transition, classification from test content plus Trusted seeded failure: tool exit status mismatch (expected EXIT_SUCCESS, got EXIT_FAILURE)	pa23	implementation-bug-only			no-action	seed=trusted_only; Presentation/codegen pairing issue; no earlier source-feature test proposed.; no assignment tests or refs added in this audit pass
pa23/tests/general/500-explicit-specialization-dependent-param-typedef.t	pa23/tests/general	500	fail	fail	both_fail	generated LowIR does not match reference after relaxed metadata canonicalization and order canonicalization; canonical diff written to tests/general/500-explicit-specialization-dependent-param-typedef.my.lowir.compare.diff	generated LowIR does not match reference after relaxed metadata canonicalization and order canonicalization; canonical diff written to tests/general/500-explicit-specialization-dependent-param-typedef.my.lowir.compare.diff	explicit-specialization-and-explicit-instantiation-ownership	0044efd8b explicit-instantiation lowering; 447aab065 stale primary refresh; b9c1574cb member-function explicit specialization; 569fcbd79 member-function explicit instantiation; fb9e82eeb full explicit-specialization defaults	Opus final plan Work log items 9/11 plus explicit-specialization rejection notes cover stale-primary refresh, member ownership, static data, and explicit-instantiation lowering.	Opus initial PA23 failure seeded from analysis/pa23-initial-failures: generated LowIR does not match reference after relaxed metadata canonicalization and order canonicalization; canonical diff written to tests/general/500-explicit-specialization-dependent-param-typedef.my.lowir.compare.diff	pa22	feature-interaction-earliest-owner	analysis/reducers/pa22-explicit-specialization-dependent-param-typedef.t	pa22/tests/spec/100-explicit-specialization-dependent-param-typedef.t	test-added	seed=both_fail; earliest owner is PA22 because the explicit specialization signature requires full function-template declaration deduction for a dependent typedef parameter; C++11 valid; current/reference relaxed LowIR match; Opus start 1963d796e relaxed LowIR fails and Opus fb9e82eeb passes; external refs generated; placement audit moved this out of PA21
pa23/tests/general/500-function-template-parameter-alias-sees-previous-param.t	pa23/tests/general	500	fail	pass	opus_only	tool exit status mismatch (expected EXIT_SUCCESS, got EXIT_FAILURE)		alias-template-dependent-expansion-and-rebinding	72e996289 alias-template pack binding; 3bec27bf4 alias-template-id qualifier in value context; 45820ae4b default args in alias expansion; e32a4ae29 value-context alias defaults; 05bc9195a forwarding alias patterns; 743b7a920 dependent alias pack patterns	Opus final pa23/plan.md Work log item 3 and Loop 56/57 notes identify alias-template expansion, defaults, dependent qualifiers, and pack-preserving rebinding.	Opus initial PA23 failure seeded from analysis/pa23-initial-failures: tool exit status mismatch (expected EXIT_SUCCESS, got EXIT_FAILURE)	pa22	harness-or-reference-issue	analysis/reducers/pa22-function-template-parameter-alias-sees-previous-param.t	pa22/tests/general/500-function-template-parameter-alias-sees-previous-param.t (not added; reference-blocked)	no-action	seed=both_fail; skipped after validation because Opus start 1963d796e rejected unknown sizeof operand type and Opus commit 45820ae4b accepted, but the external reference compiler rejects the C++11-valid reducer with unknown function helper<value>; recorded in analysis/reference-reducer-failures.md.
pa23/tests/general/500-index-sequence-alias-constructor-deduction.t	pa23/tests/general	500	fail	fail	both_fail	tool exit status mismatch (expected EXIT_SUCCESS, got EXIT_FAILURE)	tool exit status mismatch (expected EXIT_SUCCESS, got EXIT_FAILURE)	alias-template-dependent-expansion-and-rebinding	72e996289 alias-template pack binding; 3bec27bf4 alias-template-id qualifier in value context; 45820ae4b default args in alias expansion; e32a4ae29 value-context alias defaults; 05bc9195a forwarding alias patterns; 743b7a920 dependent alias pack patterns	Opus final pa23/plan.md Work log item 3 and Loop 56/57 notes identify alias-template expansion, defaults, dependent qualifiers, and pack-preserving rebinding.	Opus initial PA23 failure seeded from analysis/pa23-initial-failures: tool exit status mismatch (expected EXIT_SUCCESS, got EXIT_FAILURE)	pa22	harness-or-reference-issue	analysis/reducers/pa22-index-sequence-alias-constructor-deduction.t	pa22/tests/general/500-index-sequence-alias-constructor-deduction.t (not added; reference-blocked)	no-action	seed=both_fail; skipped after validation because Opus start 1963d796e rejected undeclared index_sequence<0> and Opus commit 45820ae4b accepted, but external reference LowIR includes extra EH declarations and an empty helper constructor body not emitted by current PA22; recorded in analysis/reference-reducer-failures.md.
pa23/tests/general/500-inherited-constructor-template-member-alias-pack.t	pa23/tests/general	500	fail	fail	both_fail	tool exit status mismatch (expected EXIT_SUCCESS, got EXIT_FAILURE)	tool exit status mismatch (expected EXIT_SUCCESS, got EXIT_FAILURE)	member-template-entity-and-call-integration	42beb854b member template definition relink; 7571a0d7b using-declaration imports member template overloads; 670045ef2 member template as TTP arg; 24db2e7ce using-imported member-template this adjustment	Opus plan loop notes cover member-template lookup/call/import behavior across class scopes and template argument forms.	Opus initial PA23 failure seeded from analysis/pa23-initial-failures: tool exit status mismatch (expected EXIT_SUCCESS, got EXIT_FAILURE)	pa22	missing-earlier-feature	analysis/reducers/pa22-inherited-constructor-template-member-alias-pack.t	pa22/tests/general/500-inherited-constructor-template-member-alias-pack.t	test-added	PA22 inherited constructor-template deduction with member alias pack and defaulted enable-if NTTP; g++ C++11 valid; Opus start 1963d796e rejects with parse error and Opus 33af1a9bc/0ed91f49d accept; local canonical dev/cppgm++ accepts and generated refs; focused PA22 check, direct LowIR check, and placement audit passed.
pa23/tests/general/500-internal-remove-cvref-alias-sfinae.t	pa23/tests/general	500	fail	fail	both_fail	generated LowIR does not match reference after relaxed metadata canonicalization and order canonicalization; canonical diff written to tests/general/500-internal-remove-cvref-alias-sfinae.my.lowir.compare.diff	tool exit status mismatch (expected EXIT_SUCCESS, got EXIT_FAILURE)	vendor-builtin-template-traits-and-pack-intrinsics	21c3199fa __type_pack_element; cc00b5bf8 builtin unary type transforms; 44d58bf2e __make_integer_seq	Opus plan work log and loop notes call out vendor builtins/type transforms as PA23-forced compatibility forms needing owner decisions.	Opus initial PA23 failure seeded from analysis/pa23-initial-failures: generated LowIR does not match reference after relaxed metadata canonicalization and order canonicalization; canonical diff written to tests/general/500-internal-remove-cvref-alias-sfinae.my.lowir.compare.diff	pa22-portable-candidate	portable-rewrite-pending-validation	portable PA23 source rewritten; reduce from pa23/tests/general/500-internal-remove-cvref-alias-sfinae.t		no-action	seed=both_fail; portable rewrite pass 2026-06-30: replaced hosted __remove_cvref transform with local C++11 remove_reference/remove_cv helper and renamed the alias to remove_cvref_t; g++/clang C++11 syntax, current cppgm compile, focused PA23 check, and PA19-PA23 placement audit passed. No earlier assignment test added yet; rerun Opus start/fix and external reference gates for the portable form before promotion. Intrinsic-specific coverage remains in PA34 compile tests.
pa23/tests/general/500-member-template-conditional-alias-trailing-return.t	pa23/tests/general	500	pass	fail	trusted_only		tool exit status mismatch (expected EXIT_SUCCESS, got EXIT_FAILURE)	member-template-entity-and-call-integration	42beb854b member template definition relink; 7571a0d7b using-declaration imports member template overloads; 670045ef2 member template as TTP arg; 24db2e7ce using-imported member-template this adjustment	Opus plan loop notes cover member-template lookup/call/import behavior across class scopes and template argument forms.	Opus initial PA23 baseline passed this row (trusted_only seed); no Opus fixing transition, classification from test content plus Trusted seeded failure: tool exit status mismatch (expected EXIT_SUCCESS, got EXIT_FAILURE)	pa21-or-pa22	implementation-bug-only	derive reduced example from pa23/tests/general/500-member-template-conditional-alias-trailing-return.t		no-action	Opus PA23 start baseline already passed this row; under the Opus-gated backfill workflow there is no start/fix transition proving a missing earlier reducer. No earlier assignment test added.
pa23/tests/general/500-member-template-dependent-owner-defaulted-sfinae.t	pa23/tests/general	500	fail	fail	both_fail	tool exit status mismatch (expected EXIT_SUCCESS, got EXIT_FAILURE)	generated LowIR does not match reference after relaxed metadata canonicalization and order canonicalization; canonical diff written to tests/general/500-member-template-dependent-owner-defaulted-sfinae.my.lowir.compare.diff	sfinae-substitution-with-alias-member-pack-and-detector-idioms	1a232426b bind deduced pack into concreteScope; 9a209b88e fold member-template guards; cc29768af alias guard folding; 768c32e9f out-of-class SFINAE overload pairing	Opus final pa23/plan.md Fix 24-25d documents defaulted-NTTP SFINAE guards, alias guard folding, member-template guard dropping, detector idioms, and overload relinking.	Opus initial PA23 failure seeded from analysis/pa23-initial-failures: tool exit status mismatch (expected EXIT_SUCCESS, got EXIT_FAILURE)	pa22	feature-interaction-earliest-owner	analysis/reducers/pa22-member-template-dependent-owner-defaulted-sfinae.t	pa22/tests/general/500-member-template-dependent-owner-defaulted-sfinae.t	test-added	seed=both_fail; added PA22 dependent source-owner member-template defaulted-SFINAE reducer; Opus start 1963d796e rejected called object is not a function and Opus commit 1a232426b accepted; external refs and witness refs generated; focused check and witness compare passed; placement audit pa22 --fail-on-early passed; PA22 report passed 98/98.
pa23/tests/general/500-member-template-enable-if-redeclaration-overload.t	pa23/tests/general	500	fail	fail	both_fail	generated LowIR failed sanity validation: function @box_pointer_to_int___run block ^entry call @box_pointer_to_int___pick__t1 expects exactly 1 argument(s), got 3	generated LowIR does not match reference after relaxed metadata canonicalization and order canonicalization; canonical diff written to tests/general/500-member-template-enable-if-redeclaration-overload.my.lowir.compare.diff	sfinae-substitution-with-alias-member-pack-and-detector-idioms	1a232426b bind deduced pack into concreteScope; 9a209b88e fold member-template guards; cc29768af alias guard folding; 768c32e9f out-of-class SFINAE overload pairing	Opus final pa23/plan.md Fix 24-25d documents defaulted-NTTP SFINAE guards, alias guard folding, member-template guard dropping, detector idioms, and overload relinking.	Opus initial PA23 failure seeded from analysis/pa23-initial-failures: generated LowIR failed sanity validation: function @box_pointer_to_int___run block ^entry call @box_pointer_to_int___pick__t1 expects exactly 1 argument(s), got 3	pa22	harness-or-reference-issue	analysis/reducers/pa22-member-template-enable-if-redeclaration-overload.t	pa22/tests/general/500-member-template-enable-if-redeclaration-overload.t (not added; reference-blocked)	no-action	seed=both_fail; skipped after validation because Opus start 1963d796e emitted the wrong out-of-class member-template overload body and Opus commit 1a232426b emitted the selected pointer overload returning 2, but external reference LowIR includes extra EH runtime declarations not emitted by current PA22; recorded in analysis/reference-reducer-failures.md.
pa23/tests/general/500-out-of-class-member-template-dependent-owner-type.t	pa23/tests/general	500	fail	fail	both_fail	generated LowIR failed sanity validation: function @main block ^entry call @service_mutex_type___receive__t1 expects exactly 1 argument(s), got 3	tool exit status mismatch (expected EXIT_SUCCESS, got EXIT_FAILURE)	member-template-ownership-and-out-of-class-definition-replay	42beb854b link out-of-class member function template definitions; e8325194b out-of-class constructor templates; fd6f3e485 member class template definitions; a6212a3e1 parameter labels; 768c32e9f overload pairing	Opus final pa23/plan.md Work log item 2 and Loop 56/61 notes identify member-template body relinking, class/member out-of-class definitions, and source-order overload pairing.	Opus initial PA23 failure seeded from analysis/pa23-initial-failures: generated LowIR failed sanity validation: function @main block ^entry call @service_mutex_type___receive__t1 expects exactly 1 argument(s), got 3	pa22	harness-or-reference-issue	analysis/reducers/pa22-out-of-class-member-template-dependent-owner-type.t		no-action	Reducer is g++ C++11 valid and current accepts, but the external reference compiler rejects with unknown qualified class partial specialization scope for the nested dependent owner type; logged in analysis/reference-reducer-failures.md. No PA22 test added until reference generation is stable.
pa23/tests/general/500-pack-alias-functional-bool-trait-sfinae.t	pa23/tests/general	500	fail	fail	both_fail	tool exit status mismatch (expected EXIT_SUCCESS, got EXIT_FAILURE)	tool exit status mismatch (expected EXIT_SUCCESS, got EXIT_FAILURE)	sfinae-substitution-with-alias-member-pack-and-detector-idioms	1a232426b bind deduced pack into concreteScope; 9a209b88e fold member-template guards; cc29768af alias guard folding; 768c32e9f out-of-class SFINAE overload pairing	Opus final pa23/plan.md Fix 24-25d documents defaulted-NTTP SFINAE guards, alias guard folding, member-template guard dropping, detector idioms, and overload relinking.	Opus initial PA23 failure seeded from analysis/pa23-initial-failures: tool exit status mismatch (expected EXIT_SUCCESS, got EXIT_FAILURE)	pa22	feature-interaction-earliest-owner	analysis/reducers/pa22-pack-alias-functional-bool-trait-sfinae.t	pa22/tests/general/500-pack-alias-functional-bool-trait-sfinae.t	test-added	seed=both_fail; added PA22 pack-alias functional bool-trait SFINAE reducer; Opus start 1963d796e rejected dependent Bn::value and Opus commit 1a232426b accepted; external refs and witness refs generated; focused check and witness compare passed; placement audit pa22 --fail-on-early passed; PA22 report passed 98/98.
pa23/tests/general/500-pack-alias-inherited-bool-constant.t	pa23/tests/general	500	fail	fail	both_fail	tool exit status mismatch (expected EXIT_SUCCESS, got EXIT_FAILURE)	tool exit status mismatch (expected EXIT_SUCCESS, got EXIT_FAILURE)	dependent-base-and-inherited-constructor-template-integration	cc29768af pa23: fold alias SFINAE guards and exclude ctor-template classes from aggregates	Opus final pa23/plan.md Loop 58/60 notes track inherited constructor templates, dependent bases, pack forwarding, wrapper emission, and partial-specialization combinations.	Opus initial PA23 failure seeded from analysis/pa23-initial-failures: tool exit status mismatch (expected EXIT_SUCCESS, got EXIT_FAILURE)	pa22	feature-interaction-earliest-owner	Require<inherited_true<T>, true_type> expands an alias-template parameter pack into enable_if_t<and_<Cond...>::value>	pa22/tests/general/300-pack-alias-enable-if-bool-constant.t	test-added	Backfilled in PA22 general. Historical reducer failed at Opus PA23 start 1963d796e with unknown enable_if_t<and_<Cond...>::value>, still failed at 27f04fc71/9cfd2427e, and passed at cc29768af; focused LowIR and witness checks passed.
pa23/tests/general/500-partial-member-template-trailing-result-scope.t	pa23/tests/general	500	pass	fail	trusted_only		tool exit status mismatch (expected EXIT_SUCCESS, got EXIT_FAILURE)	member-template-entity-and-call-integration	42beb854b member template definition relink; 7571a0d7b using-declaration imports member template overloads; 670045ef2 member template as TTP arg; 24db2e7ce using-imported member-template this adjustment	Opus plan loop notes cover member-template lookup/call/import behavior across class scopes and template argument forms.	Opus initial PA23 baseline passed this row (trusted_only seed); no Opus fixing transition, classification from test content plus Trusted seeded failure: tool exit status mismatch (expected EXIT_SUCCESS, got EXIT_FAILURE)	pa21-or-pa22	implementation-bug-only	derive reduced example from pa23/tests/general/500-partial-member-template-trailing-result-scope.t		no-action	Opus PA23 start baseline already passed this row; under the Opus-gated backfill workflow there is no start/fix transition proving a missing earlier reducer. No earlier assignment test added.
pa23/tests/general/500-qualified-member-function-value-fallback-sfinae.t	pa23/tests/general	500	fail	fail	both_fail	tool exit status mismatch (expected EXIT_SUCCESS, got EXIT_FAILURE)	tool exit status mismatch (expected EXIT_SUCCESS, got EXIT_FAILURE)	sfinae-substitution-candidate-dropping	a6723df7a fixes reduced qualified static member-function value used in a SFINAE non-type parameter	Opus plan loop notes identify SFINAE candidate dropping and defaulted non-type parameter guards as PA22-owned deduction/substitution behavior.	Reduced PA22-shaped case fails at Opus start 1963d796e with dependent type name 'Bn::value' requires typename; a6723df7a and later sampled Opus commits pass.	pa22	missing-earlier-feature	analysis/reducers/pa22-qualified-member-function-value-fallback-sfinae.t	pa22/tests/spec/300-qualified-member-function-value-fallback-sfinae.t	test-added	seed=both_fail; added PA22 qualified static member-function SFINAE value reducer with external refs and witness refs; focused check and witness compare passed; placement audit pa22 --fail-on-early passed; PA22 report passed 80/80.
pa23/tests/general/500-qualified-rebind-detected-type-arg.t	pa23/tests/general	500	fail	fail	both_fail	tool exit status mismatch (expected EXIT_SUCCESS, got EXIT_FAILURE)	tool exit status mismatch (expected EXIT_SUCCESS, got EXIT_FAILURE)	sfinae-substitution-candidate-dropping	7ed506338 evaluate decltype(member-template-call)::value in const-eval fixes qualified rebind detector type-argument reducer	Opus plan loop notes identify SFINAE candidate dropping and defaulted non-type parameter guards as PA22-owned deduction/substitution behavior.	Opus start 1963d796e rejects the reducer with undeclared result<pointer_traits<pointer<int>>::rebind<bool>>::value; 53a5589b7 still fails; 7ed506338 and later sampled Opus commits pass.	pa22	missing-earlier-feature	analysis/reducers/pa22-qualified-rebind-detected-type-arg.t	pa22/tests/general/300-qualified-rebind-detected-type-arg.t	test-added	seed=both_fail; added PA22 qualified rebind detector type-argument reducer with external refs and witness refs; focused check and witness compare passed; placement audit pa22 --fail-on-early passed; PA22 report passed 81/81.
pa23/tests/general/500-range-array-reference-mutable-begin.t	pa23/tests/general	500	fail	fail	both_fail	tool exit status mismatch (expected EXIT_SUCCESS, got EXIT_FAILURE)	tool exit status mismatch (expected EXIT_SUCCESS, got EXIT_FAILURE)	array-bound-and-array-reference-template-deduction	ca8bee9a5 pa23: rank array reference-binding cv-qualification at the element level	Opus final plan Work log item 7 and PA22 loop notes cover array-bound NTTP deduction and array-reference function-template deduction.	Opus initial PA23 failure seeded from analysis/pa23-initial-failures: tool exit status mismatch (expected EXIT_SUCCESS, got EXIT_FAILURE)	pa22	missing-earlier-feature	find_not(Range&) preserves mutable int[N] through begin(R&) and range_begin(T (&)[N])	pa22/tests/general/200-range-array-reference-mutable-begin.t	test-added	Backfilled in PA22 general with unsigned long size_t reducer to avoid unrelated historical __SIZE_TYPE__ predefine failure. Reducer failed at Opus PA23 start 1963d796e with undeclared find_not and passed at ca8bee9a5; focused LowIR and witness checks passed.
pa23/tests/general/500-recursive-qualified-member-template-bool-arg.t	pa23/tests/general	500	fail	fail	both_fail	tool exit status mismatch (expected EXIT_SUCCESS, got EXIT_FAILURE)	tool exit status mismatch (expected EXIT_SUCCESS, got EXIT_FAILURE)	member-template-entity-and-call-integration	42beb854b member template definition relink; 7571a0d7b using-declaration imports member template overloads; 670045ef2 member template as TTP arg; 24db2e7ce using-imported member-template this adjustment	Opus plan loop notes cover member-template lookup/call/import behavior across class scopes and template argument forms.	Opus initial PA23 failure seeded from analysis/pa23-initial-failures: tool exit status mismatch (expected EXIT_SUCCESS, got EXIT_FAILURE)	pa22	missing-earlier-feature	analysis/reducers/pa22-class-template-id-argument-no-eager-complete.t	pa22/tests/general/300-class-template-id-argument-no-eager-complete.t	test-added	Reduced to the PA22 no-eager rule from Opus 6d2492d33: a class-template-id used as a template argument in a dependent base must not force completion of its body. g++ C++11 valid; Opus start rejects, Opus 6d2492d33/current/reference accept; focused PA22 check and placement audit passed.
pa23/tests/general/500-short-circuit-alias-member-sfinae.t	pa23/tests/general	500	fail	fail	both_fail	tool exit status mismatch (expected EXIT_SUCCESS, got EXIT_FAILURE)	tool exit status mismatch (expected EXIT_SUCCESS, got EXIT_FAILURE)	sfinae-substitution-with-alias-member-pack-and-detector-idioms	1a232426b bind deduced pack into concreteScope; 9a209b88e fold member-template guards; cc29768af alias guard folding; 768c32e9f out-of-class SFINAE overload pairing	Opus final pa23/plan.md Fix 24-25d documents defaulted-NTTP SFINAE guards, alias guard folding, member-template guard dropping, detector idioms, and overload relinking.	Opus initial PA23 failure seeded from analysis/pa23-initial-failures: tool exit status mismatch (expected EXIT_SUCCESS, got EXIT_FAILURE)	pa22	feature-interaction-earliest-owner	analysis/reducers/pa22-short-circuit-alias-member-sfinae.t	pa22/tests/general/500-short-circuit-alias-member-sfinae.t	test-added	seed=both_fail; added PA22 short-circuit alias/member SFINAE reducer; Opus start 1963d796e rejected with a parse error and Opus commit 1a232426b accepted; external refs and witness refs generated; focused check and witness compare passed; placement audit pa22 --fail-on-early passed; PA22 report passed 98/98.
pa23/tests/general/500-source-namespace-base-sfinae-chain.t	pa23/tests/general	500	pass	fail	trusted_only		tool exit status mismatch (expected EXIT_SUCCESS, got EXIT_FAILURE)	sfinae-substitution-candidate-dropping	no Opus fixing transition; direct PA23 source already passes Opus PA23 start anchor	Opus plan loop notes identify SFINAE candidate dropping and defaulted non-type parameter guards as PA22-owned deduction/substitution behavior.	Opus initial PA23 baseline passed this row; rechecked direct source at 1963d796e and it exits 0, so it fails the required historical reducer gate.	pa22	implementation-bug-only			no-action	seed=trusted_only; skipped for Opus-backed backfill because the direct PA23 source already passes at Opus start 1963d796e; Trusted-only failure should be revisited only in a Trusted-specific audit.
pa23/tests/general/500-source-owner-member-template-sfinae-default.t	pa23/tests/general	500	fail	fail	both_fail	tool exit status mismatch (expected EXIT_SUCCESS, got EXIT_FAILURE)	generated LowIR does not match reference after relaxed metadata canonicalization and order canonicalization; canonical diff written to tests/general/500-source-owner-member-template-sfinae-default.my.lowir.compare.diff	sfinae-substitution-with-alias-member-pack-and-detector-idioms	1a232426b bind deduced pack into concreteScope; 9a209b88e fold member-template guards; cc29768af alias guard folding; 768c32e9f out-of-class SFINAE overload pairing	Opus final pa23/plan.md Fix 24-25d documents defaulted-NTTP SFINAE guards, alias guard folding, member-template guard dropping, detector idioms, and overload relinking.	Opus initial PA23 failure seeded from analysis/pa23-initial-failures: tool exit status mismatch (expected EXIT_SUCCESS, got EXIT_FAILURE)	pa22	harness-or-reference-issue	analysis/reducers/pa22-source-owner-member-template-sfinae-default.t	pa22/tests/general/500-source-owner-member-template-sfinae-default.t (not added; reference-blocked)	no-action	seed=both_fail; skipped after validation because Opus start 1963d796e rejected no matching insert and Opus commit 1a232426b accepted, but external reference LowIR includes extra EH runtime declarations not emitted by current PA22; recorded in analysis/reference-reducer-failures.md.
pa23/tests/general/500-tcc-member-constructible-pack-sfinae.t	pa23/tests/general	500	fail	fail	both_fail	tool exit status mismatch (expected EXIT_SUCCESS, got EXIT_FAILURE)	tool exit status mismatch (expected EXIT_SUCCESS, got EXIT_FAILURE)	sfinae-substitution-with-alias-member-pack-and-detector-idioms	1a232426b bind deduced pack into concreteScope; 9a209b88e fold member-template guards; cc29768af alias guard folding; 768c32e9f out-of-class SFINAE overload pairing	Opus final pa23/plan.md Fix 24-25d documents defaulted-NTTP SFINAE guards, alias guard folding, member-template guard dropping, detector idioms, and overload relinking.	Opus initial PA23 failure seeded from analysis/pa23-initial-failures: tool exit status mismatch (expected EXIT_SUCCESS, got EXIT_FAILURE)	pa22	harness-or-reference-issue	analysis/reducers/pa22-tcc-member-constructible-pack-sfinae.t	pa22/tests/general/500-tcc-member-constructible-pack-sfinae.t (not added; reference-blocked)	no-action	seed=both_fail; skipped after validation because Opus start 1963d796e rejected with a parse error and Opus commit 1a232426b accepted, but external reference LowIR selects the variadic fallback returning 4 while current selects make<int> returning 11; recorded in analysis/reference-reducer-failures.md.
pa23/tests/general/500-template-deduction-rejects-value-base-argument.t	pa23/tests/general	500	fail	fail	both_fail	tool exit status mismatch (expected EXIT_SUCCESS, got EXIT_FAILURE)	tool exit status mismatch (expected EXIT_SUCCESS, got EXIT_FAILURE)	non-type-template-argument-deduction-packs-and-static-values	8e4c41d4 nested template-id NTTP deduction; 984146a7c NTTP pack in nested template-id; b444d928a array-bound NTTP deduction in class partial spec; d062aba6a synthesize NTTP pack in partial ordering; 9cfd2427e bind NTTP pack on template/alias instantiation; 25727803a reference/pointer NTTPs	Opus final plan Work log items 11/12 and loop notes connect NTTP packs/static values with partial-specialization and deduction behavior.	Opus initial PA23 failure seeded from analysis/pa23-initial-failures: tool exit status mismatch (expected EXIT_SUCCESS, got EXIT_FAILURE)	pa22	missing-earlier-feature	pa22/tests/general/100-template-deduction-rejects-value-base-argument.t	pa22/tests/general/100-template-deduction-rejects-value-base-argument.t	test-added	Exact PA23 source promoted as PA22 deduction rejection for value base argument against a type template-template pattern; g++ C++11 valid; current/reference compare clean; Opus start 1963d796e rejects, Opus 1434a6e11 compares clean; focused PA22 check, placement audit, and PA22 report passed.
pa23/tests/general/500-type-pack-element-preserves-concrete-argument.t	pa23/tests/general	500	fail	fail	both_fail	tool exit status mismatch (expected EXIT_SUCCESS, got EXIT_FAILURE)	tool exit status mismatch (expected EXIT_SUCCESS, got EXIT_FAILURE)	vendor-builtin-template-traits-and-pack-intrinsics	21c3199fa __type_pack_element; cc00b5bf8 builtin unary type transforms; 44d58bf2e __make_integer_seq	Opus plan work log and loop notes call out vendor builtins/type transforms as PA23-forced compatibility forms needing owner decisions.	Opus initial PA23 failure seeded from analysis/pa23-initial-failures: tool exit status mismatch (expected EXIT_SUCCESS, got EXIT_FAILURE)	pa22-portable-candidate	portable-rewrite-pending-validation	portable PA23 source rewritten; reduce from pa23/tests/general/500-type-pack-element-preserves-concrete-argument.t		no-action	seed=both_fail; portable rewrite pass 2026-06-30: replaced hosted __type_pack_element with local recursive pack_element helper; g++/clang C++11 syntax, current cppgm compile, focused PA23 check, and PA19-PA23 placement audit passed. No earlier assignment test added yet; rerun Opus start/fix and external reference gates for the portable form before promotion. Intrinsic-specific coverage remains in PA34 compile tests.
pa23/tests/general/500-type-pack-element-result-selects-copy-ctor.t	pa23/tests/general	500	fail	fail	both_fail	tool exit status mismatch (expected EXIT_SUCCESS, got EXIT_FAILURE)	tool exit status mismatch (expected EXIT_SUCCESS, got EXIT_FAILURE)	vendor-builtin-template-traits-and-pack-intrinsics	21c3199fa __type_pack_element; cc00b5bf8 builtin unary type transforms; 44d58bf2e __make_integer_seq	Opus plan work log and loop notes call out vendor builtins/type transforms as PA23-forced compatibility forms needing owner decisions.	Opus initial PA23 failure seeded from analysis/pa23-initial-failures: tool exit status mismatch (expected EXIT_SUCCESS, got EXIT_FAILURE)	pa22-portable-candidate	portable-rewrite-pending-validation	portable PA23 source rewritten; reduce from pa23/tests/general/500-type-pack-element-result-selects-copy-ctor.t		no-action	seed=both_fail; portable rewrite pass 2026-06-30: replaced hosted __type_pack_element with local recursive pack_element helper; g++/clang C++11 syntax, current cppgm compile, focused PA23 check, and PA19-PA23 placement audit passed. No earlier assignment test added yet; rerun Opus start/fix and external reference gates for the portable form before promotion. Intrinsic-specific coverage remains in PA34 compile tests.
pa23/tests/general/500-type-pack-rejects-value-pack-bad.t	pa23/tests/general	500	pass	fail	trusted_only		tool exit status mismatch (expected EXIT_FAILURE, got EXIT_SUCCESS)	non-type-template-argument-deduction-packs-and-static-values	8e4c41d4 nested template-id NTTP deduction; 984146a7c NTTP pack in nested template-id; b444d928a array-bound NTTP deduction in class partial spec; d062aba6a synthesize NTTP pack in partial ordering; 9cfd2427e bind NTTP pack on template/alias instantiation; 25727803a reference/pointer NTTPs	Opus final plan Work log items 11/12 and loop notes connect NTTP packs/static values with partial-specialization and deduction behavior.	Opus initial PA23 baseline passed this row (trusted_only seed); no Opus fixing transition, classification from test content plus Trusted seeded failure: tool exit status mismatch (expected EXIT_FAILURE, got EXIT_SUCCESS)	pa21	no-missing-opus-feature	pa23/tests/general/500-type-pack-rejects-value-pack-bad.t		no-action	Negative PA23 source is invalid C++11 as intended; g++/current/reference reject it, and Opus start 1963d796e already rejects with matching expected failure, so no earlier backfill is needed.
pa23/tests/spec/100-constructor-template-const-ref-conversion.t	pa23/tests/spec	100	fail	fail	both_fail	generated LowIR does not match reference after relaxed metadata canonicalization and order canonicalization; canonical diff written to tests/spec/100-constructor-template-const-ref-conversion.my.lowir.compare.diff	tool exit status mismatch (expected EXIT_SUCCESS, got EXIT_FAILURE)	constructor-and-conversion-template-deduction-overload-selection	12a043a36 converting ctor-template reference binding; 06faea325 prefer rvalue ctor template; a6c373488 ICS ctor selection; 8282e47cf by-value converting ctor template; 6e909ebd5 conversion-function-template copy-init; f8660aa27 assignment via conversion operator	Opus final plan Loop 55/56 and Work log item 11 describe constructor/conversion-template deduction, overload ranking, copy-init, and assignment conversion composition.	Opus initial PA23 failure seeded from analysis/pa23-initial-failures: generated LowIR does not match reference after relaxed metadata canonicalization and order canonicalization; canonical diff written to tests/spec/100-constructor-template-const-ref-conversion.my.lowir.compare.diff	pa22	feature-interaction-earliest-owner	pa22/tests/spec/300-constructor-template-const-ref-conversion.t	pa22/tests/spec/300-constructor-template-const-ref-conversion.t	test-added	seed=both_fail; same ref-stable PA22 reducer covers the matching general/spec PA23 rows; Opus PA23 start 1963d796e LowIR mismatches; Opus 12a043a36 and f8660aa27 compare cleanly.
pa23/tests/spec/100-dependent-qualified-return-type.t	pa23/tests/spec	100	pass	fail	trusted_only		tool exit status mismatch (expected EXIT_SUCCESS, got EXIT_FAILURE)	dependent-qualified-lookup-current-specialization-and-friend-scope	7020b769c dependent qualified name without typename; 3bec27bf4 alias-template-id qualifier in value context; 51026c3d2 injected-class-name functional cast; b921be822 substitute TTP in current-specialization type; 72025a570 NTTP from class-template-id arg + in-class labels; 997e77f27 qualified-member call most-vexing parse	Opus final pa23/plan.md Work log items 5/8/10 and Loop 56 notes cover dependent qualified lookup, current specialization, friend/member scope, and source owner preservation.	Opus initial PA23 baseline passed this row (trusted_only seed); no Opus fixing transition, classification from test content plus Trusted seeded failure: tool exit status mismatch (expected EXIT_SUCCESS, got EXIT_FAILURE)	pa18-or-pa21	implementation-bug-only			no-action	seed=trusted_only; Opus PA23 start 1963d796e already accepts this row, so there is no Opus fail/fix transition for an earlier reducer backfill.
pa23/tests/spec/100-dependent-template-id-qualified-member-source-owner.t	pa23/tests/spec	100	pass	fail	trusted_only		generated LowIR does not match reference after relaxed metadata canonicalization and order canonicalization; canonical diff written to tests/spec/100-dependent-template-id-qualified-member-source-owner.my.lowir.compare.diff	dependent-qualified-lookup-current-specialization-and-friend-scope	7020b769c dependent qualified name without typename; 3bec27bf4 alias-template-id qualifier in value context; 51026c3d2 injected-class-name functional cast; b921be822 substitute TTP in current-specialization type; 72025a570 NTTP from class-template-id arg + in-class labels; 997e77f27 qualified-member call most-vexing parse	Opus final pa23/plan.md Work log items 5/8/10 and Loop 56 notes cover dependent qualified lookup, current specialization, friend/member scope, and source owner preservation.	Opus initial PA23 baseline passed this row (trusted_only seed); no Opus fixing transition, classification from test content plus Trusted seeded failure: generated LowIR does not match reference after relaxed metadata canonicalization and order canonicalization; canonical diff written to tests/spec/100-dependent-template-id-qualified-member-source-owner.my.lowir.compare.diff	pa18-or-pa21	implementation-bug-only			no-action	seed=trusted_only; Opus PA23 start 1963d796e already accepts this row, so there is no Opus fail/fix transition for an earlier reducer backfill.
pa23/tests/spec/100-enum-value-partial-specialization-base.t	pa23/tests/spec	100	pass	fail	trusted_only		tool exit status mismatch (expected EXIT_SUCCESS, got EXIT_FAILURE)	class-partial-specialization-selection	15a2e9c8d cv-qualifier-correct partial specialization and partial ordering; 33a806b05 TTP partial ordering	Opus final plan Work log item 4 names deterministic partial-specialization selection and ordering as a fixed root cause.	Opus initial PA23 baseline passed this row (trusted_only seed); no Opus fixing transition, classification from test content plus Trusted seeded failure: tool exit status mismatch (expected EXIT_SUCCESS, got EXIT_FAILURE)	pa21	implementation-bug-only			no-action	no earlier assignment test added: PA23 source accepts at Opus PA23 start 1963d796e and sampled later commits, so this row has no historical fail/fix transition proving a missing earlier reducer; current/reference screen did not identify a promotable reduced backfill
pa23/tests/spec/100-explicit-instantiation-after-explicit-specialization-no-effect.t	pa23/tests/spec	100	pass	fail	trusted_only		generated LowIR does not match reference after relaxed metadata canonicalization and order canonicalization; canonical diff written to tests/spec/100-explicit-instantiation-after-explicit-specialization-no-effect.my.lowir.compare.diff	explicit-specialization-and-explicit-instantiation-ownership	0044efd8b explicit-instantiation lowering; 447aab065 stale primary refresh; b9c1574cb member-function explicit specialization; 569fcbd79 member-function explicit instantiation; fb9e82eeb full explicit-specialization defaults	Opus final plan Work log items 9/11 plus explicit-specialization rejection notes cover stale-primary refresh, member ownership, static data, and explicit-instantiation lowering.	Opus initial PA23 baseline passed this row (trusted_only seed); no Opus fixing transition, classification from test content plus Trusted seeded failure: generated LowIR does not match reference after relaxed metadata canonicalization and order canonicalization; canonical diff written to tests/spec/100-explicit-instantiation-after-explicit-specialization-no-effect.my.lowir.compare.diff	pa21	implementation-bug-only			no-action	no earlier assignment test added: PA23 source accepts at Opus PA23 start 1963d796e and sampled explicit-specialization commits, so there is no Opus fail/fix transition proving a missing earlier reducer
pa23/tests/spec/100-explicit-instantiation-static-member-function.t	pa23/tests/spec	100	fail	fail	both_fail	generated LowIR does not match reference after relaxed metadata canonicalization and order canonicalization; canonical diff written to tests/spec/100-explicit-instantiation-static-member-function.my.lowir.compare.diff	tool exit status mismatch (expected EXIT_SUCCESS, got EXIT_FAILURE)	explicit-specialization-and-explicit-instantiation-ownership	0044efd8b explicit-instantiation lowering; 447aab065 stale primary refresh; b9c1574cb member-function explicit specialization; 569fcbd79 member-function explicit instantiation; fb9e82eeb full explicit-specialization defaults	Opus final plan Work log items 9/11 plus explicit-specialization rejection notes cover stale-primary refresh, member ownership, static data, and explicit-instantiation lowering.	Opus initial PA23 failure seeded from analysis/pa23-initial-failures: generated LowIR does not match reference after relaxed metadata canonicalization and order canonicalization; canonical diff written to tests/spec/100-explicit-instantiation-static-member-function.my.lowir.compare.diff	pa21	harness-or-reference-issue	analysis/reducers/pa21-explicit-instantiation-static-member-function.t		no-action	seed=both_fail; reducer is C++11 valid and current/reference both accept, but relaxed LowIR comparison fails on object_root metadata for the explicitly instantiated static member function; recorded in analysis/reference-reducer-failures.md
pa23/tests/spec/100-explicit-specialization-after-instantiation.t	pa23/tests/spec	100	fail	fail	both_fail	tool exit status mismatch (expected EXIT_FAILURE, got EXIT_SUCCESS)	tool exit status mismatch (expected EXIT_FAILURE, got EXIT_SUCCESS)	explicit-specialization-and-explicit-instantiation-ownership	0044efd8b explicit-instantiation lowering; 447aab065 stale primary refresh; b9c1574cb member-function explicit specialization; 569fcbd79 member-function explicit instantiation; fb9e82eeb full explicit-specialization defaults	Opus final plan Work log items 9/11 plus explicit-specialization rejection notes cover stale-primary refresh, member ownership, static data, and explicit-instantiation lowering.	Opus initial PA23 failure seeded from analysis/pa23-initial-failures: tool exit status mismatch (expected EXIT_FAILURE, got EXIT_SUCCESS)	pa21	feature-interaction-earliest-owner	analysis/reducers/pa21-explicit-specialization-after-instantiation.t	pa21/tests/spec/300-explicit-specialization-after-instantiation.t	test-added	seed=both_fail; negative PA21 explicit-specialization-after-instantiation rule; g++ rejects as invalid C++11 and current/reference reject; Opus start 1963d796e wrongly accepts and Opus fb9e82eeb rejects; external failure refs generated; focused PA21 check passed
pa23/tests/spec/100-explicit-specialization-cross-converting-ctor-body.t	pa23/tests/spec	100	fail	fail	both_fail	generated LowIR does not match reference after relaxed metadata canonicalization and order canonicalization; canonical diff written to tests/spec/100-explicit-specialization-cross-converting-ctor-body.my.lowir.compare.diff	tool exit status mismatch (expected EXIT_SUCCESS, got EXIT_FAILURE)	explicit-specialization-and-explicit-instantiation-ownership	0044efd8b explicit-instantiation lowering; 447aab065 stale primary refresh; b9c1574cb member-function explicit specialization; 569fcbd79 member-function explicit instantiation; fb9e82eeb full explicit-specialization defaults	Opus final plan Work log items 9/11 plus explicit-specialization rejection notes cover stale-primary refresh, member ownership, static data, and explicit-instantiation lowering.	Opus initial PA23 failure seeded from analysis/pa23-initial-failures: generated LowIR does not match reference after relaxed metadata canonicalization and order canonicalization; canonical diff written to tests/spec/100-explicit-specialization-cross-converting-ctor-body.my.lowir.compare.diff	pa21	harness-or-reference-issue	analysis/reducers/pa21-explicit-specialization-cross-converting-ctor-body.t		no-action	seed=both_fail; value-object reducer is C++11 valid and current/reference both accept, but relaxed LowIR comparison fails because external reference emits EH runtime declarations and omits constructor aliases; no-call reducer is reference-stable but passes Opus start, so no promotable PA21 test; recorded in analysis/reference-reducer-failures.md
pa23/tests/spec/100-explicit-specialization-member-definition-after-forward-use.t	pa23/tests/spec	100	fail	pass	opus_only	generated LowIR failed sanity validation: function @main block ^entry call @s_char___assign expects exactly 0 argument(s), got 2		explicit-specialization-and-explicit-instantiation-ownership	0044efd8b explicit-instantiation lowering; 447aab065 stale primary refresh; b9c1574cb member-function explicit specialization; 569fcbd79 member-function explicit instantiation; fb9e82eeb full explicit-specialization defaults	Opus final plan Work log items 9/11 plus explicit-specialization rejection notes cover stale-primary refresh, member ownership, static data, and explicit-instantiation lowering.	Opus initial PA23 failure seeded from analysis/pa23-initial-failures: generated LowIR failed sanity validation: function @main block ^entry call @s_char___assign expects exactly 0 argument(s), got 2	pa21	feature-interaction-earliest-owner	analysis/reducers/pa21-explicit-specialization-member-definition-after-forward-use.t	pa21/tests/spec/300-explicit-specialization-member-definition-after-forward-use.t	test-added	seed=opus_only; PA21 explicit-specialization member-definition after forward use backfill; C++11 valid; current/reference relaxed LowIR match; Opus start 1963d796e relaxed LowIR fails and Opus 447aab065 passes; external refs generated; focused PA21 validation pending in this pass
pa23/tests/spec/100-explicit-specialization-member-function.t	pa23/tests/spec	100	fail	pass	opus_only	generated LowIR does not match reference after relaxed metadata canonicalization and order canonicalization; canonical diff written to tests/spec/100-explicit-specialization-member-function.my.lowir.compare.diff		explicit-specialization-and-explicit-instantiation-ownership	0044efd8b explicit-instantiation lowering; 447aab065 stale primary refresh; b9c1574cb member-function explicit specialization; 569fcbd79 member-function explicit instantiation; fb9e82eeb full explicit-specialization defaults	Opus final plan Work log items 9/11 plus explicit-specialization rejection notes cover stale-primary refresh, member ownership, static data, and explicit-instantiation lowering.	Opus initial PA23 failure seeded from analysis/pa23-initial-failures: generated LowIR does not match reference after relaxed metadata canonicalization and order canonicalization; canonical diff written to tests/spec/100-explicit-specialization-member-function.my.lowir.compare.diff	pa21	feature-interaction-earliest-owner	analysis/reducers/pa21-explicit-specialization-member-function.t	pa21/tests/spec/300-explicit-specialization-member-function.t	test-added	seed=opus_only; PA21 explicit specialization of class-template member function; C++11 valid; current/reference relaxed LowIR match; Opus start 1963d796e relaxed LowIR fails and Opus b9c1574cb passes; external refs generated; focused PA21 validation pending in this pass
pa23/tests/spec/100-explicit-specialization-refreshes-stale-primary-instantiation.t	pa23/tests/spec	100	fail	pass	opus_only	tool exit status mismatch (expected EXIT_SUCCESS, got EXIT_FAILURE)		explicit-specialization-and-explicit-instantiation-ownership	0044efd8b explicit-instantiation lowering; 447aab065 stale primary refresh; b9c1574cb member-function explicit specialization; 569fcbd79 member-function explicit instantiation; fb9e82eeb full explicit-specialization defaults	Opus final plan Work log items 9/11 plus explicit-specialization rejection notes cover stale-primary refresh, member ownership, static data, and explicit-instantiation lowering.	Opus initial PA23 failure seeded from analysis/pa23-initial-failures: tool exit status mismatch (expected EXIT_SUCCESS, got EXIT_FAILURE)	pa21	feature-interaction-earliest-owner	analysis/reducers/pa21-explicit-specialization-refreshes-stale-primary-instantiation.t	pa21/tests/spec/300-explicit-specialization-refreshes-stale-primary-instantiation.t	test-added	seed=opus_only; covered by PA21 stale-primary explicit-specialization reducer; C++11 valid; current/reference accept; Opus start 1963d796e rejects with unknown char_type and Opus 447aab065 accepts; external refs generated; focused PA21 check passed
pa23/tests/spec/100-explicit-specialization-static-data-member.t	pa23/tests/spec	100	fail	fail	both_fail	generated LowIR does not match reference after relaxed metadata canonicalization and order canonicalization; canonical diff written to tests/spec/100-explicit-specialization-static-data-member.my.lowir.compare.diff	generated LowIR does not match reference after relaxed metadata canonicalization and order canonicalization; canonical diff written to tests/spec/100-explicit-specialization-static-data-member.my.lowir.compare.diff	explicit-specialization-and-explicit-instantiation-ownership	0044efd8b explicit-instantiation lowering; 447aab065 stale primary refresh; b9c1574cb member-function explicit specialization; 569fcbd79 member-function explicit instantiation; fb9e82eeb full explicit-specialization defaults	Opus final plan Work log items 9/11 plus explicit-specialization rejection notes cover stale-primary refresh, member ownership, static data, and explicit-instantiation lowering.	Opus initial PA23 failure seeded from analysis/pa23-initial-failures: generated LowIR does not match reference after relaxed metadata canonicalization and order canonicalization; canonical diff written to tests/spec/100-explicit-specialization-static-data-member.my.lowir.compare.diff	pa21	feature-interaction-earliest-owner	analysis/reducers/pa21-explicit-specialization-static-data-member.t	pa21/tests/spec/300-explicit-specialization-static-data-member.t	test-added	seed=both_fail; PA21 explicit specialization of static data member; C++11 valid; current/reference relaxed LowIR match; Opus start 1963d796e relaxed LowIR fails and Opus fb9e82eeb passes; external refs generated; focused PA21 validation pending in this pass
pa23/tests/spec/100-extern-template-constructor-declaration.t	pa23/tests/spec	100	fail	fail	both_fail	tool exit status mismatch (expected EXIT_SUCCESS, got EXIT_FAILURE)	tool exit status mismatch (expected EXIT_SUCCESS, got EXIT_FAILURE)	explicit-specialization-and-explicit-instantiation-ownership	0044efd8b explicit-instantiation lowering; 447aab065 stale primary refresh; b9c1574cb member-function explicit specialization; 569fcbd79 member-function explicit instantiation; fb9e82eeb full explicit-specialization defaults	Opus final plan Work log items 9/11 plus explicit-specialization rejection notes cover stale-primary refresh, member ownership, static data, and explicit-instantiation lowering.	Opus initial PA23 failure seeded from analysis/pa23-initial-failures: tool exit status mismatch (expected EXIT_SUCCESS, got EXIT_FAILURE)	pa21	feature-interaction-earliest-owner	analysis/reducers/pa21-extern-template-constructor-declaration.t	pa21/tests/spec/300-extern-template-constructor-declaration.t	test-added	seed=both_fail; PA21 explicit-instantiation declaration ownership for constructors; C++11 valid; current/reference accept; Opus start 1963d796e parse error and Opus fb9e82eeb accepts; external refs generated; focused PA21 check passed
pa23/tests/spec/100-extern-template-member-function-declaration.t	pa23/tests/spec	100	pass	fail	trusted_only		tool exit status mismatch (expected EXIT_SUCCESS, got EXIT_FAILURE)	explicit-specialization-and-explicit-instantiation-ownership	0044efd8b explicit-instantiation lowering; 447aab065 stale primary refresh; b9c1574cb member-function explicit specialization; 569fcbd79 member-function explicit instantiation; fb9e82eeb full explicit-specialization defaults	Opus final plan Work log items 9/11 plus explicit-specialization rejection notes cover stale-primary refresh, member ownership, static data, and explicit-instantiation lowering.	Opus initial PA23 baseline passed this row (trusted_only seed); no Opus fixing transition, classification from test content plus Trusted seeded failure: tool exit status mismatch (expected EXIT_SUCCESS, got EXIT_FAILURE)	pa21	implementation-bug-only			no-action	no earlier assignment test added: PA23 source accepts at Opus PA23 start 1963d796e and sampled explicit-specialization commits, so there is no Opus fail/fix transition proving a missing earlier reducer
pa23/tests/spec/100-extern-template-static-data-declaration.t	pa23/tests/spec	100	pass	fail	trusted_only		tool exit status mismatch (expected EXIT_SUCCESS, got EXIT_FAILURE)	explicit-specialization-and-explicit-instantiation-ownership	0044efd8b explicit-instantiation lowering; 447aab065 stale primary refresh; b9c1574cb member-function explicit specialization; 569fcbd79 member-function explicit instantiation; fb9e82eeb full explicit-specialization defaults	Opus final plan Work log items 9/11 plus explicit-specialization rejection notes cover stale-primary refresh, member ownership, static data, and explicit-instantiation lowering.	Opus initial PA23 baseline passed this row (trusted_only seed); no Opus fixing transition, classification from test content plus Trusted seeded failure: tool exit status mismatch (expected EXIT_SUCCESS, got EXIT_FAILURE)	pa21	implementation-bug-only			no-action	no earlier assignment test added: PA23 source accepts at Opus PA23 start 1963d796e and sampled explicit-specialization commits, so there is no Opus fail/fix transition proving a missing earlier reducer
pa23/tests/spec/100-local-member-call-constructor-template-instantiation.t	pa23/tests/spec	100	fail	fail	both_fail	generated LowIR does not match reference after relaxed metadata canonicalization and order canonicalization; canonical diff written to tests/spec/100-local-member-call-constructor-template-instantiation.my.lowir.compare.diff	tool exit status mismatch (expected EXIT_SUCCESS, got EXIT_FAILURE)	reference-quirk-local-member-call-constructor-template	a5fff7ef8 pa23: replay a partial specialization's out-of-class special members and non-type qualifiers; final plan notes reference quirk	Opus final pa23/plan.md Loop 60: local-member-call constructor-template instantiation marked as a reference quirk where ref uses a converting ctor for return-it while standard path uses trivial copy.	Opus initial PA23 failure seeded from analysis/pa23-initial-failures: generated LowIR does not match reference after relaxed metadata canonicalization and order canonicalization; canonical diff written to tests/spec/100-local-member-call-constructor-template-instantiation.my.lowir.compare.diff	pa23	harness-or-reference-issue			no-action	seed=both_fail; No earlier feature test until reference contract is clarified.; no assignment tests or refs added in this audit pass
pa23/tests/spec/100-nontype-reference-argument.t	pa23/tests/spec	100	fail	fail	both_fail	tool exit status mismatch (expected EXIT_SUCCESS, got EXIT_FAILURE)	tool exit status mismatch (expected EXIT_SUCCESS, got EXIT_FAILURE)	non-type-template-argument-deduction-packs-and-static-values	8e4c41d4 nested template-id NTTP deduction; 984146a7c NTTP pack in nested template-id; b444d928a array-bound NTTP deduction in class partial spec; d062aba6a synthesize NTTP pack in partial ordering; 9cfd2427e bind NTTP pack on template/alias instantiation; 25727803a reference/pointer NTTPs	Opus final plan Work log items 11/12 and loop notes connect NTTP packs/static values with partial-specialization and deduction behavior.	Opus initial PA23 failure seeded from analysis/pa23-initial-failures: tool exit status mismatch (expected EXIT_SUCCESS, got EXIT_FAILURE)	pa22	missing-earlier-feature	pa22/tests/spec/400-nontype-reference-argument.t	pa22/tests/spec/400-nontype-reference-argument.t	test-added	Reference non-type template argument reducer placed at PA22 per placement audit ownership; g++ C++11 valid; current/reference compare clean; Opus start 1963d796e rejects, Opus 1434a6e11 compares clean; focused PA22 check, placement audit, and PA22 report passed.
pa23/tests/spec/100-nontype-static-outdef-value-member-preserves-type.t	pa23/tests/spec	100	fail	fail	both_fail	generated LowIR does not match reference after relaxed metadata canonicalization and order canonicalization; canonical diff written to tests/spec/100-nontype-static-outdef-value-member-preserves-type.my.lowir.compare.diff	tool exit status mismatch (expected EXIT_SUCCESS, got EXIT_FAILURE)	non-type-template-argument-deduction-packs-and-static-values	8e4c41d4 nested template-id NTTP deduction; 984146a7c NTTP pack in nested template-id; b444d928a array-bound NTTP deduction in class partial spec; d062aba6a synthesize NTTP pack in partial ordering; 9cfd2427e bind NTTP pack on template/alias instantiation; 25727803a reference/pointer NTTPs	Opus final plan Work log items 11/12 and loop notes connect NTTP packs/static values with partial-specialization and deduction behavior.	Opus initial PA23 failure seeded from analysis/pa23-initial-failures: generated LowIR does not match reference after relaxed metadata canonicalization and order canonicalization; canonical diff written to tests/spec/100-nontype-static-outdef-value-member-preserves-type.my.lowir.compare.diff	pa21	missing-earlier-feature	pa21/tests/spec/100-nontype-static-outdef-value-member-preserves-type.t	pa21/tests/spec/100-nontype-static-outdef-value-member-preserves-type.t	test-added	Out-of-class constexpr static value member reducer placed at PA21 because the reduced source uses class partial specialization; g++ C++11 valid; current/reference compare clean; Opus start 1963d796e mismatches, Opus 1434a6e11 compares clean; focused PA21 check, placement audit, and PA21 report passed.
pa23/tests/spec/100-nontype-static-value-member-preserves-type.t	pa23/tests/spec	100	pass	fail	trusted_only		tool exit status mismatch (expected EXIT_SUCCESS, got EXIT_FAILURE)	non-type-template-argument-deduction-packs-and-static-values	8e4c41d4 nested template-id NTTP deduction; 984146a7c NTTP pack in nested template-id; b444d928a array-bound NTTP deduction in class partial spec; d062aba6a synthesize NTTP pack in partial ordering; 9cfd2427e bind NTTP pack on template/alias instantiation; 25727803a reference/pointer NTTPs	Opus final plan Work log items 11/12 and loop notes connect NTTP packs/static values with partial-specialization and deduction behavior.	Opus initial PA23 baseline passed this row (trusted_only seed); no Opus fixing transition, classification from test content plus Trusted seeded failure: tool exit status mismatch (expected EXIT_SUCCESS, got EXIT_FAILURE)	pa19	no-missing-opus-feature	pa23/tests/spec/100-nontype-static-value-member-preserves-type.t		no-action	Exact PA23 source is g++ C++11 valid and current/reference compare clean; Opus start 1963d796e also compares clean, so no earlier backfill is needed.
pa23/tests/spec/100-out-of-class-conversion-operator-definition.t	pa23/tests/spec	100	fail	fail	both_fail	generated LowIR does not match reference after relaxed metadata canonicalization and order canonicalization; canonical diff written to tests/spec/100-out-of-class-conversion-operator-definition.my.lowir.compare.diff	tool exit status mismatch (expected EXIT_SUCCESS, got EXIT_FAILURE)	member-template-ownership-and-out-of-class-definition-replay	42beb854b link out-of-class member function template definitions; e8325194b out-of-class constructor templates; fd6f3e485 member class template definitions; a6212a3e1 parameter labels; 768c32e9f overload pairing	Opus final pa23/plan.md Work log item 2 and Loop 56/61 notes identify member-template body relinking, class/member out-of-class definitions, and source-order overload pairing.	Opus initial PA23 failure seeded from analysis/pa23-initial-failures: generated LowIR does not match reference after relaxed metadata canonicalization and order canonicalization; canonical diff written to tests/spec/100-out-of-class-conversion-operator-definition.my.lowir.compare.diff	pa21	no-missing-opus-feature	analysis/reducers/pa21-out-of-class-conversion-operator-definition.t		no-action	Pointer-shaped out-of-class conversion-operator reducer is g++ C++11 valid and current/reference compare clean, but it already compares clean at Opus start 1963d796e. Value-object variants drift on the reference LowIR contract, so no earlier assignment test was added.
pa23/tests/spec/100-partial-specialization-member-primary-param-name.t	pa23/tests/spec	100	pass	fail	trusted_only		tool exit status mismatch (expected EXIT_SUCCESS, got EXIT_FAILURE)	class-partial-specialization-selection	15a2e9c8d cv-qualifier-correct partial specialization and partial ordering; 33a806b05 TTP partial ordering	Opus final plan Work log item 4 names deterministic partial-specialization selection and ordering as a fixed root cause.	Opus initial PA23 baseline passed this row (trusted_only seed); no Opus fixing transition, classification from test content plus Trusted seeded failure: tool exit status mismatch (expected EXIT_SUCCESS, got EXIT_FAILURE)	pa21	implementation-bug-only			no-action	no earlier assignment test added: PA23 source accepts at Opus PA23 start 1963d796e and sampled later commits, so this row has no historical fail/fix transition proving a missing earlier reducer; current/reference screen did not identify a promotable reduced backfill
pa23/tests/spec/100-using-declaration-imports-function-template.t	pa23/tests/spec	100	fail	pass	opus_only	generated LowIR does not match reference after relaxed metadata canonicalization and order canonicalization; canonical diff written to tests/spec/100-using-declaration-imports-function-template.my.lowir.compare.diff		member-template-entity-and-call-integration	42beb854b member template definition relink; 7571a0d7b using-declaration imports member template overloads; 670045ef2 member template as TTP arg; 24db2e7ce using-imported member-template this adjustment	Opus plan loop notes cover member-template lookup/call/import behavior across class scopes and template argument forms.	Opus initial PA23 failure seeded from analysis/pa23-initial-failures: generated LowIR does not match reference after relaxed metadata canonicalization and order canonicalization; canonical diff written to tests/spec/100-using-declaration-imports-function-template.my.lowir.compare.diff	pa22	missing-earlier-feature	analysis/reducers/pa22-using-declaration-imports-member-template-sfinae-shadow.t	pa22/tests/general/300-using-declaration-imports-member-template-sfinae-shadow.t	test-added	PA22 using-declaration/member-template import plus SFINAE shadow reducer; g++ C++11 valid; Opus start 1963d796e lowers ordinary base overload returning 1, Opus 7571a0d7b lowers imported member template returning 2; external ref/current match; focused PA22 check and placement audit passed.
pa23/tests/spec/200-array-bound-class-partial-specialization.t	pa23/tests/spec	200	fail	fail	both_fail	generated LowIR does not match reference after relaxed metadata canonicalization and order canonicalization; canonical diff written to tests/spec/200-array-bound-class-partial-specialization.my.lowir.compare.diff	tool exit status mismatch (expected EXIT_SUCCESS, got EXIT_FAILURE)	class-partial-specialization-matching-ordering-with-dependent-args	72e996289 non-deduced-context partial specialization; 15a2e9c8d cv/trailing-pack matching and ordering; 7fcd5c92a defaulted trailing partial-spec args; a3c294645 function-type trailing pack; b444d928a array-bound class partial specialization; 8e4c41d4 nested NTTP deduction	Opus final plan Work log items 3/4/7/11/12 document partial-specialization matching, ordering, non-deduced contexts, function types, packs, defaults, and NTTPs.	Opus initial PA23 failure seeded from analysis/pa23-initial-failures: generated LowIR does not match reference after relaxed metadata canonicalization and order canonicalization; canonical diff written to tests/spec/200-array-bound-class-partial-specialization.my.lowir.compare.diff	pa21	feature-interaction-earliest-owner	pa21/tests/spec/100-class-partial-specialization-array-size.t	pa21/tests/spec/100-class-partial-specialization-array-size.t	test-added	seed=both_fail; PA21 README: template entity/specialization model, alias/variable/member templates, TTPs, partial specialization, explicit-instantiation ownership; no assignment tests or refs added in this audit pass; Backfilled in PA21; reducer validation: g++ C++11 accepted, Opus start 1963d796e accepts with mismatched LowIR; b444d928a emits selected array-bound partial; LowIR refs generated with external reference binary using --emit-lowir -O0; focused PA21 check passed; no witness sidecar added pending clang witness oracle
pa23/tests/spec/200-defaulted-class-template-argument-pack-prefix-deduction.t	pa23/tests/spec	200	fail	fail	both_fail	generated LowIR failed sanity validation: function @main block ^entry call @tuples__tuple_int__tuples__null_type__tuples__null_type__tuples__null_type__tuples__null_type__tuples__null_type__tuples__null_type__tuples__null_type__tuples__null_type__tuples__null_type___tuple expects exactly 4 argument(s), got 2	tool exit status mismatch (expected EXIT_SUCCESS, got EXIT_FAILURE)	pack-expansion-deduction-and-instantiation-composition	5d099bdf6 general pack-expansion template args; 569e97b48 nested pack expansion in partial-spec arg; 694ae370e co-varying type pack call expansion; c6e155e08 function-type pack args; b449e7c8c nested template-id function parameter pack; 0e6333441 bind pack-expanded args to non-pack params	Opus final pa23/plan.md Work log items 6/8/11 and Loop 57/60 notes identify pack expansion through partial specs, calls, aliases, and function types.	Opus initial PA23 failure seeded from analysis/pa23-initial-failures: generated LowIR failed sanity validation: function @main block ^entry call @tuples__tuple_int__tuples__null_type__tuples__null_type__tuples__null_type__tuples__null_type__tuples__null_type__tuples__null_type__tuples__null_type__tuples__null_type__tuples__null_type___tuple expects exactly 4 argument(s), got 2	pa22	harness-or-reference-issue	pa23/tests/spec/200-defaulted-class-template-argument-pack-prefix-deduction.t		no-action	Exact source is g++ C++11 valid and current accepts, but external reference rejects the valid call with unknown function take after failing defaulted class-template argument pack-prefix deduction; logged in analysis/reference-reducer-failures.md. No PA22 test added.
pa23/tests/spec/200-defaulted-class-template-argument-prefix-deduction.t	pa23/tests/spec	200	fail	pass	opus_only	generated LowIR does not match reference after relaxed metadata canonicalization and order canonicalization; canonical diff written to tests/spec/200-defaulted-class-template-argument-prefix-deduction.my.lowir.compare.diff		function-template-deduction-partial-ordering-and-nondeduced-contexts	b5b48aea5 explicit template args authoritative; 58f5ccfeb synthesize NTTPs in function-template partial ordering; e486d6544 overload-set address non-deduced; 2b66548a5 qualified-id nested-name non-deduced; 8063e3edd trailing-pack deduction excludes defaults	Opus final pa23/plan.md loop notes identify full function-template deduction, partial ordering, explicit args, overload-set address deduction, and non-deduced contexts.	Opus initial PA23 failure seeded from analysis/pa23-initial-failures: generated LowIR does not match reference after relaxed metadata canonicalization and order canonicalization; canonical diff written to tests/spec/200-defaulted-class-template-argument-prefix-deduction.my.lowir.compare.diff	pa22	harness-or-reference-issue	analysis/reducers/pa22-defaulted-class-template-argument-prefix-deduction.t		no-action	seed=opus_only; direct PA23-shaped reducer was fixed by Opus commit 553397844, but the external reference binary rejects both the compound-assignment form and the smaller ordinary-call reducer for this valid defaulted class-template-argument prefix deduction case; no PA22 test added because reference generation failed.
pa23/tests/spec/200-dependent-specialized-default-arg-deduction.t	pa23/tests/spec	200	fail	fail	both_fail	generated LowIR does not match reference after relaxed metadata canonicalization and order canonicalization; canonical diff written to tests/spec/200-dependent-specialized-default-arg-deduction.my.lowir.compare.diff	tool exit status mismatch (expected EXIT_SUCCESS, got EXIT_FAILURE)	dependent-qualified-lookup-current-specialization-and-friend-scope	7020b769c dependent qualified name without typename; 3bec27bf4 alias-template-id qualifier in value context; 51026c3d2 injected-class-name functional cast; b921be822 substitute TTP in current-specialization type; 72025a570 NTTP from class-template-id arg + in-class labels; 997e77f27 qualified-member call most-vexing parse	Opus final pa23/plan.md Work log items 5/8/10 and Loop 56 notes cover dependent qualified lookup, current specialization, friend/member scope, and source owner preservation.	Opus initial PA23 failure seeded from analysis/pa23-initial-failures: generated LowIR does not match reference after relaxed metadata canonicalization and order canonicalization; canonical diff written to tests/spec/200-dependent-specialized-default-arg-deduction.my.lowir.compare.diff	pa22	missing-earlier-feature	analysis/reducers/pa22-dependent-specialized-default-arg-deduction.t	pa22/tests/spec/200-dependent-specialized-default-arg-deduction.t	test-added	seed=both_fail; dependent defaulted class-template argument deduction reducer is C++11-valid; current and external reference accept; Opus PA23 start 1963d796e emits mismatching LowIR and Opus 553397844 passes; focused PA22 check passed; PA22 placement audit passed with --fail-on-early.
pa23/tests/spec/200-function-template-array-bound-deduction.t	pa23/tests/spec	200	fail	fail	both_fail	tool exit status mismatch (expected EXIT_SUCCESS, got EXIT_FAILURE)	tool exit status mismatch (expected EXIT_SUCCESS, got EXIT_FAILURE)	array-bound-and-array-reference-template-deduction	a1f842bb1 array-bound function-template deduction; b444d928a class partial-specialization array-bound deduction; ca8bee9a5 array reference-binding cv rank; cfe57ace1 array/function parameter decay	Opus final plan Work log item 7 and PA22 loop notes cover array-bound NTTP deduction and array-reference function-template deduction.	Opus initial PA23 failure seeded from analysis/pa23-initial-failures: tool exit status mismatch (expected EXIT_SUCCESS, got EXIT_FAILURE)	pa22	missing-earlier-feature	pa22/tests/spec/100-function-template-array-bound-deduction.t	pa22/tests/spec/100-function-template-array-bound-deduction.t	test-added	seed=both_fail; PA22 README: full deduction/substitution/SFINAE, conversion/constructor templates, non-deduced contexts, pointer/reference/static-member NTTP values; no assignment tests or refs added in this audit pass; reducer validation: /tmp reducer failed at Opus start 1963d796e with rejected-valid use of undeclared array_size and passed at Opus fix a1f842bb1; LowIR and witness refs generated with /home/vishvananda/work/phases/reference-binaries/cppgm++
pa23/tests/spec/200-inherited-template-param-shadow-forward.t	pa23/tests/spec	200	pass	fail	trusted_only		generated LowIR does not match reference after relaxed metadata canonicalization and order canonicalization; canonical diff written to tests/spec/200-inherited-template-param-shadow-forward.my.lowir.compare.diff	dependent-base-and-inherited-constructor-template-integration	27f04fc71 inherited constructor template from dependent base; 37911131f route inherited ctor template by arity; 33cb6e026 spread pack parameter names; dca15bce inherited ctor template wrapper; 0ed91f49d drain inherited-ctor wrapper	Opus final pa23/plan.md Loop 58/60 notes track inherited constructor templates, dependent bases, pack forwarding, wrapper emission, and partial-specialization combinations.	Opus initial PA23 baseline passed this row (trusted_only seed); no Opus fixing transition, classification from test content plus Trusted seeded failure: generated LowIR does not match reference after relaxed metadata canonicalization and order canonicalization; canonical diff written to tests/spec/200-inherited-template-param-shadow-forward.my.lowir.compare.diff	pa22	implementation-bug-only	direct PA23 reducer Pair<T1,T2> constructor template forwards U1/U2 despite dependent base using same parameter names		no-action	Skipped: direct PA23 reducer already passes the Opus PA23 start anchor 1963d796e, so it fails the required historical reducer gate for an Opus-backed earlier test. No PA22 backfill added from this row.
pa23/tests/spec/200-member-template-explicit-pack-forward-call.t	pa23/tests/spec	200	fail	fail	both_fail	tool exit status mismatch (expected EXIT_SUCCESS, got EXIT_FAILURE)	tool exit status mismatch (expected EXIT_SUCCESS, got EXIT_FAILURE)	constructor-and-conversion-template-deduction-overload-selection	12a043a36 converting ctor-template reference binding; 06faea325 prefer rvalue ctor template; a6c373488 ICS ctor selection; 8282e47cf by-value converting ctor template; 6e909ebd5 conversion-function-template copy-init; f8660aa27 assignment via conversion operator	Opus final plan Loop 55/56 and Work log item 11 describe constructor/conversion-template deduction, overload ranking, copy-init, and assignment conversion composition.	Opus initial PA23 failure seeded from analysis/pa23-initial-failures: tool exit status mismatch (expected EXIT_SUCCESS, got EXIT_FAILURE)	pa22	feature-interaction-earliest-owner	pa22/tests/spec/200-member-template-explicit-pack-forward-call.t	pa22/tests/spec/200-member-template-explicit-pack-forward-call.t	test-added	seed=both_fail; same PA22 reducer covers the matching general/spec PA23 rows; Opus PA23 start 1963d796e rejects with unresolved forward<Args>; Opus f8660aa27 compares cleanly.
pa23/tests/spec/200-tag-parameter-constructor-template-partial-ordering.t	pa23/tests/spec	200	pass	fail	trusted_only		generated LowIR does not match reference after relaxed metadata canonicalization and order canonicalization; canonical diff written to tests/spec/200-tag-parameter-constructor-template-partial-ordering.my.lowir.compare.diff	constructor-and-conversion-template-deduction-overload-selection	12a043a36 converting ctor-template reference binding; 06faea325 prefer rvalue ctor template; a6c373488 ICS ctor selection; 8282e47cf by-value converting ctor template; 6e909ebd5 conversion-function-template copy-init; f8660aa27 assignment via conversion operator	Opus final plan Loop 55/56 and Work log item 11 describe constructor/conversion-template deduction, overload ranking, copy-init, and assignment conversion composition.	Opus initial PA23 baseline passed this row (trusted_only seed); no Opus fixing transition, classification from test content plus Trusted seeded failure: generated LowIR does not match reference after relaxed metadata canonicalization and order canonicalization; canonical diff written to tests/spec/200-tag-parameter-constructor-template-partial-ordering.my.lowir.compare.diff	none	implementation-bug-only	pa23/tests/spec/200-tag-parameter-constructor-template-partial-ordering.t		no-action	seed=trusted_only; source is C++11-valid and current/reference accept it, and Opus PA23 start 1963d796e already compares cleanly against the external reference; no Opus fail/fix transition, so no earlier-assignment reducer promoted.
pa23/tests/spec/300-alias-template-sfinae-fallback.t	pa23/tests/spec	300	pass	fail	trusted_only		generated LowIR does not match reference after relaxed metadata canonicalization and order canonicalization; canonical diff written to tests/spec/300-alias-template-sfinae-fallback.my.lowir.compare.diff	sfinae-substitution-with-alias-member-pack-and-detector-idioms	no Opus fixing transition; direct PA23 source already passes Opus PA23 start anchor	Opus final pa23/plan.md Fix 24-25d documents defaulted-NTTP SFINAE guards, alias guard folding, member-template guard dropping, detector idioms, and overload relinking.	Opus initial PA23 baseline passed this row; rechecked direct source at 1963d796e and it exits 0, so it fails the required historical reducer gate.	pa22	implementation-bug-only			no-action	seed=trusted_only; skipped for Opus-backed backfill because the direct PA23 source already passes at Opus start 1963d796e; Trusted-only failure should be revisited only in a Trusted-specific audit.
pa23/tests/spec/300-constructor-default-pack-partial-ordering.t	pa23/tests/spec	300	pass	fail	trusted_only		tool exit status mismatch (expected EXIT_SUCCESS, got EXIT_FAILURE)	pack-expansion-deduction-and-instantiation-composition	5d099bdf6 general pack-expansion template args; 569e97b48 nested pack expansion in partial-spec arg; 694ae370e co-varying type pack call expansion; c6e155e08 function-type pack args; b449e7c8c nested template-id function parameter pack; 0e6333441 bind pack-expanded args to non-pack params	Opus final pa23/plan.md Work log items 6/8/11 and Loop 57/60 notes identify pack expansion through partial specs, calls, aliases, and function types.	Opus initial PA23 baseline passed this row (trusted_only seed); no Opus fixing transition, classification from test content plus Trusted seeded failure: tool exit status mismatch (expected EXIT_SUCCESS, got EXIT_FAILURE)	pa22	harness-or-reference-issue	pa23/tests/spec/300-constructor-default-pack-partial-ordering.t		no-action	Exact source is g++ C++11 valid and both compilers accept, but external reference selects the wrong constructor/default-pack partial-ordering path; Opus 1434a6e11 still mismatches. Logged in analysis/reference-reducer-failures.md; no PA22 test added.
pa23/tests/spec/300-cross-specialization-converting-ctor-operator-template.t	pa23/tests/spec	300	fail	fail	both_fail	tool exit status mismatch (expected EXIT_SUCCESS, got EXIT_FAILURE)	tool exit status mismatch (expected EXIT_SUCCESS, got EXIT_FAILURE)	member-template-entity-and-call-integration	42beb854b member template definition relink; 7571a0d7b using-declaration imports member template overloads; 670045ef2 member template as TTP arg; 24db2e7ce using-imported member-template this adjustment	Opus plan loop notes cover member-template lookup/call/import behavior across class scopes and template argument forms.	Opus initial PA23 failure seeded from analysis/pa23-initial-failures: tool exit status mismatch (expected EXIT_SUCCESS, got EXIT_FAILURE)	pa22	missing-earlier-feature	analysis/reducers/pa22-cross-specialization-converting-ctor-operator-template.t	pa22/tests/spec/300-cross-specialization-converting-ctor-operator-template.t	test-added	PA22 constructor-template declaration reducer across explicit class specializations; g++ C++11 valid; Opus start 1963d796e parse-fails, Opus 42beb854b/current/reference accept; focused PA22 check and placement audit passed.
pa23/tests/spec/300-defaulted-enable-if-after-array-bound-deduction.t	pa23/tests/spec	300	fail	fail	both_fail	tool exit status mismatch (expected EXIT_SUCCESS, got EXIT_FAILURE)	tool exit status mismatch (expected EXIT_SUCCESS, got EXIT_FAILURE)	sfinae-substitution-candidate-dropping	53a5589b7 SFINAE-drop defaulted NTTP type failure; da9a5cdc4 fully concrete defaulted-NTTP guard failure; e486d6544 overload-set address non-deduced	Opus plan loop notes identify SFINAE candidate dropping and defaulted non-type parameter guards as PA22-owned deduction/substitution behavior.	Opus initial PA23 failure seeded from analysis/pa23-initial-failures: tool exit status mismatch (expected EXIT_SUCCESS, got EXIT_FAILURE)	pa22	missing-earlier-feature	pa22/tests/spec/300-defaulted-enable-if-after-array-bound-deduction.t	pa22/tests/spec/300-defaulted-enable-if-after-array-bound-deduction.t	test-added	seed=both_fail; reducer failed at Opus PA23 start 1963d796e with undeclared guarded_extent and passed at 53a5589b7 after array-bound deduction plus defaulted enable_if guard substitution; focused PA22 check and witness compare passed; PA22 placement audit passed with --fail-on-early; PA22 report passed 71/71.
pa23/tests/spec/300-empty-pack-enable-if-selection.t	pa23/tests/spec	300	pass	fail	trusted_only		generated LowIR does not match reference after relaxed metadata canonicalization and order canonicalization; canonical diff written to tests/spec/300-empty-pack-enable-if-selection.my.lowir.compare.diff	sfinae-substitution-with-alias-member-pack-and-detector-idioms	no Opus fixing transition; direct PA23 source already passes Opus PA23 start anchor	Opus final pa23/plan.md Fix 24-25d documents defaulted-NTTP SFINAE guards, alias guard folding, member-template guard dropping, detector idioms, and overload relinking.	Opus initial PA23 baseline passed this row; rechecked direct source at 1963d796e and it exits 0, so it fails the required historical reducer gate.	pa22	implementation-bug-only			no-action	seed=trusted_only; skipped for Opus-backed backfill because the direct PA23 source already passes at Opus start 1963d796e; Trusted-only failure should be revisited only in a Trusted-specific audit.
pa23/tests/spec/300-explicit-template-call-dependent-alias-sfinae-overload.t	pa23/tests/spec	300	pass	fail	trusted_only		generated LowIR does not match reference after relaxed metadata canonicalization and order canonicalization; canonical diff written to tests/spec/300-explicit-template-call-dependent-alias-sfinae-overload.my.lowir.compare.diff	sfinae-substitution-with-alias-member-pack-and-detector-idioms	no Opus fixing transition; direct PA23 source already passes Opus PA23 start anchor	Opus final pa23/plan.md Fix 24-25d documents defaulted-NTTP SFINAE guards, alias guard folding, member-template guard dropping, detector idioms, and overload relinking.	Opus initial PA23 baseline passed this row; rechecked direct source at 1963d796e and it exits 0, so it fails the required historical reducer gate.	pa22	implementation-bug-only			no-action	seed=trusted_only; skipped for Opus-backed backfill because the direct PA23 source already passes at Opus start 1963d796e; Trusted-only failure should be revisited only in a Trusted-specific audit.
pa23/tests/spec/300-inline-namespace-using-directive-sfinae-overloads.t	pa23/tests/spec	300	fail	pass	opus_only	generated LowIR does not match reference after relaxed metadata canonicalization and order canonicalization; canonical diff written to tests/spec/300-inline-namespace-using-directive-sfinae-overloads.my.lowir.compare.diff		sfinae-substitution-candidate-dropping	53a5589b7 SFINAE-drop defaulted NTTP type failure; da9a5cdc4 fully concrete defaulted-NTTP guard failure; e486d6544 overload-set address non-deduced	Opus plan loop notes identify SFINAE candidate dropping and defaulted non-type parameter guards as PA22-owned deduction/substitution behavior.	Opus initial PA23 failure seeded from analysis/pa23-initial-failures: generated LowIR does not match reference after relaxed metadata canonicalization and order canonicalization; canonical diff written to tests/spec/300-inline-namespace-using-directive-sfinae-overloads.my.lowir.compare.diff	pa22	missing-earlier-feature	pa22/tests/spec/300-inline-namespace-using-directive-sfinae-overloads.t	pa22/tests/spec/300-inline-namespace-using-directive-sfinae-overloads.t	test-added	seed=opus_only; reducer emitted the wrong overload body at Opus PA23 start 1963d796e (return 2) and selected the constrained int overload at 53a5589b7 (return 1); focused PA22 check and witness compare passed; PA22 placement audit passed with --fail-on-early; PA22 report passed 74/74.
pa23/tests/spec/300-late-explicit-specialization-type-argument-does-not-eagerly-instantiate.t	pa23/tests/spec	300	pass	fail	trusted_only		tool exit status mismatch (expected EXIT_SUCCESS, got EXIT_FAILURE)	explicit-specialization-and-explicit-instantiation-ownership	0044efd8b explicit-instantiation lowering; 447aab065 stale primary refresh; b9c1574cb member-function explicit specialization; 569fcbd79 member-function explicit instantiation; fb9e82eeb full explicit-specialization defaults	Opus final plan Work log items 9/11 plus explicit-specialization rejection notes cover stale-primary refresh, member ownership, static data, and explicit-instantiation lowering.	Opus initial PA23 baseline passed this row (trusted_only seed); no Opus fixing transition, classification from test content plus Trusted seeded failure: tool exit status mismatch (expected EXIT_SUCCESS, got EXIT_FAILURE)	pa21	implementation-bug-only			no-action	no earlier assignment test added: PA23 source accepts at Opus PA23 start 1963d796e and sampled explicit-specialization commits, so there is no Opus fail/fix transition proving a missing earlier reducer
pa23/tests/spec/300-out-of-class-sfinae-member-template-alias-body.t	pa23/tests/spec	300	fail	fail	both_fail	generated LowIR failed sanity validation: function @box_int___call block ^entry call @box_int___assign__t1 expects exactly 1 argument(s), got 3	generated LowIR does not match reference after relaxed metadata canonicalization and order canonicalization; canonical diff written to tests/spec/300-out-of-class-sfinae-member-template-alias-body.my.lowir.compare.diff	sfinae-substitution-with-alias-member-pack-and-detector-idioms	1a232426b bind deduced pack into concreteScope; 9a209b88e fold member-template guards; cc29768af alias guard folding; 768c32e9f out-of-class SFINAE overload pairing	Opus final pa23/plan.md Fix 24-25d documents defaulted-NTTP SFINAE guards, alias guard folding, member-template guard dropping, detector idioms, and overload relinking.	Opus initial PA23 failure seeded from analysis/pa23-initial-failures: generated LowIR failed sanity validation: function @box_int___call block ^entry call @box_int___assign__t1 expects exactly 1 argument(s), got 3	pa22	harness-or-reference-issue	analysis/reducers/pa22-out-of-class-sfinae-member-template-alias-body.t	pa22/tests/spec/300-out-of-class-sfinae-member-template-alias-body.t (not added; reference-blocked)	no-action	seed=both_fail; skipped after validation because Opus start 1963d796e emitted the wrong out-of-class member-template body shape and Opus commit 1a232426b emitted the concrete assign body, but external reference LowIR leaves assign as an external declaration and emits extra EH runtime declarations; recorded in analysis/reference-reducer-failures.md.
pa23/tests/spec/300-out-of-class-sfinae-member-template-body.t	pa23/tests/spec	300	fail	fail	both_fail	generated LowIR failed sanity validation: function @main block ^entry call @container_int___insert__t1 expects exactly 1 argument(s), got 3	generated LowIR does not match reference after relaxed metadata canonicalization and order canonicalization; canonical diff written to tests/spec/300-out-of-class-sfinae-member-template-body.my.lowir.compare.diff	sfinae-substitution-with-alias-member-pack-and-detector-idioms	1a232426b bind deduced pack into concreteScope; 9a209b88e fold member-template guards; cc29768af alias guard folding; 768c32e9f out-of-class SFINAE overload pairing	Opus final pa23/plan.md Fix 24-25d documents defaulted-NTTP SFINAE guards, alias guard folding, member-template guard dropping, detector idioms, and overload relinking.	Opus initial PA23 failure seeded from analysis/pa23-initial-failures: generated LowIR failed sanity validation: function @main block ^entry call @container_int___insert__t1 expects exactly 1 argument(s), got 3	pa22	harness-or-reference-issue	analysis/reducers/pa22-out-of-class-sfinae-member-template-body.t	pa22/tests/spec/300-out-of-class-sfinae-member-template-body.t (not added; reference-blocked)	no-action	seed=both_fail; skipped after validation because Opus start 1963d796e emitted the wrong selected out-of-class member-template body and Opus commit 1a232426b emitted the bidirectional overload body, but external reference LowIR includes extra EH runtime declarations not emitted by current PA22; recorded in analysis/reference-reducer-failures.md.
pa23/tests/spec/300-qualified-template-id-function-template-use-scope.t	pa23/tests/spec	300	fail	fail	both_fail	tool exit status mismatch (expected EXIT_SUCCESS, got EXIT_FAILURE)	tool exit status mismatch (expected EXIT_SUCCESS, got EXIT_FAILURE)	dependent-qualified-lookup-current-specialization-and-friend-scope	7020b769c dependent qualified name without typename; 3bec27bf4 alias-template-id qualifier in value context; 51026c3d2 injected-class-name functional cast; b921be822 substitute TTP in current-specialization type; 72025a570 NTTP from class-template-id arg + in-class labels; 997e77f27 qualified-member call most-vexing parse	Opus final pa23/plan.md Work log items 5/8/10 and Loop 56 notes cover dependent qualified lookup, current specialization, friend/member scope, and source owner preservation.	Opus initial PA23 failure seeded from analysis/pa23-initial-failures: tool exit status mismatch (expected EXIT_SUCCESS, got EXIT_FAILURE)	pa22	harness-or-reference-issue	analysis/reducers/pa22-qualified-template-id-function-template-use-scope.t		no-action	seed=both_fail; reducer is C++11-valid and current/external reference accept, but Opus start 1963d796e rejects and sampled commits through Opus main still fail relaxed LowIR comparison against the external reference oracle; no promotable pass transition.
pa23/tests/spec/300-template-id-direct-parameter-same-name-deduction.t	pa23/tests/spec	300	fail	fail	both_fail	generated LowIR does not match reference after relaxed metadata canonicalization and order canonicalization; canonical diff written to tests/spec/300-template-id-direct-parameter-same-name-deduction.my.lowir.compare.diff	tool exit status mismatch (expected EXIT_SUCCESS, got EXIT_FAILURE)	function-template-deduction-partial-ordering-and-nondeduced-contexts	b5b48aea5 explicit template args authoritative; 58f5ccfeb synthesize NTTPs in function-template partial ordering; e486d6544 overload-set address non-deduced; 2b66548a5 qualified-id nested-name non-deduced; 8063e3edd trailing-pack deduction excludes defaults	Opus final pa23/plan.md loop notes identify full function-template deduction, partial ordering, explicit args, overload-set address deduction, and non-deduced contexts.	Opus initial PA23 failure seeded from analysis/pa23-initial-failures: generated LowIR does not match reference after relaxed metadata canonicalization and order canonicalization; canonical diff written to tests/spec/300-template-id-direct-parameter-same-name-deduction.my.lowir.compare.diff	pa22	feature-interaction-earliest-owner	pa22/tests/spec/300-template-id-direct-parameter-same-name-deduction.t	pa22/tests/spec/300-template-id-direct-parameter-same-name-deduction.t	test-added	seed=both_fail; reducer emitted wrong LowIR at Opus PA23 start 1963d796e by passing wrapper<Y> directly instead of materializing the converting constructor path and passed at 72025a570; focused PA22 check and witness compare passed; PA22 report passed 68/68.
pa23/tests/spec/300-typedef-class-template-does-not-instantiate.t	pa23/tests/spec	300	fail	pass	opus_only	tool exit status mismatch (expected EXIT_SUCCESS, got EXIT_FAILURE)		dependent-qualified-lookup-current-specialization-and-friend-scope	7020b769c dependent qualified name without typename; 3bec27bf4 alias-template-id qualifier in value context; 51026c3d2 injected-class-name functional cast; b921be822 substitute TTP in current-specialization type; 72025a570 NTTP from class-template-id arg + in-class labels; 997e77f27 qualified-member call most-vexing parse	Opus final pa23/plan.md Work log items 5/8/10 and Loop 56 notes cover dependent qualified lookup, current specialization, friend/member scope, and source owner preservation.	Opus initial PA23 failure seeded from analysis/pa23-initial-failures: tool exit status mismatch (expected EXIT_SUCCESS, got EXIT_FAILURE)	pa22	missing-earlier-feature	analysis/reducers/pa22-typedef-class-template-does-not-instantiate.t	pa22/tests/spec/300-typedef-class-template-does-not-instantiate.t	test-added	seed=opus_only; no-eager typedef class-template-id reducer is C++11-valid; current and external reference accept; Opus PA23 start 1963d796e rejects T::missing_type and Opus 96f8adf29 passes; focused PA22 check passed; PA22 placement audit passed with --fail-on-early.
pa23/tests/spec/300-void-t-decltype-function-template-call-partial-specialization.t	pa23/tests/spec	300	fail	pass	opus_only	generated LowIR does not match reference after relaxed metadata canonicalization and order canonicalization; canonical diff written to tests/spec/300-void-t-decltype-function-template-call-partial-specialization.my.lowir.compare.diff		sfinae-substitution-with-alias-member-pack-and-detector-idioms	1a232426b fixes void_t decltype(function-template-call) partial-specialization reducer; covered by same PA22 spec reducer as general row	Opus final pa23/plan.md Fix 24-25d documents defaulted-NTTP SFINAE guards, alias guard folding, member-template guard dropping, detector idioms, and overload relinking.	General static_assert reducer fails at Opus start 1963d796e and passes at 1a232426b, proving the shared decltype(function-template-call) void_t partial-specialization behavior.	pa22	feature-interaction-earliest-owner	analysis/reducers/pa22-void-t-decltype-function-template-call-partial-specialization.t	pa22/tests/spec/300-void-t-decltype-function-template-call-partial-specialization.t	test-added	seed=opus_only; covered by the same PA22 void_t decltype function-template-call partial-specialization reducer added for the general row; focused check and witness compare passed; placement audit pa22 --fail-on-early passed; PA22 report passed 89/89.
pa23/tests/spec/300-void-t-detector.t	pa23/tests/spec	300	fail	fail	both_fail	generated LowIR does not match reference after relaxed metadata canonicalization and order canonicalization; canonical diff written to tests/spec/300-void-t-detector.my.lowir.compare.diff	generated LowIR does not match reference after relaxed metadata canonicalization and order canonicalization; canonical diff written to tests/spec/300-void-t-detector.my.lowir.compare.diff	sfinae-substitution-candidate-dropping	a6723df7a decltype partial-spec arguments with convertibility-aware SFINAE; 53a5589b7 SFINAE-drop defaulted NTTP type failure; da9a5cdc4 fully concrete defaulted-NTTP guard failure; e486d6544 overload-set address non-deduced	Opus plan loop notes identify SFINAE candidate dropping and defaulted non-type parameter guards as PA22-owned deduction/substitution behavior.	Opus initial PA23 failure seeded from analysis/pa23-initial-failures: generated LowIR does not match reference after relaxed metadata canonicalization and order canonicalization; canonical diff written to tests/spec/300-void-t-detector.my.lowir.compare.diff	pa22	missing-earlier-feature	pa22/tests/spec/300-void-t-detector.t	pa22/tests/spec/300-void-t-detector.t	test-added	seed=both_fail; reducer emitted a false primary-detector branch at Opus PA23 start 1963d796e and matched the detector partial specialization at a6723df7a; focused PA22 check and witness compare passed; PA22 placement audit passed with --fail-on-early; PA22 report passed 74/74.
pa23/tests/spec/400-conversion-function-template-owner-result-copy-init.t	pa23/tests/spec	400	fail	fail	both_fail	tool exit status mismatch (expected EXIT_SUCCESS, got EXIT_FAILURE)	tool exit status mismatch (expected EXIT_SUCCESS, got EXIT_FAILURE)	member-template-ownership-and-out-of-class-definition-replay	42beb854b link out-of-class member function template definitions; e8325194b out-of-class constructor templates; fd6f3e485 member class template definitions; a6212a3e1 parameter labels; 768c32e9f overload pairing	Opus final pa23/plan.md Work log item 2 and Loop 56/61 notes identify member-template body relinking, class/member out-of-class definitions, and source-order overload pairing.	Opus initial PA23 failure seeded from analysis/pa23-initial-failures: tool exit status mismatch (expected EXIT_SUCCESS, got EXIT_FAILURE)	pa22	harness-or-reference-issue	analysis/reducers/pa22-conversion-function-template-owner-result-copy-init.t		no-action	Reducer is g++ C++11 valid and both compilers accept, but external reference LowIR takes the wrong copy-init path by allowing the explicit basic_string(basic_string_view const&) constructor instead of the conversion-function template; logged in analysis/reference-reducer-failures.md. No PA22 test added.
pa23/tests/spec/400-defaulted-type-arg-specialization-nontype-value.t	pa23/tests/spec	400	fail	fail	both_fail	tool exit status mismatch (expected EXIT_SUCCESS, got EXIT_FAILURE)	tool exit status mismatch (expected EXIT_SUCCESS, got EXIT_FAILURE)	integral-nontype-template-arguments-and-constant-values	8e4c41d4 non-type deduction in nested template-id partial-spec patterns; 8bafc1c42 static value member materialization	Opus final plan ties integral NTTP values and static value members to PA19 metaprogramming and later PA22 deduction.	Opus initial PA23 failure seeded from analysis/pa23-initial-failures: tool exit status mismatch (expected EXIT_SUCCESS, got EXIT_FAILURE)	pa21-or-pa22	owner-unclear-multifeature	derive reducer from Boost.MPL lambda<na,na>::apply<int,na> explicit-specialization/member-template/defaulted-arity shape		no-action	seed=both_fail; sampled Opus commits 1963d796e, 8e4c41d4, and 8bafc1c42 all reject with unknown type boost::mpl::lambda<mpl_::na,mpl_::na>::apply<int,mpl_::na>; source combines PA19 explicit specialization/defaulted NTTP value with PA21 member template/specialization graph and later template-arity deduction behavior. The existing pa19 owner classification is too narrow; needs owner decision before reduction/promotion.; final audit disposition: no assignment test added; source mixes PA19 explicit specialization/defaulted NTTP value behavior, PA21 member-template specialization ownership, and PA22 arity/deduction behavior. Needs a feature-owner decision before reduction or promotion.
pa23/tests/spec/400-explicit-pack-type-argument-uses-bound-type.t	pa23/tests/spec	400	pass	fail	trusted_only		generated LowIR does not match reference after relaxed metadata canonicalization and order canonicalization; canonical diff written to tests/spec/400-explicit-pack-type-argument-uses-bound-type.my.lowir.compare.diff	pack-expansion-deduction-and-instantiation-composition	5d099bdf6 general pack-expansion template args; 569e97b48 nested pack expansion in partial-spec arg; 694ae370e co-varying type pack call expansion; c6e155e08 function-type pack args; b449e7c8c nested template-id function parameter pack; 0e6333441 bind pack-expanded args to non-pack params	Opus final pa23/plan.md Work log items 6/8/11 and Loop 57/60 notes identify pack expansion through partial specs, calls, aliases, and function types.	Opus initial PA23 baseline passed this row (trusted_only seed); no Opus fixing transition, classification from test content plus Trusted seeded failure: generated LowIR does not match reference after relaxed metadata canonicalization and order canonicalization; canonical diff written to tests/spec/400-explicit-pack-type-argument-uses-bound-type.my.lowir.compare.diff	pa19	harness-or-reference-issue	pa23/tests/spec/400-explicit-pack-type-argument-uses-bound-type.t		no-action	Exact source is g++ C++11 valid and current accepts, but external reference rejects after losing the explicit bound type-pack argument in a braced-init call; logged in analysis/reference-reducer-failures.md. No PA19 test added.
pa23/tests/spec/400-explicit-type-arg-dependent-qualified-member-template-id.t	pa23/tests/spec	400	pass	fail	trusted_only		tool exit status mismatch (expected EXIT_SUCCESS, got EXIT_FAILURE)	member-template-entity-and-call-integration	42beb854b member template definition relink; 7571a0d7b using-declaration imports member template overloads; 670045ef2 member template as TTP arg; 24db2e7ce using-imported member-template this adjustment	Opus plan loop notes cover member-template lookup/call/import behavior across class scopes and template argument forms.	Opus initial PA23 baseline passed this row (trusted_only seed); no Opus fixing transition, classification from test content plus Trusted seeded failure: tool exit status mismatch (expected EXIT_SUCCESS, got EXIT_FAILURE)	pa21-or-pa22	implementation-bug-only	derive reduced example from pa23/tests/spec/400-explicit-type-arg-dependent-qualified-member-template-id.t		no-action	Opus PA23 start baseline already passed this row; under the Opus-gated backfill workflow there is no start/fix transition proving a missing earlier reducer. No earlier assignment test added.
pa23/tests/spec/400-member-class-template-out-of-class.t	pa23/tests/spec	400	fail	fail	both_fail	tool exit status mismatch (expected EXIT_SUCCESS, got EXIT_FAILURE)	tool exit status mismatch (expected EXIT_SUCCESS, got EXIT_FAILURE)	member-template-ownership-and-out-of-class-definition-replay	42beb854b link out-of-class member function template definitions; e8325194b out-of-class constructor templates; fd6f3e485 member class template definitions; a6212a3e1 parameter labels; 768c32e9f overload pairing	Opus final pa23/plan.md Work log item 2 and Loop 56/61 notes identify member-template body relinking, class/member out-of-class definitions, and source-order overload pairing.	Opus initial PA23 failure seeded from analysis/pa23-initial-failures: tool exit status mismatch (expected EXIT_SUCCESS, got EXIT_FAILURE)	pa21	missing-earlier-feature	analysis/reducers/pa21-member-class-template-out-of-class.t	pa21/tests/spec/300-member-class-template-out-of-class.t	test-added	PA21 out-of-class member class-template definition reducer; g++ C++11 valid; current/reference compare clean; Opus start 1963d796e rejects, Opus fd6f3e485 compares clean; focused PA21 check, placement audit, and PA21 report passed.
pa23/tests/spec/400-member-function-template-out-of-class.t	pa23/tests/spec	400	fail	fail	both_fail	generated LowIR failed sanity validation: function @main block ^entry call @box_int___cast__t1 expects exactly 0 argument(s), got 1	generated LowIR does not match reference after relaxed metadata canonicalization and order canonicalization; canonical diff written to tests/spec/400-member-function-template-out-of-class.my.lowir.compare.diff	member-template-ownership-and-out-of-class-definition-replay	42beb854b link out-of-class member function template definitions; e8325194b out-of-class constructor templates; fd6f3e485 member class template definitions; a6212a3e1 parameter labels; 768c32e9f overload pairing	Opus final pa23/plan.md Work log item 2 and Loop 56/61 notes identify member-template body relinking, class/member out-of-class definitions, and source-order overload pairing.	Opus initial PA23 failure seeded from analysis/pa23-initial-failures: generated LowIR failed sanity validation: function @main block ^entry call @box_int___cast__t1 expects exactly 0 argument(s), got 1	pa21	missing-earlier-feature	analysis/reducers/pa21-static-member-function-template-out-of-class.t	pa21/tests/spec/300-static-member-function-template-out-of-class.t	test-added	PA21 static member function-template out-of-class definition reducer; g++ C++11 valid; current/reference compare clean; Opus start 1963d796e mismatches, Opus 768c32e9f compares clean; focused PA21 check, placement audit, and PA21 report passed.
pa23/tests/spec/400-member-template-nontype-param-shadows-inherited-value.t	pa23/tests/spec	400	fail	fail	both_fail	generated LowIR does not match reference after relaxed metadata canonicalization and order canonicalization; canonical diff written to tests/spec/400-member-template-nontype-param-shadows-inherited-value.my.lowir.compare.diff	tool exit status mismatch (expected EXIT_SUCCESS, got EXIT_FAILURE)	constructor-and-conversion-template-deduction-overload-selection	12a043a36 converting ctor-template reference binding; 06faea325 prefer rvalue ctor template; a6c373488 ICS ctor selection; 8282e47cf by-value converting ctor template; 6e909ebd5 conversion-function-template copy-init; f8660aa27 assignment via conversion operator	Opus final plan Loop 55/56 and Work log item 11 describe constructor/conversion-template deduction, overload ranking, copy-init, and assignment conversion composition.	Opus initial PA23 failure seeded from analysis/pa23-initial-failures: generated LowIR does not match reference after relaxed metadata canonicalization and order canonicalization; canonical diff written to tests/spec/400-member-template-nontype-param-shadows-inherited-value.my.lowir.compare.diff	pa22	feature-interaction-earliest-owner	pa22/tests/spec/200-member-template-nontype-param-shadows-inherited-value.t	pa22/tests/spec/200-member-template-nontype-param-shadows-inherited-value.t	test-added	seed=both_fail; pointer-shaped reducer avoids unrelated EH reference drift while preserving member-template non-type parameter shadowing; C++11/current/reference compare cleanly; Opus PA23 start 1963d796e LowIR mismatches; Opus f8660aa27 compares cleanly; promoted to PA22.
pa23/tests/spec/400-out-of-class-member-template-owner-param-rename.t	pa23/tests/spec	400	fail	fail	both_fail	generated LowIR failed sanity validation: function @main block ^entry call @deque_like_int__char___h__t2 expects exactly 1 argument(s), got 5	generated LowIR does not match reference after relaxed metadata canonicalization and order canonicalization; canonical diff written to tests/spec/400-out-of-class-member-template-owner-param-rename.my.lowir.compare.diff	member-template-ownership-and-out-of-class-definition-replay	42beb854b link out-of-class member function template definitions; e8325194b out-of-class constructor templates; fd6f3e485 member class template definitions; a6212a3e1 parameter labels; 768c32e9f overload pairing	Opus final pa23/plan.md Work log item 2 and Loop 56/61 notes identify member-template body relinking, class/member out-of-class definitions, and source-order overload pairing.	Opus initial PA23 failure seeded from analysis/pa23-initial-failures: generated LowIR failed sanity validation: function @main block ^entry call @deque_like_int__char___h__t2 expects exactly 1 argument(s), got 5	pa21	missing-earlier-feature	analysis/reducers/pa21-out-of-class-member-template-owner-param-rename.t	pa21/tests/spec/300-out-of-class-member-template-owner-param-rename.t	test-added	PA21 out-of-class member-template overload reducer with renamed owner parameters; g++ C++11 valid; current/reference compare clean; Opus start 1963d796e mismatches, Opus 42beb854b compares clean; focused PA21 check, placement audit, and PA21 report passed.
pa23/tests/spec/400-out-of-class-member-template-tag-dispatch-definition.t	pa23/tests/spec	400	fail	fail	both_fail	generated LowIR failed sanity validation: function @main block ^entry call @box_int___pick__t2 expects exactly 1 argument(s), got 4	generated LowIR does not match reference after relaxed metadata canonicalization and order canonicalization; canonical diff written to tests/spec/400-out-of-class-member-template-tag-dispatch-definition.my.lowir.compare.diff	member-template-ownership-and-out-of-class-definition-replay	42beb854b link out-of-class member function template definitions; e8325194b out-of-class constructor templates; fd6f3e485 member class template definitions; a6212a3e1 parameter labels; 768c32e9f overload pairing	Opus final pa23/plan.md Work log item 2 and Loop 56/61 notes identify member-template body relinking, class/member out-of-class definitions, and source-order overload pairing.	Opus initial PA23 failure seeded from analysis/pa23-initial-failures: generated LowIR failed sanity validation: function @main block ^entry call @box_int___pick__t2 expects exactly 1 argument(s), got 4	pa21	missing-earlier-feature	analysis/reducers/pa21-out-of-class-member-template-tag-dispatch-definition.t	pa21/tests/spec/300-out-of-class-member-template-tag-dispatch-definition.t	test-added	PA21 out-of-class member-template overload/tag-dispatch reducer; g++ C++11 valid; current/reference compare clean; Opus start 1963d796e mismatches, Opus 42beb854b compares clean; focused PA21 check, placement audit, and PA21 report passed.
pa23/tests/spec/400-out-of-class-overloaded-member-template-definition.t	pa23/tests/spec	400	fail	fail	both_fail	generated LowIR failed sanity validation: function @main block ^entry call @C_int___f__t1 expects exactly 1 argument(s), got 3	generated LowIR does not match reference after relaxed metadata canonicalization and order canonicalization; canonical diff written to tests/spec/400-out-of-class-overloaded-member-template-definition.my.lowir.compare.diff	member-template-ownership-and-out-of-class-definition-replay	42beb854b link out-of-class member function template definitions; e8325194b out-of-class constructor templates; fd6f3e485 member class template definitions; a6212a3e1 parameter labels; 768c32e9f overload pairing	Opus final pa23/plan.md Work log item 2 and Loop 56/61 notes identify member-template body relinking, class/member out-of-class definitions, and source-order overload pairing.	Opus initial PA23 failure seeded from analysis/pa23-initial-failures: generated LowIR failed sanity validation: function @main block ^entry call @C_int___f__t1 expects exactly 1 argument(s), got 3	pa21	missing-earlier-feature	analysis/reducers/pa21-out-of-class-overloaded-member-template-definition.t	pa21/tests/spec/300-out-of-class-overloaded-member-template-definition.t	test-added	PA21 out-of-class overloaded member-template definition reducer; g++ C++11 valid; current/reference compare clean; Opus start 1963d796e mismatches, Opus 768c32e9f compares clean; focused PA21 check, placement audit, and PA21 report passed.
pa23/tests/spec/400-qualified-member-template-id-bool-constant.t	pa23/tests/spec	400	pass	fail	trusted_only		tool exit status mismatch (expected EXIT_SUCCESS, got EXIT_FAILURE)	member-template-entity-and-call-integration	42beb854b member template definition relink; 7571a0d7b using-declaration imports member template overloads; 670045ef2 member template as TTP arg; 24db2e7ce using-imported member-template this adjustment	Opus plan loop notes cover member-template lookup/call/import behavior across class scopes and template argument forms.	Opus initial PA23 baseline passed this row (trusted_only seed); no Opus fixing transition, classification from test content plus Trusted seeded failure: tool exit status mismatch (expected EXIT_SUCCESS, got EXIT_FAILURE)	pa21-or-pa22	implementation-bug-only	derive reduced example from pa23/tests/spec/400-qualified-member-template-id-bool-constant.t		no-action	Opus PA23 start baseline already passed this row; under the Opus-gated backfill workflow there is no start/fix transition proving a missing earlier reducer. No earlier assignment test added.
pa23/tests/spec/400-template-template-parameter-basic.t	pa23/tests/spec	400	pass	fail	trusted_only		tool exit status mismatch (expected EXIT_SUCCESS, got EXIT_FAILURE)	template-template-parameter-basic-entity-model	07373f00d template-template-parameter deduction in class/variable partial specializations	Opus final pa23/plan.md Work log item 4 names template-template-parameter patterns as part of the specialization model.	Opus initial PA23 baseline passed this row (trusted_only seed); no Opus fixing transition, classification from test content plus Trusted seeded failure: tool exit status mismatch (expected EXIT_SUCCESS, got EXIT_FAILURE)	pa21	implementation-bug-only	existing PA21 coverage: pa21/tests/general/200-template-template-parameter.t; pa21/tests/spec/200-unnamed-template-template-parameter.t		no-action	seed=trusted_only; PA21 README: template entity/specialization model, alias/variable/member templates, TTPs, partial specialization, explicit-instantiation ownership; no assignment tests or refs added in this audit pass; existing earlier PA21 tests already cover basic template-template parameter entity/argument behavior; pa21 report passed 86/86 after current reducer additions, so no duplicate test added
pa23/tests/spec/400-variadic-base-pack-expansion.t	pa23/tests/spec	400	fail	fail	both_fail	tool exit status mismatch (expected EXIT_SUCCESS, got EXIT_FAILURE)	tool exit status mismatch (expected EXIT_SUCCESS, got EXIT_FAILURE)	pack-expansion-deduction-and-instantiation-composition	5d099bdf6 general pack-expansion template args; 569e97b48 nested pack expansion in partial-spec arg; 694ae370e co-varying type pack call expansion; c6e155e08 function-type pack args; b449e7c8c nested template-id function parameter pack; 0e6333441 bind pack-expanded args to non-pack params	Opus final pa23/plan.md Work log items 6/8/11 and Loop 57/60 notes identify pack expansion through partial specs, calls, aliases, and function types.	Opus initial PA23 failure seeded from analysis/pa23-initial-failures: tool exit status mismatch (expected EXIT_SUCCESS, got EXIT_FAILURE)	pa21	historical-validation-missing	pa23/tests/spec/400-variadic-base-pack-expansion.t		no-action	Exact source is g++ C++11 valid and both compilers accept, but current/reference and Opus 1434a6e11 fail the relaxed LowIR contract due extra reference EH declarations; logged in analysis/reference-reducer-failures.md. No PA21 test added.
pa23/tests/spec/500-array-reference-cv-partial-ordering.t	pa23/tests/spec	500	fail	fail	both_fail	tool exit status mismatch (expected EXIT_SUCCESS, got EXIT_FAILURE)	tool exit status mismatch (expected EXIT_SUCCESS, got EXIT_FAILURE)	array-bound-and-array-reference-template-deduction	ca8bee9a5 pa23: rank array reference-binding cv-qualification at the element level	Opus final plan Work log item 7 and PA22 loop notes cover array-bound NTTP deduction and array-reference function-template deduction.	Opus initial PA23 failure seeded from analysis/pa23-initial-failures: tool exit status mismatch (expected EXIT_SUCCESS, got EXIT_FAILURE)	pa22	missing-earlier-feature	overload set with C&, const T (&)[N], and T (&)[N] chooses mutable array overload for int[N] and const array overload through const wrapper	pa22/tests/spec/200-array-reference-cv-partial-ordering.t	test-added	Backfilled in PA22 spec with unsigned long size_t reducer to avoid unrelated historical __SIZE_TYPE__ predefine failure. Opus PA23 start 1963d796e emitted wrong generic overload calls; ca8bee9a5 emitted selected=3/2 array-reference overloads. Focused LowIR and witness checks passed.
pa23/tests/spec/500-function-template-array-bound-only-deduction.t	pa23/tests/spec	500	fail	fail	both_fail	tool exit status mismatch (expected EXIT_SUCCESS, got EXIT_FAILURE)	tool exit status mismatch (expected EXIT_SUCCESS, got EXIT_FAILURE)	array-bound-and-array-reference-template-deduction	a1f842bb1 pa23: array-bound non-type template-argument deduction (f(T(&)[N]))	Opus final plan Work log item 7 and PA22 loop notes cover array-bound NTTP deduction and array-reference function-template deduction.	Opus initial PA23 failure seeded from analysis/pa23-initial-failures: tool exit status mismatch (expected EXIT_SUCCESS, got EXIT_FAILURE)	pa22	missing-earlier-feature	friend to_zstr(char (&)[S], tag const&) deduces only non-type bound S from the array argument	pa22/tests/spec/100-function-template-array-bound-only-deduction.t	test-added	Backfilled in PA22 spec. Historical reducer failed at Opus PA23 start 1963d796e with undeclared to_zstr and passed at a1f842bb1; focused LowIR and witness checks passed.
pa23/tests/spec/500-hidden-friend-query-free-decltype-noexcept.t	pa23/tests/spec	500	fail	fail	both_fail	tool exit status mismatch (expected EXIT_SUCCESS, got EXIT_FAILURE)	tool exit status mismatch (expected EXIT_SUCCESS, got EXIT_FAILURE)	constant-evaluation-dependent-template-values	8bafc1c42 materialize named static value member; 1407a001e shift-count width fix; 693cb4159 emit static members of complete-object class-template instantiations	Opus final pa23/plan.md Fix 14 and Loop 60 notes describe dependent static value reads, static_assert/template-argument distinction, and object-completion static emission.	Opus initial PA23 failure seeded from analysis/pa23-initial-failures: tool exit status mismatch (expected EXIT_SUCCESS, got EXIT_FAILURE)	pa22	harness-or-reference-issue	analysis/reducers/pa22-hidden-friend-query-free-decltype-noexcept.t		no-action	seed=both_fail; reducer is C++11-valid and current accepts it; Opus PA23 start 1963d796e rejects and Boost frontier work later fixed this shape, but external reference selects the later query CPO object result instead of the hidden friend result; recorded in analysis/reference-reducer-failures.md as reference-compiler-bug.
pa23/tests/spec/500-member-alias-pack-owner-sfinae.t	pa23/tests/spec	500	fail	fail	both_fail	tool exit status mismatch (expected EXIT_SUCCESS, got EXIT_FAILURE)	tool exit status mismatch (expected EXIT_SUCCESS, got EXIT_FAILURE)	sfinae-substitution-with-alias-member-pack-and-detector-idioms	1a232426b bind deduced pack into concreteScope; 9a209b88e fold member-template guards; cc29768af alias guard folding; 768c32e9f out-of-class SFINAE overload pairing	Opus final pa23/plan.md Fix 24-25d documents defaulted-NTTP SFINAE guards, alias guard folding, member-template guard dropping, detector idioms, and overload relinking.	Opus initial PA23 failure seeded from analysis/pa23-initial-failures: tool exit status mismatch (expected EXIT_SUCCESS, got EXIT_FAILURE)	pa22	feature-interaction-earliest-owner	analysis/reducers/pa22-member-alias-pack-owner-sfinae.t	pa22/tests/spec/500-member-alias-pack-owner-sfinae.t	test-added	seed=both_fail; added PA22 member-alias pack owner SFINAE reducer; Opus start 1963d796e rejected undeclared Traits<Alloc>::construct and Opus commit 1a232426b accepted; external refs and witness refs generated; focused check and witness compare passed; placement audit pa22 --fail-on-early passed; PA22 report passed 98/98.
pa23/tests/spec/500-nondeduced-qualified-member-type-allows-conversion.t	pa23/tests/spec	500	fail	pass	opus_only	tool exit status mismatch (expected EXIT_SUCCESS, got EXIT_FAILURE)		dependent-qualified-lookup-current-specialization-and-friend-scope	7020b769c dependent qualified name without typename; 3bec27bf4 alias-template-id qualifier in value context; 51026c3d2 injected-class-name functional cast; b921be822 substitute TTP in current-specialization type; 72025a570 NTTP from class-template-id arg + in-class labels; 997e77f27 qualified-member call most-vexing parse	Opus final pa23/plan.md Work log items 5/8/10 and Loop 56 notes cover dependent qualified lookup, current specialization, friend/member scope, and source owner preservation.	Opus initial PA23 failure seeded from analysis/pa23-initial-failures: tool exit status mismatch (expected EXIT_SUCCESS, got EXIT_FAILURE)	pa22	missing-earlier-feature	analysis/reducers/pa22-nondeduced-qualified-member-type-allows-conversion.t	pa22/tests/spec/200-nondeduced-qualified-member-type-allows-conversion.t	test-added	seed=opus_only; non-deduced qualified member type plus ordinary conversion reducer is C++11-valid; current and external reference accept; Opus PA23 start 1963d796e rejects next and Opus 15a2e9c8d passes; focused PA22 check passed; PA22 placement audit passed with --fail-on-early.
pa23/tests/spec/500-template-template-conversion-operator-reference-target.t	pa23/tests/spec	500	fail	fail	both_fail	tool exit status mismatch (expected EXIT_SUCCESS, got EXIT_FAILURE)	tool exit status mismatch (expected EXIT_SUCCESS, got EXIT_FAILURE)	template-template-parameter-deduction-and-alias-forwarding	07373f00d TTP deduction in partial specializations; 4bc0c87fe alias-expanded TTP args; 54e85f719 TTP SFINAE binding; 670045ef2 member template as TTP arg; 1434a6e11 synthetic __ttdeduce args	Opus final plan Work log and Loop 57/60 notes cover template-template deduction through aliases, member templates, defaults, and nested >=2-arg cases.	Opus initial PA23 failure seeded from analysis/pa23-initial-failures: tool exit status mismatch (expected EXIT_SUCCESS, got EXIT_FAILURE)	pa22	harness-or-reference-issue	analysis/reducers/pa22-template-template-conversion-operator-reference-target.t		no-action	seed=both_fail; reducer is C++11-valid and current accepts it, but external reference rejects the conversion-function-template reference target path for view<char, traits> v(s); recorded in analysis/reference-reducer-failures.md as reference-compiler-bug.
pa23/tests/spec/500-template-template-piecewise-partial-ordering.t	pa23/tests/spec	500	fail	fail	both_fail	tool exit status mismatch (expected EXIT_SUCCESS, got EXIT_FAILURE)	tool exit status mismatch (expected EXIT_SUCCESS, got EXIT_FAILURE)	template-template-parameter-deduction-and-alias-forwarding	07373f00d TTP deduction in partial specializations; 4bc0c87fe alias-expanded TTP args; 54e85f719 TTP SFINAE binding; 670045ef2 member template as TTP arg; 1434a6e11 synthetic __ttdeduce args	Opus final plan Work log and Loop 57/60 notes cover template-template deduction through aliases, member templates, defaults, and nested >=2-arg cases.	Opus initial PA23 failure seeded from analysis/pa23-initial-failures: tool exit status mismatch (expected EXIT_SUCCESS, got EXIT_FAILURE)	pa22	harness-or-reference-issue	analysis/reducers/pa22-template-template-piecewise-partial-ordering.t		no-action	seed=both_fail; reducer is C++11-valid and current accepts it, but external reference rejects fixed tuple dispatch as ambiguous and does not prefer the fixed non-pack TTP pattern; recorded in analysis/reference-reducer-failures.md as reference-compiler-bug.
pa23/tests/spec/500-unqualified-member-template-local-alias-deduction.t	pa23/tests/spec	500	fail	fail	both_fail	tool exit status mismatch (expected EXIT_SUCCESS, got EXIT_FAILURE)	tool exit status mismatch (expected EXIT_SUCCESS, got EXIT_FAILURE)	constructor-and-conversion-template-deduction-overload-selection	12a043a36 converting ctor-template reference binding; 06faea325 prefer rvalue ctor template; a6c373488 ICS ctor selection; 8282e47cf by-value converting ctor template; 6e909ebd5 conversion-function-template copy-init; f8660aa27 assignment via conversion operator	Opus final plan Loop 55/56 and Work log item 11 describe constructor/conversion-template deduction, overload ranking, copy-init, and assignment conversion composition.	Opus initial PA23 failure seeded from analysis/pa23-initial-failures: tool exit status mismatch (expected EXIT_SUCCESS, got EXIT_FAILURE)	pa22	feature-interaction-earliest-owner	pa22/tests/spec/500-unqualified-member-template-local-alias-deduction.t	pa22/tests/spec/500-unqualified-member-template-local-alias-deduction.t	test-added	seed=both_fail; pointer-shaped reducer avoids unrelated EH reference drift while preserving local alias deduction in an out-of-class member-template body; C++11/current/reference compare cleanly; Opus PA23 start 1963d796e rejects with no such member bracket; Opus f8660aa27 compares cleanly; promoted to PA22.
