old_case	baseline_inputs	baseline_sha256	assertion	disposition	destination	observation	verification
pa4/tests/100-empty.t	pa4/tests/100-empty.t	a3153171ce1e31254df0eafc361c1e0ad3ce258b522c0c64579ee057d48382dc	empty	retain	pa4/tests/macros/100-empty.t	File-output token stream and exit status; diagnostics ignored	PA4 105/105 in ordinary and batch mode; mixed check 2/2; original acceptance preserved; token comparison reviewed (file paths and selected reductions only)
pa4/tests/100-nodefs.t	pa4/tests/100-nodefs.t	02cde0ba2cdc7d7867ef7381c146b8a0b73dc1b92bada52638df6941c651fb35	nodefs	retain	pa4/tests/macros/100-nodefs.t	File-output token stream and exit status; diagnostics ignored	PA4 105/105 in ordinary and batch mode; mixed check 2/2; original acceptance preserved; token comparison reviewed (file paths and selected reductions only)
pa4/tests/100-undef-simple.t	pa4/tests/100-undef-simple.t	a35e63622588f63bbebe1dbd84a88d3a11b67c15f8135aa115b3e2519c32eafa	undef simple	retain	pa4/tests/macros/100-undef-simple.t	File-output token stream and exit status; diagnostics ignored	PA4 105/105 in ordinary and batch mode; mixed check 2/2; original acceptance preserved; token comparison reviewed (file paths and selected reductions only)
pa4/tests/150-hash-outside.t	pa4/tests/150-hash-outside.t	c1bf042b0be26f5379258f2b6ee0f1ad3d151c4db93c91ee12037a58b3432fb3	hash outside	retire		Invalid phase-7 hash tokens; valid paste already exercised by 300-double-hash	Contract review: old success required printing invalid phase-7 tokens
pa4/tests/150-max.t	pa4/tests/150-max.t	ab346aabbc04814e65f14883b48726826909e29bba55ef16d28c29fd570ff95e	max	retain	pa4/tests/macros/150-max.t	File-output token stream and exit status; diagnostics ignored	PA4 105/105 in ordinary and batch mode; mixed check 2/2; original acceptance preserved; token comparison reviewed (file paths and selected reductions only)
pa4/tests/200-fnlike.t	pa4/tests/200-fnlike.t	1e3c8d6c14f3da0bef94cc1d610a1d8572f0afba810146ddda04e6d61879dfb8	fnlike	retain	pa4/tests/macros/200-fnlike.t	File-output token stream and exit status; diagnostics ignored	PA4 105/105 in ordinary and batch mode; mixed check 2/2; original acceptance preserved; token comparison reviewed (file paths and selected reductions only)
pa4/tests/200-function-macro-invocation-boundaries.t	pa4/tests/200-function-macro-invocation-boundaries.t	2715337bcc3eff8569c59e501c531d203d904412c6e68df8a61b62d50d54af11	function macro invocation boundaries	retain	pa4/tests/macros/200-function-macro-invocation-boundaries.t	File-output token stream and exit status; diagnostics ignored	PA4 105/105 in ordinary and batch mode; mixed check 2/2; original acceptance preserved; token comparison reviewed (file paths and selected reductions only)
pa4/tests/200-invalid-token-macro-replacement.t	pa4/tests/200-invalid-token-macro-replacement.t	554e4730ab9cfb3736059714b8f0793e617f380ff946332eab358068550350e3	invalid token macro replacement	retire		Invalid-token dump is not the combined preprocessor contract; phase-7 rejection already covered by directives/120-invalid	Contract review: old success required printing invalid phase-7 tokens
pa4/tests/200-onedef.t	pa4/tests/200-onedef.t	092240e69a98b05cb8ed7ad427df52c3f15361adcffd6e023e985c798facfebc	onedef	retain	pa4/tests/macros/200-onedef.t	File-output token stream and exit status; diagnostics ignored	PA4 105/105 in ordinary and batch mode; mixed check 2/2; original acceptance preserved; token comparison reviewed (file paths and selected reductions only)
pa4/tests/200-whitespaces.t	pa4/tests/200-whitespaces.t	1799bba5b1b79b650097a532bdf38cfc1858364be5bd086c9753934d618ef65d	whitespaces	retain	pa4/tests/macros/200-whitespaces.t	File-output token stream and exit status; diagnostics ignored	PA4 105/105 in ordinary and batch mode; mixed check 2/2; original acceptance preserved; token comparison reviewed (file paths and selected reductions only)
pa4/tests/250-badvaargs-param.t	pa4/tests/250-badvaargs-param.t	e55f6573c60b0eab753eae54e2b3d3d1f1150d66870270898bc39743e0203630	badvaargs param	retain	pa4/tests/macros/250-badvaargs-param.t	File-output token stream and exit status; diagnostics ignored	PA4 105/105 in ordinary and batch mode; mixed check 2/2; original acceptance preserved; token comparison reviewed (file paths and selected reductions only)
pa4/tests/250-badvaargs-undef.t	pa4/tests/250-badvaargs-undef.t	fed894d8a0dbd33a218af28ef9b25b1ced733284fd3a3fe3d22d3a27139511e4	badvaargs undef	retain	pa4/tests/macros/250-badvaargs-undef.t	File-output token stream and exit status; diagnostics ignored	PA4 105/105 in ordinary and batch mode; mixed check 2/2; original acceptance preserved; token comparison reviewed (file paths and selected reductions only)
pa4/tests/250-badvargs1.t	pa4/tests/250-badvargs1.t	5dd1a220c4ffaf9099ab0c5870e135978178902665e4852c209667f4990c74c9	badvargs1	retain	pa4/tests/macros/250-badvargs1.t	File-output token stream and exit status; diagnostics ignored	PA4 105/105 in ordinary and batch mode; mixed check 2/2; original acceptance preserved; token comparison reviewed (file paths and selected reductions only)
pa4/tests/250-badvargs2.t	pa4/tests/250-badvargs2.t	d98748c05b7e088217c2c1a1aaedff62e99313745ddbe1bcefedc71d479843ce	badvargs2	retain	pa4/tests/macros/250-badvargs2.t	File-output token stream and exit status; diagnostics ignored	PA4 105/105 in ordinary and batch mode; mixed check 2/2; original acceptance preserved; token comparison reviewed (file paths and selected reductions only)
pa4/tests/250-badvargs3.t	pa4/tests/250-badvargs3.t	d78cb6df09e74c431c728823a0ae94fa58bfe9eda40fee0f14c6987ab8ee1983	badvargs3	retain	pa4/tests/macros/250-badvargs3.t	File-output token stream and exit status; diagnostics ignored	PA4 105/105 in ordinary and batch mode; mixed check 2/2; original acceptance preserved; token comparison reviewed (file paths and selected reductions only)
pa4/tests/250-badvargs4.t	pa4/tests/250-badvargs4.t	1404e0c39049a61874723a51db555535de4bb293ee7b670f12be05eceda0235a	badvargs4	retain	pa4/tests/macros/250-badvargs4.t	File-output token stream and exit status; diagnostics ignored	PA4 105/105 in ordinary and batch mode; mixed check 2/2; original acceptance preserved; token comparison reviewed (file paths and selected reductions only)
pa4/tests/250-empty-function-macro-argument.t	pa4/tests/250-empty-function-macro-argument.t	4c3d8acb07892e9424f27c8b2b628d13fec6371d917c1965ad33201486a12c93	empty function macro argument	retain	pa4/tests/macros/250-empty-function-macro-argument.t	File-output token stream and exit status; diagnostics ignored	PA4 105/105 in ordinary and batch mode; mixed check 2/2; original acceptance preserved; token comparison reviewed (file paths and selected reductions only)
pa4/tests/250-goodvaargs.t	pa4/tests/250-goodvaargs.t	5cfb37901da309fccdca8922c54f8a67c4915eeb1c25e0ac83c49a1482150778	goodvaargs	retain	pa4/tests/macros/250-goodvaargs.t	File-output token stream and exit status; diagnostics ignored	PA4 105/105 in ordinary and batch mode; mixed check 2/2; original acceptance preserved; token comparison reviewed (file paths and selected reductions only)
pa4/tests/250-join.t	pa4/tests/250-join.t	bd7d1bcb0139a8dbef1dd8ab1f7cc918ead11e7c52516ae0b0374ce0830105b3	join	retain	pa4/tests/macros/250-join.t	File-output token stream and exit status; diagnostics ignored	PA4 105/105 in ordinary and batch mode; mixed check 2/2; original acceptance preserved; token comparison reviewed (file paths and selected reductions only)
pa4/tests/250-nested-macro-argument-commas.t	pa4/tests/250-nested-macro-argument-commas.t	6b090da1f756d785fff70ad482ee1be32f5a2369f63124a5c79b770c9974c857	nested macro argument commas	retain	pa4/tests/macros/250-nested-macro-argument-commas.t	File-output token stream and exit status; diagnostics ignored	PA4 105/105 in ordinary and batch mode; mixed check 2/2; original acceptance preserved; token comparison reviewed (file paths and selected reductions only)
pa4/tests/250-stringized-argument-not-expanded.t	pa4/tests/250-stringized-argument-not-expanded.t	19049db1c9265cd3d6342d6e67dcafb314ec17a1b156e210456063368ea16a62	stringized argument not expanded	retain	pa4/tests/macros/250-stringized-argument-not-expanded.t	File-output token stream and exit status; diagnostics ignored	PA4 105/105 in ordinary and batch mode; mixed check 2/2; original acceptance preserved; token comparison reviewed (file paths and selected reductions only)
pa4/tests/300-badhash1-1.t	pa4/tests/300-badhash1-1.t	7b8e1a184648e2247eb76b063d0324e1049c654fb23efe6575b4f804663efcc8	badhash1 1	retain	pa4/tests/macros/300-badhash1-1.t	File-output token stream and exit status; diagnostics ignored	PA4 105/105 in ordinary and batch mode; mixed check 2/2; original acceptance preserved; token comparison reviewed (file paths and selected reductions only)
pa4/tests/300-badhash1-2.t	pa4/tests/300-badhash1-2.t	ac0f85b6f0fcacb8a118f11f0c5a3c95d938ec92d6d6909c878291cafd8d150a	badhash1 2	retain	pa4/tests/macros/300-badhash1-2.t	File-output token stream and exit status; diagnostics ignored	PA4 105/105 in ordinary and batch mode; mixed check 2/2; original acceptance preserved; token comparison reviewed (file paths and selected reductions only)
pa4/tests/300-badhash1-3.t	pa4/tests/300-badhash1-3.t	51c5c763fb2a560031fb0d1ffa13a3cebaf8e89d8bd53b177d06d6013caca971	badhash1 3	retain	pa4/tests/macros/300-badhash1-3.t	File-output token stream and exit status; diagnostics ignored	PA4 105/105 in ordinary and batch mode; mixed check 2/2; original acceptance preserved; token comparison reviewed (file paths and selected reductions only)
pa4/tests/300-badhash2-1.t	pa4/tests/300-badhash2-1.t	f5aede29434b02b0790b6f5afb2ba9ad3029fb24ef891f45e2ff1f42645f37d8	badhash2 1	retain	pa4/tests/macros/300-badhash2-1.t	File-output token stream and exit status; diagnostics ignored	PA4 105/105 in ordinary and batch mode; mixed check 2/2; original acceptance preserved; token comparison reviewed (file paths and selected reductions only)
pa4/tests/300-badhash2-2.t	pa4/tests/300-badhash2-2.t	39571dd6253c1e2de23b86a51e1660a9442347c8e9eea1df5b8de9a046dd1478	badhash2 2	retain	pa4/tests/macros/300-badhash2-2.t	File-output token stream and exit status; diagnostics ignored	PA4 105/105 in ordinary and batch mode; mixed check 2/2; original acceptance preserved; token comparison reviewed (file paths and selected reductions only)
pa4/tests/300-badhash2-3.t	pa4/tests/300-badhash2-3.t	cd809798e8db345e8f254978b430f2a6dabafec972fc3ed0d1991d742bac2fb8	badhash2 3	retain	pa4/tests/macros/300-badhash2-3.t	File-output token stream and exit status; diagnostics ignored	PA4 105/105 in ordinary and batch mode; mixed check 2/2; original acceptance preserved; token comparison reviewed (file paths and selected reductions only)
pa4/tests/300-badhash2-4.t	pa4/tests/300-badhash2-4.t	627ccb24907428f4cdbfa2745a83f3d4f6890f7cfaf6102630a03da99705a675	badhash2 4	retain	pa4/tests/macros/300-badhash2-4.t	File-output token stream and exit status; diagnostics ignored	PA4 105/105 in ordinary and batch mode; mixed check 2/2; original acceptance preserved; token comparison reviewed (file paths and selected reductions only)
pa4/tests/300-define-missing-macro-name.t	pa4/tests/300-define-missing-macro-name.t	8c4f61463a6d71ee42bf11c550075989d8c388c6166464ddceb4c89927e740e8	define missing macro name	retain	pa4/tests/macros/300-define-missing-macro-name.t	File-output token stream and exit status; diagnostics ignored	PA4 105/105 in ordinary and batch mode; mixed check 2/2; original acceptance preserved; token comparison reviewed (file paths and selected reductions only)
pa4/tests/300-directive-tokens-from-macro-argument.t	pa4/tests/300-directive-tokens-from-macro-argument.t	100e9c1a757a899db28e0f9e149d94ab3552b7e1355acebf2254b5cf08374f98	directive tokens from macro argument	retire		Unexpanded hash directive tokens produce an invalid phase-7 stream; retire dump observation	Contract review: old success required printing invalid phase-7 tokens
pa4/tests/300-double-hash.t	pa4/tests/300-double-hash.t	801cd3f88cd0430f28b0bfbc9f5779eb013173391773cda9214bacdd4237b846	double hash	reduce/split	pa4/tests/macros/300-double-hash.t	Valid empty/identifier/literal/punctuation and multi-token-argument pastes retained; invalid phase-7 output removed; replace the invalid stand-alone combining-mark operand with a valid UCN identifier operand	PA4 105/105 in ordinary and batch mode; mixed check 2/2; original acceptance preserved; token comparison reviewed (file paths and selected reductions only)
pa4/tests/300-gnu-variadic-comma-paste.t	pa4/tests/300-gnu-variadic-comma-paste.t	3f7d9ad7634bdaa9df4cbb3ab379996015b8ba084f043c335fcf03c3e98cb5dd	gnu variadic comma paste	retain	pa4/tests/macros/300-gnu-variadic-comma-paste.t	File-output token stream and exit status; diagnostics ignored	PA4 105/105 in ordinary and batch mode; mixed check 2/2; original acceptance preserved; token comparison reviewed (file paths and selected reductions only)
pa4/tests/300-identifier-missing.t	pa4/tests/300-identifier-missing.t	08eeb79935b2e00fc0a15d80525dadef45d587257b1957a7f2a7554bce883525	identifier missing	retain	pa4/tests/macros/300-identifier-missing.t	File-output token stream and exit status; diagnostics ignored	PA4 105/105 in ordinary and batch mode; mixed check 2/2; original acceptance preserved; token comparison reviewed (file paths and selected reductions only)
pa4/tests/300-invalid-token-paste.t	pa4/tests/300-invalid-token-paste.t	fc03ac4edc4fa543a46736334078c88b1598315e5d51bdf9f456846b658dd01f	invalid token paste	retain	pa4/tests/macros/300-invalid-token-paste.t	File-output token stream and exit status; diagnostics ignored	PA4 105/105 in ordinary and batch mode; mixed check 2/2; original acceptance preserved; token comparison reviewed (file paths and selected reductions only)
pa4/tests/300-macro-redefinition-whitespace.t	pa4/tests/300-macro-redefinition-whitespace.t	d5e167a1c3eefcd701d9bb090f6b2c44de59d9049049de9a6efd6d40cbf42a3d	macro redefinition whitespace	retain	pa4/tests/macros/300-macro-redefinition-whitespace.t	File-output token stream and exit status; diagnostics ignored	PA4 105/105 in ordinary and batch mode; mixed check 2/2; original acceptance preserved; token comparison reviewed (file paths and selected reductions only)
pa4/tests/300-nonstringized-invalid-macro-argument.t	pa4/tests/300-nonstringized-invalid-macro-argument.t	130b3f03b488c9d98d414d60cfd6ada1ee2289f7b7401bbe4b06cb2ae582a710	nonstringized invalid macro argument	retain	pa4/tests/macros/300-nonstringized-invalid-macro-argument.t	File-output token stream and exit status; diagnostics ignored	PA4 105/105 in ordinary and batch mode; mixed check 2/2; original acceptance preserved; token comparison reviewed (file paths and selected reductions only)
pa4/tests/300-object-function-macro-redefinition.t	pa4/tests/300-object-function-macro-redefinition.t	4e4008594a3ae499f458c3d33aec4c74908e3f8c1a8f2debcdaa43b1825edbe0	object function macro redefinition	retain	pa4/tests/macros/300-object-function-macro-redefinition.t	File-output token stream and exit status; diagnostics ignored	PA4 105/105 in ordinary and batch mode; mixed check 2/2; original acceptance preserved; token comparison reviewed (file paths and selected reductions only)
pa4/tests/300-redef.t	pa4/tests/300-redef.t	96fdd5120ba1ba7c28a7c6a261158a82710786bd33cba7f440030cbf6f840afa	redef	retain	pa4/tests/macros/300-redef.t	File-output token stream and exit status; diagnostics ignored	PA4 105/105 in ordinary and batch mode; mixed check 2/2; original acceptance preserved; token comparison reviewed (file paths and selected reductions only)
pa4/tests/300-token-paste-multiple-parameter-tokens.t	pa4/tests/300-token-paste-multiple-parameter-tokens.t	7fe25ed72868ad3124ba9e4eb8fc3ba23b011cb39fa15a313d33aca8bb7265a0	token paste multiple parameter tokens	reduce/split	pa4/tests/macros/300-token-paste-multiple-parameter-tokens.t	Valid empty/identifier/literal/punctuation and multi-token-argument pastes retained; invalid phase-7 output removed	PA4 105/105 in ordinary and batch mode; mixed check 2/2; original acceptance preserved; token comparison reviewed (file paths and selected reductions only)
pa4/tests/300-undef-extra.t	pa4/tests/300-undef-extra.t	a1c5d597c5b465bd7e27775cc1dd54c3acf941f456744035bef7901ebddfe42a	undef extra	retain	pa4/tests/macros/300-undef-extra.t	File-output token stream and exit status; diagnostics ignored	PA4 105/105 in ordinary and batch mode; mixed check 2/2; original acceptance preserved; token comparison reviewed (file paths and selected reductions only)
pa4/tests/300-unterminated-function-macro-after-comma.t	pa4/tests/300-unterminated-function-macro-after-comma.t	ea99d2bd78586168de717476d973d5db053288c263ca136a358bb8a441b1764a	unterminated function macro after comma	retain	pa4/tests/macros/300-unterminated-function-macro-after-comma.t	File-output token stream and exit status; diagnostics ignored	PA4 105/105 in ordinary and batch mode; mixed check 2/2; original acceptance preserved; token comparison reviewed (file paths and selected reductions only)
pa4/tests/300-unterminated-function-macro-parameter.t	pa4/tests/300-unterminated-function-macro-parameter.t	fc1403a8f595f261922787c5ab6970d18769203c8508441fbc4c9bd00b285500	unterminated function macro parameter	retain	pa4/tests/macros/300-unterminated-function-macro-parameter.t	File-output token stream and exit status; diagnostics ignored	PA4 105/105 in ordinary and batch mode; mixed check 2/2; original acceptance preserved; token comparison reviewed (file paths and selected reductions only)
pa4/tests/300-unterminated-function-macro-parameters.t	pa4/tests/300-unterminated-function-macro-parameters.t	dbf4daa3ccc51ed27ddc485b72c47797e088efd2d855c73324cafdffb6da8b05	unterminated function macro parameters	retain	pa4/tests/macros/300-unterminated-function-macro-parameters.t	File-output token stream and exit status; diagnostics ignored	PA4 105/105 in ordinary and batch mode; mixed check 2/2; original acceptance preserved; token comparison reviewed (file paths and selected reductions only)
pa4/tests/300-variadic-only-parameter-must-close.t	pa4/tests/300-variadic-only-parameter-must-close.t	163d308979f40c619f349fe69a769dfedcc7feed58677a166d9c14b3e6ffa1a4	variadic only parameter must close	retain	pa4/tests/macros/300-variadic-only-parameter-must-close.t	File-output token stream and exit status; diagnostics ignored	PA4 105/105 in ordinary and batch mode; mixed check 2/2; original acceptance preserved; token comparison reviewed (file paths and selected reductions only)
pa4/tests/300-variadic-tail-parameter-must-close.t	pa4/tests/300-variadic-tail-parameter-must-close.t	e0588b9614555f93a7a61032311e329cb965273d81e62154cf97fffead400055	variadic tail parameter must close	retain	pa4/tests/macros/300-variadic-tail-parameter-must-close.t	File-output token stream and exit status; diagnostics ignored	PA4 105/105 in ordinary and batch mode; mixed check 2/2; original acceptance preserved; token comparison reviewed (file paths and selected reductions only)
pa4/tests/400-fun-macro-define.t	pa4/tests/400-fun-macro-define.t	4e2bd4ee695af6f9d124289b24c666e81abae5f3e57903dd6f0ba6941389bfd7	fun macro define	retain	pa4/tests/macros/400-fun-macro-define.t	File-output token stream and exit status; diagnostics ignored	PA4 105/105 in ordinary and batch mode; mixed check 2/2; original acceptance preserved; token comparison reviewed (file paths and selected reductions only)
pa4/tests/410-trigraph-in-raw-string.t	pa4/tests/410-trigraph-in-raw-string.t	369284af92221df7155141a1e4f17842d6180e07a88e925c261964296eac3714	trigraph in raw string	retain	pa4/tests/macros/410-trigraph-in-raw-string.t	File-output token stream and exit status; diagnostics ignored	PA4 105/105 in ordinary and batch mode; mixed check 2/2; original acceptance preserved; token comparison reviewed (file paths and selected reductions only)
pa4/tests/500-hello-world.t	pa4/tests/500-hello-world.t	9c83fd27183c0890ffc572d75f110f08d99e6b77d396aa5f443af1fc65e4cc14	hello world	retain	pa4/tests/macros/500-hello-world.t	File-output token stream and exit status; diagnostics ignored	PA4 105/105 in ordinary and batch mode; mixed check 2/2; original acceptance preserved; token comparison reviewed (file paths and selected reductions only)
pa4/tests/500-raw-string-token-paste.t	pa4/tests/500-raw-string-token-paste.t	9f4a0c38501d8a47a1dc948894d832b0e63002c70d45417ad32b71e565429699	raw string token paste	retain	pa4/tests/macros/500-raw-string-token-paste.t	File-output token stream and exit status; diagnostics ignored	PA4 105/105 in ordinary and batch mode; mixed check 2/2; original acceptance preserved; token comparison reviewed (file paths and selected reductions only)
pa4/tests/500-tricky-join.t	pa4/tests/500-tricky-join.t	fa4b43adf6e82027ec1092af26d132a3ba7054d7abf694ff24f0eebca23da02e	tricky join	retain	pa4/tests/macros/500-tricky-join.t	File-output token stream and exit status; diagnostics ignored	PA4 105/105 in ordinary and batch mode; mixed check 2/2; original acceptance preserved; token comparison reviewed (file paths and selected reductions only)
pa4/tests/600-hash-from-macro.t	pa4/tests/600-hash-from-macro.t	83c14b3dcd6512840f0432292d35fbf5c28e2264d6625a429be21ef9afa9aac4	hash from macro	retire		Expanded hash does not create a directive, but its dump is invalid phase-7 output; retire old success expectation	Contract review: old success required printing invalid phase-7 tokens
pa4/tests/600-macro-rescan-boundaries.t	pa4/tests/600-macro-rescan-boundaries.t	354478992b15a50f866e7a1f39edd81526ac8a03d826484d0da855043ede5051	macro rescan boundaries	retain	pa4/tests/macros/600-macro-rescan-boundaries.t	File-output token stream and exit status; diagnostics ignored	PA4 105/105 in ordinary and batch mode; mixed check 2/2; original acceptance preserved; token comparison reviewed (file paths and selected reductions only)
pa4/tests/600-parameter-selected-macro-rescans.t	pa4/tests/600-parameter-selected-macro-rescans.t	f9d7cb4e67daf52df6258108f4ca502f88826a28bb549730625a2fecfe717cfb	parameter selected macro rescans	retain	pa4/tests/macros/600-parameter-selected-macro-rescans.t	File-output token stream and exit status; diagnostics ignored	PA4 105/105 in ordinary and batch mode; mixed check 2/2; original acceptance preserved; token comparison reviewed (file paths and selected reductions only)
pa4/tests/600-pasted-helper-macro-rescans.t	pa4/tests/600-pasted-helper-macro-rescans.t	75b10db7d9a5e8fbd7707f7292592945473297d7f75d09809b2b217dc806cb6c	pasted helper macro rescans	retain	pa4/tests/macros/600-pasted-helper-macro-rescans.t	File-output token stream and exit status; diagnostics ignored	PA4 105/105 in ordinary and batch mode; mixed check 2/2; original acceptance preserved; token comparison reviewed (file paths and selected reductions only)
pa4/tests/600-recurse.t	pa4/tests/600-recurse.t	30152b54c078b000a37eccaa17acab34dcbc3066c1807cebeac11d2f7c42f406	recurse	retain	pa4/tests/macros/600-recurse.t	File-output token stream and exit status; diagnostics ignored	PA4 105/105 in ordinary and batch mode; mixed check 2/2; original acceptance preserved; token comparison reviewed (file paths and selected reductions only)
pa4/tests/600-tail-helper-macro-rescans.t	pa4/tests/600-tail-helper-macro-rescans.t	4a3daa9c11a5941ab948208bab12ce71835a9a6cb9763fae638be94cf1397d18	tail helper macro rescans	retain	pa4/tests/macros/600-tail-helper-macro-rescans.t	File-output token stream and exit status; diagnostics ignored	PA4 105/105 in ordinary and batch mode; mixed check 2/2; original acceptance preserved; token comparison reviewed (file paths and selected reductions only)
pa4/tests/600-unavailable-paint-through-function-replacement.t	pa4/tests/600-unavailable-paint-through-function-replacement.t	a0ee928ad40337bfe047857d796014f639e373ae9f7fbbb78a4038fb5ae3deeb	unavailable paint through function replacement	retain	pa4/tests/macros/600-unavailable-paint-through-function-replacement.t	File-output token stream and exit status; diagnostics ignored	PA4 105/105 in ordinary and batch mode; mixed check 2/2; original acceptance preserved; token comparison reviewed (file paths and selected reductions only)
pa4/tests/650-recurse.t	pa4/tests/650-recurse.t	5aadb8c580bf69927eca62bcfcb34c0019805eabb1f6b2d4cdb7b360f100f1b6	recurse	retain	pa4/tests/macros/650-recurse.t	File-output token stream and exit status; diagnostics ignored	PA4 105/105 in ordinary and batch mode; mixed check 2/2; original acceptance preserved; token comparison reviewed (file paths and selected reductions only)
pa4/tests/700-redef-a.t	pa4/tests/700-redef-a.t	d80a477c5563d618e9bcb367ade69504deed12ee5a004100bd8996a2d132134a	redef a	retain	pa4/tests/macros/700-redef-a.t	File-output token stream and exit status; diagnostics ignored	PA4 105/105 in ordinary and batch mode; mixed check 2/2; original acceptance preserved; token comparison reviewed (file paths and selected reductions only)
pa4/tests/700-redef-q.t	pa4/tests/700-redef-q.t	203e88a394d9b7e08ea3af4eb4441def39b341a10b92d31e868b2b6f67d4a518	redef q	retain	pa4/tests/macros/700-redef-q.t	File-output token stream and exit status; diagnostics ignored	PA4 105/105 in ordinary and batch mode; mixed check 2/2; original acceptance preserved; token comparison reviewed (file paths and selected reductions only)
pa4/tests/700-redef2.t	pa4/tests/700-redef2.t	01c9bab3cd7beafacc3e4d7278e691d7b5285809a090e20d65ade6d8ae3ffa38	redef2	retain	pa4/tests/macros/700-redef2.t	File-output token stream and exit status; diagnostics ignored	PA4 105/105 in ordinary and batch mode; mixed check 2/2; original acceptance preserved; token comparison reviewed (file paths and selected reductions only)
pa4/tests/700-redeferr1.t	pa4/tests/700-redeferr1.t	dcc2abab04c283aa050fa955078d34200071bd151a5f096f2c29d21af1fea8cb	redeferr1	retain	pa4/tests/macros/700-redeferr1.t	File-output token stream and exit status; diagnostics ignored	PA4 105/105 in ordinary and batch mode; mixed check 2/2; original acceptance preserved; token comparison reviewed (file paths and selected reductions only)
pa4/tests/700-redeferr2.t	pa4/tests/700-redeferr2.t	85758095da9ba022a5ad835f655ea9db7c1fb5378f3fe9c1c2692b15b5b1807a	redeferr2	retain	pa4/tests/macros/700-redeferr2.t	File-output token stream and exit status; diagnostics ignored	PA4 105/105 in ordinary and batch mode; mixed check 2/2; original acceptance preserved; token comparison reviewed (file paths and selected reductions only)
pa4/tests/700-redeferr3.t	pa4/tests/700-redeferr3.t	869a39073db3da96bbe9d8bdbbc24841d96c8e2eed7616d81b023e4bf014fd88	redeferr3	retain	pa4/tests/macros/700-redeferr3.t	File-output token stream and exit status; diagnostics ignored	PA4 105/105 in ordinary and batch mode; mixed check 2/2; original acceptance preserved; token comparison reviewed (file paths and selected reductions only)
pa4/tests/700-redeferr4.t	pa4/tests/700-redeferr4.t	17d907ea9a1c95f2340eb0e1c1c2103b2acd2f2a22771605acd04d2ce7d960f0	redeferr4	retain	pa4/tests/macros/700-redeferr4.t	File-output token stream and exit status; diagnostics ignored	PA4 105/105 in ordinary and batch mode; mixed check 2/2; original acceptance preserved; token comparison reviewed (file paths and selected reductions only)
pa4/tests/700-strlit-a.t	pa4/tests/700-strlit-a.t	5739fae5bb6f3ba087758abf755d03ac2d89036c14a86ca7b35e73e505a48a6f	strlit a	retain	pa4/tests/macros/700-strlit-a.t	File-output token stream and exit status; diagnostics ignored	PA4 105/105 in ordinary and batch mode; mixed check 2/2; original acceptance preserved; token comparison reviewed (file paths and selected reductions only)
pa4/tests/700-strlit-a2.t	pa4/tests/700-strlit-a2.t	b610017d4818cc3131b1078d06c56217a5c76aa8166f90182bfa91e60cc77509	strlit a2	retain	pa4/tests/macros/700-strlit-a2.t	File-output token stream and exit status; diagnostics ignored	PA4 105/105 in ordinary and batch mode; mixed check 2/2; original acceptance preserved; token comparison reviewed (file paths and selected reductions only)
pa4/tests/700-strlit-q.t	pa4/tests/700-strlit-q.t	b3106fa12b609971a113d006ea75c974c1a0bdf68a562275e7b74a22e9fff021	strlit q	retain	pa4/tests/macros/700-strlit-q.t	File-output token stream and exit status; diagnostics ignored	PA4 105/105 in ordinary and batch mode; mixed check 2/2; original acceptance preserved; token comparison reviewed (file paths and selected reductions only)
pa4/tests/800-placemarker-a.t	pa4/tests/800-placemarker-a.t	adcc9a68e4e1753a212df0e281d4dfac2eef146ebc1623faf5b26584e5c8fd05	placemarker a	retain	pa4/tests/macros/800-placemarker-a.t	File-output token stream and exit status; diagnostics ignored	PA4 105/105 in ordinary and batch mode; mixed check 2/2; original acceptance preserved; token comparison reviewed (file paths and selected reductions only)
pa4/tests/800-placemarker-q.t	pa4/tests/800-placemarker-q.t	0f1fb4642d641dc5ad0e7a94aa9186ac4bd39f77182c61bd63b7aa72f6c475d9	placemarker q	retain	pa4/tests/macros/800-placemarker-q.t	File-output token stream and exit status; diagnostics ignored	PA4 105/105 in ordinary and batch mode; mixed check 2/2; original acceptance preserved; token comparison reviewed (file paths and selected reductions only)
pa4/tests/850-varargs-a.t	pa4/tests/850-varargs-a.t	d9ab1717a5b44335009efbdd8af602f0019910a64c8ea6ec793a08c4b11c0549	varargs a	retain	pa4/tests/macros/850-varargs-a.t	File-output token stream and exit status; diagnostics ignored	PA4 105/105 in ordinary and batch mode; mixed check 2/2; original acceptance preserved; token comparison reviewed (file paths and selected reductions only)
pa4/tests/850-varargs-q.t	pa4/tests/850-varargs-q.t	55747925dee7d3c3d6f9153b351cdaa99ed6506d392d814e28e382dea10dc1b7	varargs q	retain	pa4/tests/macros/850-varargs-q.t	File-output token stream and exit status; diagnostics ignored	PA4 105/105 in ordinary and batch mode; mixed check 2/2; original acceptance preserved; token comparison reviewed (file paths and selected reductions only)
pa4/tests/900-recurse.t	pa4/tests/900-recurse.t	1b8d651bf0580e87089855031025924bcbd0ab982f1bae0a1b638eb562812b8a	recurse	retain	pa4/tests/macros/900-recurse.t	File-output token stream and exit status; diagnostics ignored	PA4 105/105 in ordinary and batch mode; mixed check 2/2; original acceptance preserved; token comparison reviewed (file paths and selected reductions only)
pa4/tests/910-recurse2.t	pa4/tests/910-recurse2.t	dc401884a1d54501c249366df80fdfd042d56d9b34351811a36869b7cd1cc7de	recurse2	retain	pa4/tests/macros/910-recurse2.t	File-output token stream and exit status; diagnostics ignored	PA4 105/105 in ordinary and batch mode; mixed check 2/2; original acceptance preserved; token comparison reviewed (file paths and selected reductions only)
pa4/tests/920-deferred-helper-argument-prescan.t	pa4/tests/920-deferred-helper-argument-prescan.t	39e077e27a97e661dd1bd0185642cb213da31a70a90628666f3e7695edab00fb	deferred helper argument prescan	retain	pa4/tests/macros/920-deferred-helper-argument-prescan.t	File-output token stream and exit status; diagnostics ignored	PA4 105/105 in ordinary and batch mode; mixed check 2/2; original acceptance preserved; token comparison reviewed (file paths and selected reductions only)
pa5/tests/100-empty.t	pa5/tests/100-empty.t	377147546546da0be82cd4846acaa48a4caaaf37d2c8b2905bb01217cbb21a2d	empty	covered elsewhere	pa4/tests/macros/100-empty.t	Identical input already retained in macro group; same file interface	PA4 105/105 in ordinary and batch mode; mixed check 2/2; original acceptance preserved; token comparison reviewed (file paths and selected reductions only)
pa5/tests/100-nodefs.t	pa5/tests/100-nodefs.t	1c66235e681c2194c942b8607275b77289477c811c91631d56e632a224170409	nodefs	covered elsewhere	pa4/tests/macros/100-nodefs.t	Identical input already retained in macro group; same file interface	PA4 105/105 in ordinary and batch mode; mixed check 2/2; original acceptance preserved; token comparison reviewed (file paths and selected reductions only)
pa5/tests/120-invalid.t	pa5/tests/120-invalid.t	dc70d94c7f89fb153bdcfbe20d704822180dbf2dca43da7facb6f8a4ebb9066d	invalid	retain	pa4/tests/directives/120-invalid.t	File-output token stream and exit status; diagnostics ignored	PA4 105/105 in ordinary and batch mode; mixed check 2/2; original acceptance preserved; token comparison reviewed (file paths and selected reductions only)
pa5/tests/150-error.t	pa5/tests/150-error.t	9153504a5a78ef6604fd80b4741571e5678349098ea1f05fcc7795e0306d20d8	error	retain	pa4/tests/directives/150-error.t	File-output token stream and exit status; diagnostics ignored	PA4 105/105 in ordinary and batch mode; mixed check 2/2; original acceptance preserved; token comparison reviewed (file paths and selected reductions only)
pa5/tests/150-max.t	pa5/tests/150-max.t	883236f3593bf8e7bbc64276f1d16d06740c2c9e372d3708fb63a18b349aa949	max	covered elsewhere	pa4/tests/macros/150-max.t	Identical input already retained in macro group; same file interface	PA4 105/105 in ordinary and batch mode; mixed check 2/2; original acceptance preserved; token comparison reviewed (file paths and selected reductions only)
pa5/tests/150-no-error.t	pa5/tests/150-no-error.t	06b9d85e89477df4f092ab89cf6f26379033673a9a5d3bdc8c54dacb98d296ad	no error	retain	pa4/tests/directives/150-no-error.t	File-output token stream and exit status; diagnostics ignored	PA4 105/105 in ordinary and batch mode; mixed check 2/2; original acceptance preserved; token comparison reviewed (file paths and selected reductions only)
pa5/tests/150-null-directive.t	pa5/tests/150-null-directive.t	2e1d3e1d2bb074f41b7cb2ee716b758104bc1ff1a22d8354c01ffba3bed1f470	null directive	retain	pa4/tests/directives/150-null-directive.t	File-output token stream and exit status; diagnostics ignored	PA4 105/105 in ordinary and batch mode; mixed check 2/2; original acceptance preserved; token comparison reviewed (file paths and selected reductions only)
pa5/tests/170-nondir1.t	pa5/tests/170-nondir1.t	03014e935010c3cbdb87e03feebbd9bfffa7b03537fdfe719507461c656f4dd5	nondir1	retain	pa4/tests/directives/170-nondir1.t	File-output token stream and exit status; diagnostics ignored	PA4 105/105 in ordinary and batch mode; mixed check 2/2; original acceptance preserved; token comparison reviewed (file paths and selected reductions only)
pa5/tests/170-nondir2.t	pa5/tests/170-nondir2.t	9104c00ed6b0a2ea9ecfee5c1d4364bf2593720187cee7047ef10bfdb802455c	nondir2	retain	pa4/tests/directives/170-nondir2.t	File-output token stream and exit status; diagnostics ignored	PA4 105/105 in ordinary and batch mode; mixed check 2/2; original acceptance preserved; token comparison reviewed (file paths and selected reductions only)
pa5/tests/170-nondir3.t	pa5/tests/170-nondir3.t	15a3a84c708a5d575bc481ce4720ceed3b7b7e7bd90b44f13a4c58d4953d5d76	nondir3	retain	pa4/tests/directives/170-nondir3.t	File-output token stream and exit status; diagnostics ignored	PA4 105/105 in ordinary and batch mode; mixed check 2/2; original acceptance preserved; token comparison reviewed (file paths and selected reductions only)
pa5/tests/170-nondir4.t	pa5/tests/170-nondir4.t	3d109941f0babd6c72a856210236c76ffa2605edb9d302146ca71ba2fec02871	nondir4	retain	pa4/tests/directives/170-nondir4.t	File-output token stream and exit status; diagnostics ignored	PA4 105/105 in ordinary and batch mode; mixed check 2/2; original acceptance preserved; token comparison reviewed (file paths and selected reductions only)
pa5/tests/170-nondir5.t	pa5/tests/170-nondir5.t	153e13267b2beced9bb51394739a0af817c494b65e0558d96c44ac274e67515e	nondir5	retain	pa4/tests/directives/170-nondir5.t	File-output token stream and exit status; diagnostics ignored	PA4 105/105 in ordinary and batch mode; mixed check 2/2; original acceptance preserved; token comparison reviewed (file paths and selected reductions only)
pa5/tests/170-nondir6.t	pa5/tests/170-nondir6.t	978e53d038ea354c7687db50cf557695c5e593cd960a57a8da5d799ee35d5888	nondir6	retain	pa4/tests/directives/170-nondir6.t	File-output token stream and exit status; diagnostics ignored	PA4 105/105 in ordinary and batch mode; mixed check 2/2; original acceptance preserved; token comparison reviewed (file paths and selected reductions only)
pa5/tests/200-conditional-exclusion.t	pa5/tests/200-conditional-exclusion.t	4113a253cd17eacc49dbfb99d425c8991eaa050c071f3c1123c80bda9eae7a3d	conditional exclusion	retain	pa4/tests/directives/200-conditional-exclusion.t	File-output token stream and exit status; diagnostics ignored	PA4 105/105 in ordinary and batch mode; mixed check 2/2; original acceptance preserved; token comparison reviewed (file paths and selected reductions only)
pa5/tests/200-defined-identifier-like-operator.t	pa5/tests/200-defined-identifier-like-operator.t	ad358e43a95077f5a840a906dfd036f6ef15031740922f2671671090902d8d27	defined identifier like operator	retain	pa4/tests/directives/200-defined-identifier-like-operator.t	File-output token stream and exit status; diagnostics ignored	PA4 105/105 in ordinary and batch mode; mixed check 2/2; original acceptance preserved; token comparison reviewed (file paths and selected reductions only)
pa5/tests/200-fnlike.t	pa5/tests/200-fnlike.t	4a4e883171226c04d7ae010852965c15fe660c52c6005575f3d2d075fd8fbbdb	fnlike	covered elsewhere	pa4/tests/macros/200-fnlike.t	Identical input already retained in macro group; same file interface	PA4 105/105 in ordinary and batch mode; mixed check 2/2; original acceptance preserved; token comparison reviewed (file paths and selected reductions only)
pa5/tests/200-if.t	pa5/tests/200-if.t	e40fcbd1a7c17eb8787a356402b7e0e761494531d85ca672c398a3b444614264	if	retain	pa4/tests/directives/200-if.t	File-output token stream and exit status; diagnostics ignored	PA4 105/105 in ordinary and batch mode; mixed check 2/2; original acceptance preserved; token comparison reviewed (file paths and selected reductions only)
pa5/tests/200-include.t	pa5/tests/200-include.t	21b51b63709e0e18599d4da42db92250e6eaffa4e570e2cbda3d5b4b7b21ba9e	include	retain	pa4/tests/directives/200-include.t	File-output token stream and exit status; diagnostics ignored	PA4 105/105 in ordinary and batch mode; mixed check 2/2; original acceptance preserved; token comparison reviewed (file paths and selected reductions only)
pa5/tests/200-onedef.t	pa5/tests/200-onedef.t	2463708a5ac547efdae204cb342a121e76b1cae2eb6e735662038359b50971d4	onedef	covered elsewhere	pa4/tests/macros/200-onedef.t	Identical input already retained in macro group; same file interface	PA4 105/105 in ordinary and batch mode; mixed check 2/2; original acceptance preserved; token comparison reviewed (file paths and selected reductions only)
pa5/tests/250-badvargs1.t	pa5/tests/250-badvargs1.t	63c5990a2efe42d9d42fb28b0dd114f77911dcc13a087bb88ac55f83b4a355ff	badvargs1	covered elsewhere	pa4/tests/macros/250-badvargs1.t	Identical input already retained in macro group; same file interface	PA4 105/105 in ordinary and batch mode; mixed check 2/2; original acceptance preserved; token comparison reviewed (file paths and selected reductions only)
pa5/tests/250-badvargs2.t	pa5/tests/250-badvargs2.t	ef589e7fd2354a0e7956cc588eeff0d539ec73f10ca95ce2fd49a90eb083eea2	badvargs2	covered elsewhere	pa4/tests/macros/250-badvargs2.t	Identical input already retained in macro group; same file interface	PA4 105/105 in ordinary and batch mode; mixed check 2/2; original acceptance preserved; token comparison reviewed (file paths and selected reductions only)
pa5/tests/250-badvargs3.t	pa5/tests/250-badvargs3.t	ee1c9a1964e175ac3865385e27898aa54e6372034760ee86253405f3895a59fd	badvargs3	covered elsewhere	pa4/tests/macros/250-badvargs3.t	Identical input already retained in macro group; same file interface	PA4 105/105 in ordinary and batch mode; mixed check 2/2; original acceptance preserved; token comparison reviewed (file paths and selected reductions only)
pa5/tests/250-badvargs4.t	pa5/tests/250-badvargs4.t	9d6c20fd6ea9b4642e84b928ed26650b81b0b39a1c4e88ff1046df87a801cc7a	badvargs4	covered elsewhere	pa4/tests/macros/250-badvargs4.t	Identical input already retained in macro group; same file interface	PA4 105/105 in ordinary and batch mode; mixed check 2/2; original acceptance preserved; token comparison reviewed (file paths and selected reductions only)
pa5/tests/250-join.t	pa5/tests/250-join.t	95ed9784a5e370144d0f5191bdc23613cc5a5640e2af48206ec8ca27cf4321d1	join	covered elsewhere	pa4/tests/macros/250-join.t	Identical input already retained in macro group; same file interface	PA4 105/105 in ordinary and batch mode; mixed check 2/2; original acceptance preserved; token comparison reviewed (file paths and selected reductions only)
pa5/tests/300-badhash1-1.t	pa5/tests/300-badhash1-1.t	542c375e07f0cad1e1f9afe81657985e3c43b17a941e9099624d651ea8394a51	badhash1 1	covered elsewhere	pa4/tests/macros/300-badhash1-1.t	Identical input already retained in macro group; same file interface	PA4 105/105 in ordinary and batch mode; mixed check 2/2; original acceptance preserved; token comparison reviewed (file paths and selected reductions only)
pa5/tests/300-badhash1-2.t	pa5/tests/300-badhash1-2.t	934bccc2bbb551e4694b226f36bb882e4e2ab2e1acc7485cb5b2bec16537d35c	badhash1 2	covered elsewhere	pa4/tests/macros/300-badhash1-2.t	Identical input already retained in macro group; same file interface	PA4 105/105 in ordinary and batch mode; mixed check 2/2; original acceptance preserved; token comparison reviewed (file paths and selected reductions only)
pa5/tests/300-badhash1-3.t	pa5/tests/300-badhash1-3.t	944644ef63623eecdda751e3322b2d5ce473f4146705eea197608033b8629747	badhash1 3	covered elsewhere	pa4/tests/macros/300-badhash1-3.t	Identical input already retained in macro group; same file interface	PA4 105/105 in ordinary and batch mode; mixed check 2/2; original acceptance preserved; token comparison reviewed (file paths and selected reductions only)
pa5/tests/300-badhash2-1.t	pa5/tests/300-badhash2-1.t	a2a553195a143477300466e4270b694ef31e16bce7c6a55c718fdf410fd092dd	badhash2 1	covered elsewhere	pa4/tests/macros/300-badhash2-1.t	Identical input already retained in macro group; same file interface	PA4 105/105 in ordinary and batch mode; mixed check 2/2; original acceptance preserved; token comparison reviewed (file paths and selected reductions only)
pa5/tests/300-badhash2-2.t	pa5/tests/300-badhash2-2.t	52995c93aba03f6af849bd296c104f9e389d67e36210dfdf39cfba723c1ec75e	badhash2 2	covered elsewhere	pa4/tests/macros/300-badhash2-2.t	Identical input already retained in macro group; same file interface	PA4 105/105 in ordinary and batch mode; mixed check 2/2; original acceptance preserved; token comparison reviewed (file paths and selected reductions only)
pa5/tests/300-badhash2-3.t	pa5/tests/300-badhash2-3.t	27ab8c630fde7cf5c524c9c1b42fe5a0d967b0ac7c3dc2cc66ec4a6c2c9461d0	badhash2 3	covered elsewhere	pa4/tests/macros/300-badhash2-3.t	Identical input already retained in macro group; same file interface	PA4 105/105 in ordinary and batch mode; mixed check 2/2; original acceptance preserved; token comparison reviewed (file paths and selected reductions only)
pa5/tests/300-badhash2-4.t	pa5/tests/300-badhash2-4.t	c36879ca4c462c8724bb524de4bb9b933a41f96387cbd2d59f54e4669b938b52	badhash2 4	covered elsewhere	pa4/tests/macros/300-badhash2-4.t	Identical input already retained in macro group; same file interface	PA4 105/105 in ordinary and batch mode; mixed check 2/2; original acceptance preserved; token comparison reviewed (file paths and selected reductions only)
pa5/tests/300-defined-operator-misuse.t	pa5/tests/300-defined-operator-misuse.t	6a8dcb9ac3ef47fa45a5a6ffd1596d69d316b4a4e29a98cb69da4050a00c8da2	defined operator misuse	retain	pa4/tests/directives/300-defined-operator-misuse.t	File-output token stream and exit status; diagnostics ignored	PA4 105/105 in ordinary and batch mode; mixed check 2/2; original acceptance preserved; token comparison reviewed (file paths and selected reductions only)
pa5/tests/300-identifier-missing.t	pa5/tests/300-identifier-missing.t	876a79cb3b31f756d28248c3fba9def02b185a01c9ed7a8422ffec4d333b86a3	identifier missing	covered elsewhere	pa4/tests/macros/300-identifier-missing.t	Identical input already retained in macro group; same file interface	PA4 105/105 in ordinary and batch mode; mixed check 2/2; original acceptance preserved; token comparison reviewed (file paths and selected reductions only)
pa5/tests/300-line-new-line.t	pa5/tests/300-line-new-line.t	4c3fec4e6fb77bb85f8b0f62e857e9815b9e3a4c845a40c407bbf30475beaba2	line new line	retain	pa4/tests/directives/300-line-new-line.t	File-output token stream and exit status; diagnostics ignored	PA4 105/105 in ordinary and batch mode; mixed check 2/2; original acceptance preserved; token comparison reviewed (file paths and selected reductions only)
pa5/tests/300-undef-extra.t	pa5/tests/300-undef-extra.t	1ebb6e8d128c0e9e4390f853c5b523bfeac2d9695807a8e506ff66a7a7026e35	undef extra	covered elsewhere	pa4/tests/macros/300-undef-extra.t	Identical input already retained in macro group; same file interface	PA4 105/105 in ordinary and batch mode; mixed check 2/2; original acceptance preserved; token comparison reviewed (file paths and selected reductions only)
pa5/tests/400-bad-include.t	pa5/tests/400-bad-include.t	f3243111eba8490158d373e2f5b4a3a289c60084fd4e990a3e6e8d5d4e2a9224	bad include	retain	pa4/tests/directives/400-bad-include.t	File-output token stream and exit status; diagnostics ignored	PA4 105/105 in ordinary and batch mode; mixed check 2/2; original acceptance preserved; token comparison reviewed (file paths and selected reductions only)
pa5/tests/400-counter-macro.t	pa5/tests/400-counter-macro.t	f51bb098f8c008103c677951001d433018e8d597892a8cd15824ce3e8c2553f2	counter macro	retain	pa4/tests/directives/400-counter-macro.t	File-output token stream and exit status; diagnostics ignored	PA4 105/105 in ordinary and batch mode; mixed check 2/2; original acceptance preserved; token comparison reviewed (file paths and selected reductions only)
pa5/tests/400-header-guard-shapes.t	pa5/tests/400-header-guard-shapes.t	3d03f43296f6cd303d8e801f5f5c0c3a8662b730aa5a19c0090976a718f3427b	header guard shapes	retain	pa4/tests/directives/400-header-guard-shapes.t	File-output token stream and exit status; diagnostics ignored	PA4 105/105 in ordinary and batch mode; mixed check 2/2; original acceptance preserved; token comparison reviewed (file paths and selected reductions only)
pa5/tests/400-header-guarded.t	pa5/tests/400-header-guarded.t	72ceb87d6d2d1c3fbfb2e1255b1dbd84faa68d47a1b647a066200f0eb8d7ee6f	header guarded	retain	pa4/tests/directives/400-header-guarded.t	File-output token stream and exit status; diagnostics ignored	PA4 105/105 in ordinary and batch mode; mixed check 2/2; original acceptance preserved; token comparison reviewed (file paths and selected reductions only)
pa5/tests/400-multiple-source-files.t	pa5/tests/400-multiple-source-files.t;pa5/tests/400-multiple-source-files.t2	18e5a7ef73531629270619ba82b3e1e86eb9b96af3a47be4d9b4b4f860b26ddc	multiple source files	retain	pa4/tests/directives/400-multiple-source-files.t	File-output token stream and exit status; diagnostics ignored	PA4 105/105 in ordinary and batch mode; mixed check 2/2; original acceptance preserved; token comparison reviewed (file paths and selected reductions only)
pa5/tests/400-predefined-macros.t	pa5/tests/400-predefined-macros.t	e743e32dc3f9708d3ab8383a73d5916d6b66e337adf18a1d9612c8231d9e9548	predefined macros	retain	pa4/tests/directives/400-predefined-macros.t	File-output token stream and exit status; diagnostics ignored	PA4 105/105 in ordinary and batch mode; mixed check 2/2; original acceptance preserved; token comparison reviewed (file paths and selected reductions only)
pa5/tests/500-alt.t	pa5/tests/500-alt.t	69b78f09df7e13cd2dd31b2d3ab4c8eda427c8ac2a11cf68fc85552151b88148	alt	retain	pa4/tests/directives/500-alt.t	File-output token stream and exit status; diagnostics ignored	PA4 105/105 in ordinary and batch mode; mixed check 2/2; original acceptance preserved; token comparison reviewed (file paths and selected reductions only)
pa5/tests/500-attribute-probe.t	pa5/tests/500-attribute-probe.t	1875b22066d4ab29d8f2d242d63f173ce147da7b202e055bf2ce8b38dfd943d5	attribute probe	retain	pa4/tests/directives/500-attribute-probe.t	File-output token stream and exit status; diagnostics ignored	PA4 105/105 in ordinary and batch mode; mixed check 2/2; original acceptance preserved; token comparison reviewed (file paths and selected reductions only)
pa5/tests/500-pragma-ignore.t	pa5/tests/500-pragma-ignore.t	9a7947f2c21d054a2fe61688641a02427e28dba4685f4bd84a5567e252bcbef4	pragma ignore	retain	pa4/tests/directives/500-pragma-ignore.t	File-output token stream and exit status; diagnostics ignored	PA4 105/105 in ordinary and batch mode; mixed check 2/2; original acceptance preserved; token comparison reviewed (file paths and selected reductions only)
pa5/tests/500-predefined-macros.t	pa5/tests/500-predefined-macros.t	53c0601b7f93c2838ee419e19d944079e88e7865d9adbf316c345542ecca1637	predefined macros	retain	pa4/tests/directives/500-predefined-macros.t	File-output token stream and exit status; diagnostics ignored	PA4 105/105 in ordinary and batch mode; mixed check 2/2; original acceptance preserved; token comparison reviewed (file paths and selected reductions only)
pa5/tests/500-tricky-join.t	pa5/tests/500-tricky-join.t	9f443103db3def33df1db3e79e96092dc7c419a166810d3a6f677ac9a4c25514	tricky join	covered elsewhere	pa4/tests/macros/500-tricky-join.t	Identical input already retained in macro group; same file interface	PA4 105/105 in ordinary and batch mode; mixed check 2/2; original acceptance preserved; token comparison reviewed (file paths and selected reductions only)
pa5/tests/501-pragma-op-ignore.t	pa5/tests/501-pragma-op-ignore.t	584707ad212e52a1eb2b40c05b01fdf74539545985aeea4fe2c6e5fea16040ce	pragma op ignore	retain	pa4/tests/directives/501-pragma-op-ignore.t	File-output token stream and exit status; diagnostics ignored	PA4 105/105 in ordinary and batch mode; mixed check 2/2; original acceptance preserved; token comparison reviewed (file paths and selected reductions only)
pa5/tests/600-line-macro.t	pa5/tests/600-line-macro.t	25318f6ae6fe395fc7b4de80a18c1a551f82800ef6a92c4fb0f4ffb67cc6b710	line macro	retain	pa4/tests/directives/600-line-macro.t	File-output token stream and exit status; diagnostics ignored	PA4 105/105 in ordinary and batch mode; mixed check 2/2; original acceptance preserved; token comparison reviewed (file paths and selected reductions only)
pa5/tests/600-pragma-op.t	pa5/tests/600-pragma-op.t	f803227aedf5adf147149fea520d8ebbe7aee3fbce2c675ab72d16f6c65d2464	pragma op	retain	pa4/tests/directives/600-pragma-op.t	File-output token stream and exit status; diagnostics ignored	PA4 105/105 in ordinary and batch mode; mixed check 2/2; original acceptance preserved; token comparison reviewed (file paths and selected reductions only)
pa5/tests/600-predefined-macro-argument-expansion.t	pa5/tests/600-predefined-macro-argument-expansion.t	d5e32af61c4192f2cddfa4d7337a37090dd94999ff0a62e40683d5b9260292a5	predefined macro argument expansion	retain	pa4/tests/directives/600-predefined-macro-argument-expansion.t	File-output token stream and exit status; diagnostics ignored	PA4 105/105 in ordinary and batch mode; mixed check 2/2; original acceptance preserved; token comparison reviewed (file paths and selected reductions only)
pa5/tests/600-recurse.t	pa5/tests/600-recurse.t	e173e68948965ff6f2fe07529074fd65cbfbf2cd6d598e5d22abfa7d0cd2460a	recurse	covered elsewhere	pa4/tests/macros/600-recurse.t	Identical input already retained in macro group; same file interface	PA4 105/105 in ordinary and batch mode; mixed check 2/2; original acceptance preserved; token comparison reviewed (file paths and selected reductions only)
pa5/tests/600-repeated-argument-expansion.t	pa5/tests/600-repeated-argument-expansion.t	717574a20d7cbc5bb5152c3f7f1a1153e9b5f66f9ebe2df40c473a8ad1b6b95e	repeated argument expansion	retain	pa4/tests/directives/600-repeated-argument-expansion.t	File-output token stream and exit status; diagnostics ignored	PA4 105/105 in ordinary and batch mode; mixed check 2/2; original acceptance preserved; token comparison reviewed (file paths and selected reductions only)
pa5/tests/610-line-macro.t	pa5/tests/610-line-macro.t	a5838077bf64af0e6f155efb013ff99bf1c14793eea9b2e3259f479d2d0f84f7	line macro	retain	pa4/tests/directives/610-line-macro.t	File-output token stream and exit status; diagnostics ignored	PA4 105/105 in ordinary and batch mode; mixed check 2/2; original acceptance preserved; token comparison reviewed (file paths and selected reductions only)
pa5/tests/650-recurse.t	pa5/tests/650-recurse.t	b3747ea384552232196e3ca6a780b42587a907e49a12c17282878aa61aef4793	recurse	covered elsewhere	pa4/tests/macros/650-recurse.t	Identical input already retained in macro group; same file interface	PA4 105/105 in ordinary and batch mode; mixed check 2/2; original acceptance preserved; token comparison reviewed (file paths and selected reductions only)
pa5/tests/660-line-directive.t	pa5/tests/660-line-directive.t	c1070da0df4825cbcf254b4648c3bbfa460e79b57b3e8534665dc43c5937ad7e	line directive	retain	pa4/tests/directives/660-line-directive.t	File-output token stream and exit status; diagnostics ignored	PA4 105/105 in ordinary and batch mode; mixed check 2/2; original acceptance preserved; token comparison reviewed (file paths and selected reductions only)
pa5/tests/700-redef-a.t	pa5/tests/700-redef-a.t	5def0e3d2cf7fd85ad0479e8f36a3f584ccf5660cab277aedec4495dc13e695b	redef a	covered elsewhere	pa4/tests/macros/700-redef-a.t	Identical input already retained in macro group; same file interface	PA4 105/105 in ordinary and batch mode; mixed check 2/2; original acceptance preserved; token comparison reviewed (file paths and selected reductions only)
pa5/tests/700-redef-q.t	pa5/tests/700-redef-q.t	1f8e124ae0a176a420bef5266c2ce355a2d1a3442d6e02559721543553306a08	redef q	covered elsewhere	pa4/tests/macros/700-redef-q.t	Identical input already retained in macro group; same file interface	PA4 105/105 in ordinary and batch mode; mixed check 2/2; original acceptance preserved; token comparison reviewed (file paths and selected reductions only)
pa5/tests/700-redef2.t	pa5/tests/700-redef2.t	d5eb92986f9295c82162a6e9a59393f344646a0bd7d9cacb79039ca74b6c8fc1	redef2	covered elsewhere	pa4/tests/macros/700-redef2.t	Identical input already retained in macro group; same file interface	PA4 105/105 in ordinary and batch mode; mixed check 2/2; original acceptance preserved; token comparison reviewed (file paths and selected reductions only)
pa5/tests/700-redeferr1.t	pa5/tests/700-redeferr1.t	70d84a0fac477aba12496723f238270fcf8d373736ed8b8d085e99581a5f992a	redeferr1	covered elsewhere	pa4/tests/macros/700-redeferr1.t	Identical input already retained in macro group; same file interface	PA4 105/105 in ordinary and batch mode; mixed check 2/2; original acceptance preserved; token comparison reviewed (file paths and selected reductions only)
pa5/tests/700-redeferr2.t	pa5/tests/700-redeferr2.t	cd0e63231b8e1034428b5cea3f18bfa60ac429a3d431d0b4e1dea83b9e2de019	redeferr2	covered elsewhere	pa4/tests/macros/700-redeferr2.t	Identical input already retained in macro group; same file interface	PA4 105/105 in ordinary and batch mode; mixed check 2/2; original acceptance preserved; token comparison reviewed (file paths and selected reductions only)
pa5/tests/700-redeferr3.t	pa5/tests/700-redeferr3.t	f757a7cbdb62bc9868678bc9bd29a6d2a3e181dcd1be6c4235e89a302216935e	redeferr3	covered elsewhere	pa4/tests/macros/700-redeferr3.t	Identical input already retained in macro group; same file interface	PA4 105/105 in ordinary and batch mode; mixed check 2/2; original acceptance preserved; token comparison reviewed (file paths and selected reductions only)
pa5/tests/700-redeferr4.t	pa5/tests/700-redeferr4.t	8c1be59c328f893117cc0c58c2ae764a231686766daa18c9bf3ce8e92878148d	redeferr4	covered elsewhere	pa4/tests/macros/700-redeferr4.t	Identical input already retained in macro group; same file interface	PA4 105/105 in ordinary and batch mode; mixed check 2/2; original acceptance preserved; token comparison reviewed (file paths and selected reductions only)
pa5/tests/700-strlit-a.t	pa5/tests/700-strlit-a.t	44f649f80252ddbb0b4de81cdbed37f7178f14b8cfc514c4097e330a6ba077f8	strlit a	covered elsewhere	pa4/tests/macros/700-strlit-a.t	Identical input already retained in macro group; same file interface	PA4 105/105 in ordinary and batch mode; mixed check 2/2; original acceptance preserved; token comparison reviewed (file paths and selected reductions only)
pa5/tests/700-strlit-a2.t	pa5/tests/700-strlit-a2.t	c77ce8d9d685f2eeb588577bbc3baebdca1458a3b6c36ca4b749fa03f54a52f1	strlit a2	covered elsewhere	pa4/tests/macros/700-strlit-a2.t	Identical input already retained in macro group; same file interface	PA4 105/105 in ordinary and batch mode; mixed check 2/2; original acceptance preserved; token comparison reviewed (file paths and selected reductions only)
pa5/tests/700-strlit-q.t	pa5/tests/700-strlit-q.t	33869f90f7b485daad7c583cfb4d4842fb67daa023c3b772b597aa1efed9a558	strlit q	covered elsewhere	pa4/tests/macros/700-strlit-q.t	Identical input already retained in macro group; same file interface	PA4 105/105 in ordinary and batch mode; mixed check 2/2; original acceptance preserved; token comparison reviewed (file paths and selected reductions only)
pa5/tests/800-placemarker-a.t	pa5/tests/800-placemarker-a.t	7d0b897b4efd655c9f8c1d1e67b1c707a4e08aa4e0bcfc8fcee74835fd2d06d7	placemarker a	covered elsewhere	pa4/tests/macros/800-placemarker-a.t	Identical input already retained in macro group; same file interface	PA4 105/105 in ordinary and batch mode; mixed check 2/2; original acceptance preserved; token comparison reviewed (file paths and selected reductions only)
pa5/tests/800-placemarker-q.t	pa5/tests/800-placemarker-q.t	d84e9cad118fbf6a0e7d6a4592466ab685ff0e117a80f3d7da5207609d5d6708	placemarker q	covered elsewhere	pa4/tests/macros/800-placemarker-q.t	Identical input already retained in macro group; same file interface	PA4 105/105 in ordinary and batch mode; mixed check 2/2; original acceptance preserved; token comparison reviewed (file paths and selected reductions only)
pa5/tests/800-pragma-once.t	pa5/tests/800-pragma-once.t	b93bd8126d2c2ac5d75f49b14dfd26f2a0e0b2876b23c59d8ea78df3226ec9b0	pragma once	retain	pa4/tests/directives/800-pragma-once.t	File-output token stream and exit status; diagnostics ignored	PA4 105/105 in ordinary and batch mode; mixed check 2/2; original acceptance preserved; token comparison reviewed (file paths and selected reductions only)
pa5/tests/850-varargs-a.t	pa5/tests/850-varargs-a.t	ece15032bc750ac46698ee6f22d81318ad609d4b0acf0c045f29dfbcf21fb67d	varargs a	covered elsewhere	pa4/tests/macros/850-varargs-a.t	Identical input already retained in macro group; same file interface	PA4 105/105 in ordinary and batch mode; mixed check 2/2; original acceptance preserved; token comparison reviewed (file paths and selected reductions only)
pa5/tests/850-varargs-q.t	pa5/tests/850-varargs-q.t	fd086718b1159afbd4bab69b8626797358f4719fccde67158db440a59a223105	varargs q	covered elsewhere	pa4/tests/macros/850-varargs-q.t	Identical input already retained in macro group; same file interface	PA4 105/105 in ordinary and batch mode; mixed check 2/2; original acceptance preserved; token comparison reviewed (file paths and selected reductions only)
pa5/tests/900-recurse.t	pa5/tests/900-recurse.t	68c4412fe3e458770eb36970e9986f606599aaa7d13fe6d168816a68c476c2fc	recurse	covered elsewhere	pa4/tests/macros/900-recurse.t	Identical input already retained in macro group; same file interface	PA4 105/105 in ordinary and batch mode; mixed check 2/2; original acceptance preserved; token comparison reviewed (file paths and selected reductions only)
pa5/tests/910-recurse2.t	pa5/tests/910-recurse2.t	6b107038970a4511777758bb88b4a638ee58dd198dc48faef829c2e834212d49	recurse2	covered elsewhere	pa4/tests/macros/910-recurse2.t	Identical input already retained in macro group; same file interface	PA4 105/105 in ordinary and batch mode; mixed check 2/2; original acceptance preserved; token comparison reviewed (file paths and selected reductions only)
pa6/tests/100-empty.t	pa6/tests/100-empty.t	cc466b1e311f95fb14ffda52ba155a924add5a6625596d0eb2e0d9d1f8671e70	empty	covered elsewhere	pa5/tests/spec/100-empty.t	Structured AST of the relevant syntax already exercised	Reviewed AST intake (including ambiguity, pack constructors, and operator/template boundaries); PA10 195/195 ordinary and 9/9 focused batch checks
pa6/tests/100-main.t	pa6/tests/100-main.t	8b980ee08b6d16f7d4532dfaae3b41ed3e2a723b1a80b943316abc7fd357b9f4	main	covered elsewhere	pa5/tests/spec/100-main.t	Structured AST of the relevant syntax already exercised	Reviewed AST intake (including ambiguity, pack constructors, and operator/template boundaries); PA10 195/195 ordinary and 9/9 focused batch checks
pa6/tests/101-bad.t	pa6/tests/101-bad.t	f672eda6bde068ea8b35f4f8dbb342c435ae4aa76f6a86bb637506c19b91d32e	bad	retire		Invalid token negative is already covered by tokenization; no recognizer parity requirement	Syntax-contract review; no required diagnostic parity
pa6/tests/120-primary.t	pa6/tests/120-primary.t	06d6fb4ff868eded9554b2d5ea029a93c085af7ea44573bc72bc216ed6301f78	primary	covered elsewhere	pa5/tests/general/100-new-delete-traits.t;pa5/tests/general/200-builtin-function-style-cast-expression.t;pa5/tests/general/200-qualified-member-comparison-template-arg.t;pa5/tests/general/200-qualified-call-member-body.t	Existing ASTs cover literals, parentheses and this; allocation case now includes a nullptr initializer. No separate primary-expression survey.	Assertion/reference review against general and spec suites; destinations pass ordinary and batch checks with strict LowIR comparison (144-root pass, then three changed declaration cases rechecked after four further duplicate removals)
pa6/tests/121-id-expression.t	pa6/tests/121-id-expression.t	9193515aed9506aea9d8255cb1a7ad287d26522911a4dde2c2716ab9c5aaaccd	id expression	reduce/split	pa5/tests/general/200-overloadable-operator-ids.t;pa5/tests/general/100-qualified-id-call.t	One operator-name family case covers standalone operator ids; existing AST covers global and namespace-qualified ids.	Assertion/reference review against general and spec suites; destinations pass ordinary and batch checks with strict LowIR comparison (144-root pass, then three changed declaration cases rechecked after four further duplicate removals)
pa6/tests/122-lambda.t	pa6/tests/122-lambda.t	bbf2322420fd2c846ce2635cb17446c49ee1b15e4cf22b5a654ea5f6d3f0635b	lambda	covered elsewhere	pa5/tests/general/200-lambda-capture-forms.t;pa5/tests/general/200-lambda-declarator.t	Structured AST of the relevant syntax already exercised	Reviewed AST intake (including ambiguity, pack constructors, and operator/template boundaries); PA10 195/195 ordinary and 9/9 focused batch checks
pa6/tests/130-postfix-suffix.t	pa6/tests/130-postfix-suffix.t	23109325fcf3f258b62c0efaa53132ac25b714cc5dea2aba5c2e63de59db8c55	postfix suffix	reduce/split	pa5/tests/general/200-postfix-template-suffixes.t;pa5/tests/general/100-for-postfix.t;pa5/tests/general/100-inc.t	Retain braced subscript, dot/arrow explicit template suffixes and dependent pseudo-destructor calls; ordinary calls, indexing and increments already covered.	Assertion/reference review against general and spec suites; destinations pass ordinary and batch checks with strict LowIR comparison (144-root pass, then three changed declaration cases rechecked after four further duplicate removals)
pa6/tests/130-postfix.t	pa6/tests/130-postfix.t	b91cbb59c52820fc7a69cc69c0a86f5d2c084dc29e478a98bd565ac8443db6ae	postfix	reduce/split	pa5/tests/general/200-casts-typeid-construction.t;pa5/tests/general/100-structured-type-id.t;pa5/tests/general/200-inline-namespace-template-visibility-base.t;pa5/tests/general/200-builtin-function-style-cast-expression.t;pa5/tests/general/100-new-delete-traits.t	Retain const/reinterpret casts and dependent typename construction; static/dynamic casts, builtin conversion and typeid already covered. Invalid int{2,3,4} form removed.	Assertion/reference review against general and spec suites; destinations pass ordinary and batch checks with strict LowIR comparison (144-root pass, then three changed declaration cases rechecked after four further duplicate removals)
pa6/tests/131-unary-expresion.t	pa6/tests/131-unary-expresion.t	e9c2862aea839fe86a2aa62d84dfe8cbb58cb8f511ed46110986476a8683be66	unary expresion	reduce/split	pa5/tests/general/100-unary-forms.t;pa5/tests/general/100-new-delete-traits.t;pa5/tests/general/200-nested-unary-call-arguments.t;pa5/tests/general/200-placement-new-pack-init.t;pa5/tests/general/200-conditional-simple-type-shift-return.t	Retain pack sizeof, prefix decrement and unary operands; existing ASTs cover pointer operators, traits and allocation. Existing delete case extended with global qualification.	Assertion/reference review against general and spec suites; destinations pass ordinary and batch checks with strict LowIR comparison (144-root pass, then three changed declaration cases rechecked after four further duplicate removals)
pa6/tests/140-cast-expression.t	pa6/tests/140-cast-expression.t	af03ea3ff4b98fda91f7453d96dd1e68a563ece07e90ad7d3b968319396b89f2	cast expression	covered elsewhere	pa5/tests/general/100-c-style-cast-expression.t;pa5/tests/spec/300-type-id-expression-contexts.t	Structured AST of the relevant syntax already exercised	Reviewed AST intake (including ambiguity, pack constructors, and operator/template boundaries); PA10 195/195 ordinary and 9/9 focused batch checks
pa6/tests/150-assignment.t	pa6/tests/150-assignment.t	e579a34af8f7659f381212d626910a13e0558cde2477871d7331d4d684061e99	assignment	retain	pa5/tests/general/100-compound-assignments.t	Structured AST; explicit declaration/template context where needed, no old OK/BAD format	Reviewed AST intake (including ambiguity, pack constructors, and operator/template boundaries); PA10 195/195 ordinary and 9/9 focused batch checks
pa6/tests/150-attributes.t	pa6/tests/150-attributes.t	f61a4f4865ae125793e8dbe049816aa783f2085a0c80526497e3478da08e4562	attributes	reduce/split	pa5/tests/general/100-balanced-attributes.t;pa5/tests/general/100-class-alignas-after-class-key.t	Balanced unknown attributes and valid class alignas; invalid alignas-only declaration retired	Reviewed AST intake (including ambiguity, pack constructors, and operator/template boundaries); PA10 195/195 ordinary and 9/9 focused batch checks
pa6/tests/150-bare-label-statement.t	pa6/tests/150-bare-label-statement.t	c744d08355ca2635edc742b823401e55f736e33ad1a32aaf67871f63cfcdfa31	bare label statement	retire		Bare terminal label is invalid syntax in the course revision; redundant negative retired	Syntax-contract review; no required diagnostic parity
pa6/tests/150-goto.t	pa6/tests/150-goto.t	01e7372ae09ebee992ca30acf0195a3870a62d05b7dd9eff3f789d711b87851a	goto	covered elsewhere	pa5/tests/spec/100-switch-try.t	Structured AST of the relevant syntax already exercised	Reviewed AST intake (including ambiguity, pack constructors, and operator/template boundaries); PA10 195/195 ordinary and 9/9 focused batch checks
pa6/tests/150-jump-statement.t	pa6/tests/150-jump-statement.t	41adf56f9bede194131b0f770839244a47d13674d627ccd6eccaaf1c77e30807	jump statement	reduce/split	pa5/tests/general/200-braced-return.t;pa5/tests/spec/100-switch-try.t	Braced/empty returns retained; existing switch/loop/goto AST covers other jumps	Reviewed AST intake (including ambiguity, pack constructors, and operator/template boundaries); PA10 195/195 ordinary and 9/9 focused batch checks
pa6/tests/150-pm-expression.t	pa6/tests/150-pm-expression.t	2a380b7cc66caa55aee21398b67c9d5767640c6a41de01278083a99c3b399b17	pm expression	covered elsewhere	pa5/tests/general/100-operators-pm.t	Structured AST of the relevant syntax already exercised	Reviewed AST intake (including ambiguity, pack constructors, and operator/template boundaries); PA10 195/195 ordinary and 9/9 focused batch checks
pa6/tests/150-statement.t	pa6/tests/150-statement.t	4821f642a3f82562cea4720d6013454e0b476bc66797a88fec0e893cb1ab736c	statement	reduce/split	pa5/tests/general/100-control-statement-forms.t;pa5/tests/spec/100-switch-try.t;pa5/tests/general/100-for-postfix.t;pa5/tests/general/100-while-assign.t	Addition reduced to dangling-else association and range-for; existing cases cover switch, jumps and ordinary loops.	Assertion/reference review against general and spec suites; destinations pass ordinary and batch checks with strict LowIR comparison (144-root pass, then three changed declaration cases rechecked after four further duplicate removals)
pa6/tests/180-linkage.t	pa6/tests/180-linkage.t	9a455e47916995cb4879a12e6b7558f33e29029b74e2394aa341f3597ce224d8	linkage	covered elsewhere	pa5/tests/general/100-extern-cxx-linkage.t;pa5/tests/general/200-extern-c-class-declaration.t	Structured AST of the relevant syntax already exercised	Reviewed AST intake (including ambiguity, pack constructors, and operator/template boundaries); PA10 195/195 ordinary and 9/9 focused batch checks
pa6/tests/200-binops.t	pa6/tests/200-binops.t	9b8c989b949b4f4763632f3bc6bf36377b2771a91ac7551d9feb7aec3adf1126	binops	reduce/split	pa5/tests/general/100-binary-precedence.t;pa5/tests/general/100-operators-pm.t;pa5/tests/general/100-rshift-piece-normalization.t	Retain mixed precedence/associativity trees; remove standalone operator samples already exercised in expression ASTs.	Assertion/reference review against general and spec suites; destinations pass ordinary and batch checks with strict LowIR comparison (144-root pass, then three changed declaration cases rechecked after four further duplicate removals)
pa6/tests/200-new-parenthesized-type-id.t	pa6/tests/200-new-parenthesized-type-id.t	58bdc83cbe0ac5f3420cff352e85b88b2cb3e73a5dc6f4e54e903c54665729cd	new parenthesized type id	reduce/split	pa5/tests/general/200-parenthesized-new-type-vs-placement.t	Existing new-expression ambiguity case extended with a parenthesized pointer type and value initializer.	Assertion/reference review against general and spec suites; destinations pass ordinary and batch checks with strict LowIR comparison (144-root pass, then three changed declaration cases rechecked after four further duplicate removals)
pa6/tests/200-operator-delete-id.t	pa6/tests/200-operator-delete-id.t	2523f87ac9600fbc1d743bcaf5ca00c3e5fba562147610d90bab66055a24d32b	operator delete id	covered elsewhere	pa5/tests/general/200-overloadable-operator-ids.t	Standalone delete id shares the operator-name family case; allocation/deallocation definitions also exist.	Assertion/reference review against general and spec suites; destinations pass ordinary and batch checks with strict LowIR comparison (144-root pass, then three changed declaration cases rechecked after four further duplicate removals)
pa6/tests/200-operator-function-ids.t	pa6/tests/200-operator-function-ids.t	45a96bd04e1df54c0985f379bbb8e8e3551fd2c060183508d060b769939b2d39	operator function ids	reduce/split	pa5/tests/general/200-overloadable-operator-ids.t	Single operator-name family AST case; do not add a second overlapping operator-id survey.	Assertion/reference review against general and spec suites; destinations pass ordinary and batch checks with strict LowIR comparison (144-root pass, then three changed declaration cases rechecked after four further duplicate removals)
pa6/tests/201-condexpr.t	pa6/tests/201-condexpr.t	3f459d78158a679f29e28535d92588b8c5d00eac4d9f1b5055a7ca6189d200e1	condexpr	reduce/split	pa5/tests/general/100-conditional-associativity.t;pa5/tests/general/100-conditional-sizeof.t	Retain nested conditional association and assignment third operand; simple conditional already covered.	Assertion/reference review against general and spec suites; destinations pass ordinary and batch checks with strict LowIR comparison (144-root pass, then three changed declaration cases rechecked after four further duplicate removals)
pa6/tests/250-decl-specifiers-without-type.t	pa6/tests/250-decl-specifiers-without-type.t	9e4940ddc3c089540996486c29b5a597ba434f69e9c8e1ca00336ed7546ba41b	decl specifiers without type	retire		Permissive acceptance of declarations without a type is obsolete	Syntax-contract review; no required diagnostic parity
pa6/tests/250-decl.t	pa6/tests/250-decl.t	735d7145ef6a722de34505a35ed6cdfe4b048b2361ed7316321c72ecd4a38c36	decl	covered elsewhere	pa5/tests/spec/100-namespace-forms.t;pa5/tests/general/200-namespace-alias-using-directive-imported-template-id-type.t;pa5/tests/spec/100-template-class.t	Structured AST of the relevant syntax already exercised; obsolete assembly grammar fragment retired	Reviewed AST intake (including ambiguity, pack constructors, and operator/template boundaries); PA10 195/195 ordinary and 9/9 focused batch checks
pa6/tests/250-member-function-trailing-semicolon.t	pa6/tests/250-member-function-trailing-semicolon.t	b45bd4dfa7e78f90cd719a484dfeb23dfbd1f1a97fe155f3ffaef19437504573	member function trailing semicolon	reduce/split	pa5/tests/general/100-member-declarations.t	Extra semicolon after an inline member definition added to the existing class-member AST case.	Assertion/reference review against general and spec suites; destinations pass ordinary and batch checks with strict LowIR comparison (144-root pass, then three changed declaration cases rechecked after four further duplicate removals)
pa6/tests/250-member-uniform-initializer.t	pa6/tests/250-member-uniform-initializer.t	7a26c574c73e49eb8d0df0221d700b5c626dc37aeae69dad2a1d93ce6db485f5	member uniform initializer	reduce/split	pa5/tests/general/100-member-declarations.t	Braced nonstatic member initializer added to the existing class-member AST case.	Assertion/reference review against general and spec suites; destinations pass ordinary and batch checks with strict LowIR comparison (144-root pass, then three changed declaration cases rechecked after four further duplicate removals)
pa6/tests/250-named-bitfield-expression.t	pa6/tests/250-named-bitfield-expression.t	cf3522b03b7c5f643c522772f0782dd5b8d8eecbcf7778f04623762afb7e9c58	named bitfield expression	reduce/split	pa5/tests/spec/200-bit-field-declaration.t	Existing bit-field case extended with a conditional width, preserving both colon roles in the AST.	Assertion/reference review against general and spec suites; destinations pass ordinary and batch checks with strict LowIR comparison (144-root pass, then three changed declaration cases rechecked after four further duplicate removals)
pa6/tests/260-declarator.t	pa6/tests/260-declarator.t	f2f87097863003abc0978dc168fbd47c3d868119e0f1698c302ef68737747fe0	declarator	reduce/split	pa5/tests/general/100-pointer-cv-qualifier.t;pa5/tests/general/100-decl-initializers.t;pa5/tests/spec/100-nested-declarator.t	Existing pointer-cv case extended with volatile pointee and const/volatile pointer levels; initializer and nested-pointer ASTs already covered.	Assertion/reference review against general and spec suites; destinations pass ordinary and batch checks with strict LowIR comparison (144-root pass, then three changed declaration cases rechecked after four further duplicate removals)
pa6/tests/270-typeid.t	pa6/tests/270-typeid.t	7425c019d9a60e253777b2d77c153d433ac8ea4c592db88b1026951b9097df09	typeid	reduce/split	pa5/tests/general/100-member-declarations.t	Pure-specifier after a pointer-returning member function declarator added to the existing class-member AST case.	Assertion/reference review against general and spec suites; destinations pass ordinary and batch checks with strict LowIR comparison (144-root pass, then three changed declaration cases rechecked after four further duplicate removals)
pa6/tests/300-empty-case-expression-bad.t	pa6/tests/300-empty-case-expression-bad.t	d6b385591e756c11025d0ad3585a488db02942ff1eacffdea7c589f7d563dd27	empty case expression bad	retire		Invalid switch syntax negative retired; existing parser rejection surface retained	Syntax-contract review; no required diagnostic parity
pa6/tests/300-enum.t	pa6/tests/300-enum.t	e8b7b0ce291c8b0429027aad946b51d40a4134142b260af44b01280ad58af837	enum	covered elsewhere	pa5/tests/spec/100-enum.t	Structured AST of the relevant syntax already exercised	Reviewed AST intake (including ambiguity, pack constructors, and operator/template boundaries); PA10 195/195 ordinary and 9/9 focused batch checks
pa6/tests/300-invalid-token-balanced-scan-bad.t	pa6/tests/300-invalid-token-balanced-scan-bad.t	53917bcc065309b561ab5fd3880b8dbedd020537fc893278695d288e34f6e578	invalid token balanced scan bad	retire		Invalid token negative adds no structured syntax assertion	Syntax-contract review; no required diagnostic parity
pa6/tests/300-lambda.t	pa6/tests/300-lambda.t	917a2a7bfd6cac46b72570afea3a5e19dda54383f0218edd14c5a727c6f70a0f	lambda	covered elsewhere	pa5/tests/general/100-lambda-cast.t;pa5/tests/general/200-lambda-declarator.t	Structured AST of the relevant syntax already exercised; invalid auto nonstatic-member context retired	Reviewed AST intake (including ambiguity, pack constructors, and operator/template boundaries); PA10 195/195 ordinary and 9/9 focused batch checks
pa6/tests/300-try-without-handler-bad.t	pa6/tests/300-try-without-handler-bad.t	2aa60fc0f019914ec83d595c500c87412ed3074e84710d9af9cdb885138d495f	try without handler bad	retire		Invalid try syntax negative retired; valid handlers tested in spec/100-switch-try	Syntax-contract review; no required diagnostic parity
pa6/tests/400-dots.t	pa6/tests/400-dots.t	8fe3fea58edfebec63a359586e4f2a46540446b1233d775ca69678bfb0d1daf4	dots	reduce/split	pa5/tests/general/200-pack-base-initializers.t	Structured AST; explicit declaration/template context where needed, no old OK/BAD format	Reviewed AST intake (including ambiguity, pack constructors, and operator/template boundaries); PA10 195/195 ordinary and 9/9 focused batch checks
pa6/tests/400-ellipsis-without-comma.t	pa6/tests/400-ellipsis-without-comma.t	b6957ef75f1b81b5a8b3b676e32d3d59595e700d4a99d131f3a79728611aa27f	ellipsis without comma	reduce/split	pa5/tests/general/100-function-traits.t	Existing variadic function case extended with the optional-comma parameter-clause spelling.	Assertion/reference review against general and spec suites; destinations pass ordinary and batch checks with strict LowIR comparison (144-root pass, then three changed declaration cases rechecked after four further duplicate removals)
pa6/tests/400-exceptions.t	pa6/tests/400-exceptions.t	2043c2b992dfd04f090f3bbdf93eae7279bf22b5fda9adb45116a6ea4aba92b7	exceptions	reduce/split	pa5/tests/general/200-function-try-and-exception-declarators.t;pa5/tests/general/200-function-throw-typed-specification.t;pa5/tests/general/200-function-virt-and-noexcept-suffixes.t	Retain free function-try body and exception specifications nested in pointer/parameter declarators; ordinary throw/noexcept suffixes already covered.	Assertion/reference review against general and spec suites; destinations pass ordinary and batch checks with strict LowIR comparison (144-root pass, then three changed declaration cases rechecked after four further duplicate removals)
pa6/tests/450-template.t	pa6/tests/450-template.t	e78609ca8345f3920e23d2c45cb2322ea834a8c035e25c3ca37f1df136ce2847	template	covered elsewhere	pa5/tests/spec/100-template-class.t;pa5/tests/general/200-template-function-body.t;pa5/tests/spec/200-explicit-specialization-syntax.t	Structured AST of the relevant syntax already exercised	Reviewed AST intake (including ambiguity, pack constructors, and operator/template boundaries); PA10 195/195 ordinary and 9/9 focused batch checks
pa6/tests/500-closing-angle-bracket-bad1.t	pa6/tests/500-closing-angle-bracket-bad1.t	783de188a6009da403b6ba5da0f45f2ff61ccdcab5f46c6fee072b523b8ccd07	closing angle bracket bad1	retire		Invalid mock-name angle syntax negative retired	Syntax-contract review; no required diagnostic parity
pa6/tests/500-closing-angle-bracket-bad2.t	pa6/tests/500-closing-angle-bracket-bad2.t	959582a714d3635b0d9e7b32c090f1ae1284b9620a2020b6a8f6555b0e69f2eb	closing angle bracket bad2	retire		Invalid mock-name angle syntax negative retired	Syntax-contract review; no required diagnostic parity
pa6/tests/500-closing-angle-bracket.t	pa6/tests/500-closing-angle-bracket.t	e63deb86a64770721abfb5f8b694c66f6e1cd0e6c88414f873725ad479201cff	closing angle bracket	reduce/split	pa5/tests/general/300-nested-angle-and-shift.t;pa5/tests/general/200-mock-template-name-angle-forms.t;pa5/tests/general/100-template-argument-paren-greater-nested.t	Retain right shift inside a parenthesized argument nested next to closing angles; ordinary nested angles and parenthesized greater-than already covered.	Assertion/reference review against general and spec suites; destinations pass ordinary and batch checks with strict LowIR comparison (144-root pass, then three changed declaration cases rechecked after four further duplicate removals)
pa6/tests/500-deep-template-argument-failure-bad.t	pa6/tests/500-deep-template-argument-failure-bad.t	7ab34d00fb998cb353ef649e907f4a5782a843084770857fc879cb2f3ab6c6d4	deep template argument failure bad	retire		Malformed extreme nesting does not define a student resource or algorithm requirement	Syntax-contract review; no required diagnostic parity
pa6/tests/500-nested-template-delimiter-context.t	pa6/tests/500-nested-template-delimiter-context.t	e7b276b10cd91f8a8981c54c60e9ef4bec0de02cf30c572f71eec75d5d50fc2a	nested template delimiter context	reduce/split	pa5/tests/general/300-value-comparisons-in-template-arguments.t	Structured AST; explicit declaration/template context where needed, no old OK/BAD format	Reviewed AST intake (including ambiguity, pack constructors, and operator/template boundaries); PA10 195/195 ordinary and 9/9 focused batch checks
pa6/tests/500-operator-template-angle-boundary.t	pa6/tests/500-operator-template-angle-boundary.t	33e1e26b563a345921c105cb3ce758f47a1451d4fc2a7d90d80a0105c5695c42	operator template angle boundary	reduce/split	pa5/tests/general/300-operator-template-calls.t	Structured AST; explicit declaration/template context where needed, no old OK/BAD format	Reviewed AST intake (including ambiguity, pack constructors, and operator/template boundaries); PA10 195/195 ordinary and 9/9 focused batch checks
pa6/tests/500-template-name-angle-commit-bad.t	pa6/tests/500-template-name-angle-commit-bad.t	4fcba6a7c31e0efe1be90ef6eda33533faebec169ce6350541ee8c9554ea69c5	template name angle commit bad	reduce/split	pa5/tests/general/300-declared-value-with-template-marker.t	Structured AST; explicit declaration/template context where needed, no old OK/BAD format	Reviewed AST intake (including ambiguity, pack constructors, and operator/template boundaries); PA10 195/195 ordinary and 9/9 focused batch checks
pa6/tests/600-ambig-68.t	pa6/tests/600-ambig-68.t	7acef6e7053c53bc37d36cad171faf05679ffcfeaba6c1bdeeedc0eba9c98f8f	ambig 68	reduce/split	pa5/tests/general/300-declaration-expression-intake.t	Structured AST; explicit declaration/template context where needed, no old OK/BAD format	Reviewed AST intake (including ambiguity, pack constructors, and operator/template boundaries); PA10 195/195 ordinary and 9/9 focused batch checks
pa6/tests/700-ambig-82.t	pa6/tests/700-ambig-82.t	e7ab3788bde32d9849e4aefe91c7e389d37b967f162eb125399a7a4de1197401	ambig 82	reduce/split	pa5/tests/general/300-function-object-ambiguity.t	Structured AST; explicit declaration/template context where needed, no old OK/BAD format	Reviewed AST intake (including ambiguity, pack constructors, and operator/template boundaries); PA10 195/195 ordinary and 9/9 focused batch checks
pa7/tests/100-empty-decl.t	pa7/tests/100-empty-decl.t	e6e70957c2dc05969162ee7227d611741ff5567877f2cc6bd961139aa045c6a4	empty decl	covered elsewhere	pa5/tests/spec/100-empty-decl.t	Existing AST observes standalone empty declaration; no duplicate semantic or mock-image assertion.	Assertion/reference review against general and spec suites; destinations pass ordinary and batch checks with strict LowIR comparison (144-root pass, then three changed declaration cases rechecked after four further duplicate removals)
pa7/tests/100-empty.t	pa7/tests/100-empty.t	0433adea66b77f9c185ce4fa898af4f17d889b2df78a26b24ff0f1df151783ae	empty	covered elsewhere	pa6/tests/spec/100-empty.t	Resolved bindings and type formation already covered; no old namespace dump formatting	PA11 111/111 and PA12 186/186 batch; source/canonical function parameter views reviewed; original variable type sets agree except documented unknown-bound spelling and reduced stress fixtures
pa7/tests/110-namespace.t	pa7/tests/110-namespace.t	0d8b3ed8b37c03f5512aa50a7386c5bf14aa3556ea6b48d4d537f9d4b035d1af	namespace	covered elsewhere	pa6/tests/general/100-namespace-reopen.t;pa6/tests/spec/100-namespace.t	Resolved bindings and type formation already covered; no old namespace dump formatting	PA11 111/111 and PA12 186/186 batch; source/canonical function parameter views reviewed; original variable type sets agree except documented unknown-bound spelling and reduced stress fixtures
pa7/tests/120-namespace-special.t	pa7/tests/120-namespace-special.t	89088196907f4996cbba4f0d3bd5d1ab3846b519924537ebc1a969013c57eb9b	namespace special	covered elsewhere	pa6/tests/general/100-anonymous-namespace-lookup.t;pa6/tests/general/100-inline-and-anonymous-using.t	Named/unnamed inline scopes and anonymous namespace reopening share the lookup cases; empty scope-only survey adds no binding observation.	Assertion/reference review against general and spec suites; destinations pass ordinary and batch checks with strict LowIR comparison (144-root pass, then three changed declaration cases rechecked after four further duplicate removals)
pa7/tests/130-simple-type-specifiers.t	pa7/tests/130-simple-type-specifiers.t	09c598a1a72f147f36e3cc3ae2235313c10fd2a2181ffac74398278013a7ba4e	simple type specifiers	retain	pa6/tests/general/100-fundamental-type-combinations.t	Scope/type dump resolves the declared bindings; no initialization image needed	PA11 111/111 and PA12 186/186 batch; source/canonical function parameter views reviewed; original variable type sets agree except documented unknown-bound spelling and reduced stress fixtures
pa7/tests/140-declarators.t	pa7/tests/140-declarators.t	43016f2d9aa275ca44aa176268b64c2d0f1a05ab9b359ca7c87d7a1cf0b56abf	declarators	retain	pa6/tests/general/200-composed-declarators.t	Scope/type dump resolves the declared bindings; no initialization image needed	PA11 111/111 and PA12 186/186 batch; source/canonical function parameter views reviewed; original variable type sets agree except documented unknown-bound spelling and reduced stress fixtures
pa7/tests/150-lookup.t	pa7/tests/150-lookup.t	734ad147339035f91f8e8098a702cab883765f6a0fcf799c10860d7dc995d1bd	lookup	retain	pa6/tests/general/100-lexical-type-shadowing.t	Scope/type dump resolves the declared bindings; no initialization image needed	PA11 111/111 and PA12 186/186 batch; source/canonical function parameter views reviewed; original variable type sets agree except documented unknown-bound spelling and reduced stress fixtures
pa7/tests/190-namespace.t	pa7/tests/190-namespace.t	8f9a7c3bba179cfe270acf8b36b368c8d6aeefe4399e56caf9b67eee386d521d	namespace	covered elsewhere	pa6/tests/spec/100-qualified-type-lookup.t	Resolved bindings and type formation already covered; no old namespace dump formatting	PA11 111/111 and PA12 186/186 batch; source/canonical function parameter views reviewed; original variable type sets agree except documented unknown-bound spelling and reduced stress fixtures
pa7/tests/200-using-directive-anchor-nested.t	pa7/tests/200-using-directive-anchor-nested.t	b1c53fc4fe273bddc955a1061d4c8f1d58b316b99bb1f0beafeb79bb240c0d92	using directive anchor nested	retain	pa6/tests/general/200-using-directive-anchor-nested.t	Scope/type dump resolves the declared bindings; no initialization image needed	PA11 111/111 and PA12 186/186 batch; source/canonical function parameter views reviewed; original variable type sets agree except documented unknown-bound spelling and reduced stress fixtures
pa7/tests/200-using-directive-anchor-sibling.t	pa7/tests/200-using-directive-anchor-sibling.t	f47726a3c0aa58e66da19b0287a020f75c35a3680160faafdeabd2530b78b296	using directive anchor sibling	retain	pa6/tests/general/200-using-directive-anchor-sibling.t	Scope/type dump resolves the declared bindings; no initialization image needed	PA11 111/111 and PA12 186/186 batch; source/canonical function parameter views reviewed; original variable type sets agree except documented unknown-bound spelling and reduced stress fixtures
pa7/tests/200-using-directive-transitive-extension.t	pa7/tests/200-using-directive-transitive-extension.t	d32217b0a3ccf49a9a106eb637c993a38387a79b17fe3190383d3486f108fb5a	using directive transitive extension	retain	pa6/tests/general/200-using-directive-transitive-extension.t	Scope/type dump resolves the declared bindings; no initialization image needed	PA11 111/111 and PA12 186/186 batch; source/canonical function parameter views reviewed; original variable type sets agree except documented unknown-bound spelling and reduced stress fixtures
pa7/tests/200-using-directives.t	pa7/tests/200-using-directives.t	3d2f6b7c25261a704f1d2ab10e6a7d588e976809d0b51d200c62dd7087afd64f	using directives	covered elsewhere	pa6/tests/spec/100-using-directive.t	Resolved bindings and type formation already covered; no old namespace dump formatting	PA11 111/111 and PA12 186/186 batch; source/canonical function parameter views reviewed; original variable type sets agree except documented unknown-bound spelling and reduced stress fixtures
pa7/tests/220-namespace-alias.t	pa7/tests/220-namespace-alias.t	32102f36e8f69c1f1b5f4a659ec7187bf2123b1a375c3feac63778d08be287cf	namespace alias	covered elsewhere	pa6/tests/spec/100-namespace-alias.t	Resolved bindings and type formation already covered; no old namespace dump formatting	PA11 111/111 and PA12 186/186 batch; source/canonical function parameter views reviewed; original variable type sets agree except documented unknown-bound spelling and reduced stress fixtures
pa7/tests/220-namespace-name-lookup-shadowing.t	pa7/tests/220-namespace-name-lookup-shadowing.t	13fe3fab19f6ff7430dddf7367a73e74e7389dba0085477f1070383c1b646e69	namespace name lookup shadowing	retain	pa6/tests/general/200-namespace-name-lookup-shadowing.t	Scope/type dump resolves the declared bindings; no initialization image needed	PA11 111/111 and PA12 186/186 batch; source/canonical function parameter views reviewed; original variable type sets agree except documented unknown-bound spelling and reduced stress fixtures
pa7/tests/230-outer-inner.t	pa7/tests/230-outer-inner.t	12d7415c82ae2a645b18b8d8ed753bd49a1b33b3d3012ecb7ee37eff886f4fae	outer inner	retain	pa6/tests/general/100-declaration-point-shadowing.t	Scope/type dump resolves the declared bindings; no initialization image needed	PA11 111/111 and PA12 186/186 batch; source/canonical function parameter views reviewed; original variable type sets agree except documented unknown-bound spelling and reduced stress fixtures
pa7/tests/240-unnamed.t	pa7/tests/240-unnamed.t	a1b631979943e7ff696ac1c7222150621bd3b774154e1547b7d99d06fbc336e4	unnamed	retain	pa6/tests/general/100-anonymous-namespace-lookup.t	Anonymous namespace types participate in enclosing lookup and survive reopening; nested anonymous declarations resolve to the intended namespace.	Assertion/reference review against general and spec suites; destinations pass ordinary and batch checks with strict LowIR comparison (144-root pass, then three changed declaration cases rechecked after four further duplicate removals)
pa7/tests/250-outside-def.t	pa7/tests/250-outside-def.t	76df48a2321919969c92f5f51954a8348b14594ce24bd1cb00d34adc172713a0	outside def	covered elsewhere	pa6/tests/general/300-declaration-forms-valid.t	Existing positive control defines an inner namespace object from its enclosing namespace and observes its resolved binding.	Assertion/reference review against general and spec suites; destinations pass ordinary and batch checks with strict LowIR comparison (144-root pass, then three changed declaration cases rechecked after four further duplicate removals)
pa7/tests/260-double-alias.t	pa7/tests/260-double-alias.t	aff933070302a8efc5e8fe81cb3ba12c36690b0fb7f3cd1e18e814976dc9a845	double alias	reduce/split	pa6/tests/general/300-declaration-forms-valid.t	Existing repeated-alias control extended with a self-naming redeclaration after the alias already exists.	Assertion/reference review against general and spec suites; destinations pass ordinary and batch checks with strict LowIR comparison (144-root pass, then three changed declaration cases rechecked after four further duplicate removals)
pa7/tests/270-using-declaration-reuse.t	pa7/tests/270-using-declaration-reuse.t	6b18d041ad884cf94f68cc94bff8955eb46cb7422dc68f33a3e426317c79b7d3	using declaration reuse	covered elsewhere	pa6/tests/spec/100-using-declaration.t;pa6/tests/general/200-using-declaration-values.t	Existing type and value imports observe the actual bindings. Old W2 scope never used the imported value, so it provided no additional transitive-lookup assertion.	Assertion/reference review against general and spec suites; destinations pass ordinary and batch checks with strict LowIR comparison (144-root pass, then three changed declaration cases rechecked after four further duplicate removals)
pa7/tests/270-using-declaration.t	pa7/tests/270-using-declaration.t	0a7a2933eebf55020bb66135f3d7632fb8c83f6b64f45312546ac370d10a6d4c	using declaration	reduce/split	pa6/tests/spec/100-using-declaration.t	Existing using-declaration specification case extended with global const-alias re-export and qualified use; no separate alias-import case.	Assertion/reference review against general and spec suites; destinations pass ordinary and batch checks with strict LowIR comparison (144-root pass, then three changed declaration cases rechecked after four further duplicate removals)
pa7/tests/280-inline-namespace-alias-lookup.t	pa7/tests/280-inline-namespace-alias-lookup.t	ddf6a1fdca8a1dfd1f958d67bf212bf34a47c2a8b8049d5f338d6f820e7cfe54	inline namespace alias lookup	retain	pa6/tests/general/200-inline-namespace-alias-lookup.t	Scope/type dump resolves the declared bindings; no initialization image needed	PA11 111/111 and PA12 186/186 batch; source/canonical function parameter views reviewed; original variable type sets agree except documented unknown-bound spelling and reduced stress fixtures
pa7/tests/280-inline-namespace-qualified-lookup.t	pa7/tests/280-inline-namespace-qualified-lookup.t	17aa949c36ebf05d6768c647d4fbe99e2c886b4b263dfa9fc88abded5d909025	inline namespace qualified lookup	covered elsewhere	pa6/tests/general/200-inline-namespace-qualified-lookup.t	Resolved bindings and type formation already covered; no old namespace dump formatting	PA11 111/111 and PA12 186/186 batch; source/canonical function parameter views reviewed; original variable type sets agree except documented unknown-bound spelling and reduced stress fixtures
pa7/tests/280-inline-namespace-reopen-bad.t	pa7/tests/280-inline-namespace-reopen-bad.t	0c35b4b7d8e13578b4e90653205246f58baccd79cff6ffd6b5eb348368805533	inline namespace reopen bad	retire		Retire legacy namespace-reopening negative; do not broaden diagnostic requirements solely for parity	Contract review: optional legacy diagnostic not adopted
pa7/tests/280-inline-namespace.t	pa7/tests/280-inline-namespace.t	0da71c9167d61574617169737359e6c2df7eadcc61deac65ab0956b5e65c99fe	inline namespace	retain	pa6/tests/general/100-inline-and-anonymous-using.t	Implicit using from named and unnamed inline namespaces resolves outer bindings; compatible reopening is included in this case.	Assertion/reference review against general and spec suites; destinations pass ordinary and batch checks with strict LowIR comparison (144-root pass, then three changed declaration cases rechecked after four further duplicate removals)
pa7/tests/290-double-using.t	pa7/tests/290-double-using.t	4d46552c0a109833703e9d6325b6d4f913d4890565a8a8ae1f355a75b866f455	double using	reduce/split	pa6/tests/general/200-using-declaration-values.t	Existing value-import case extended with the repeated using declaration; successful binding and constant assertion retained.	Assertion/reference review against general and spec suites; destinations pass ordinary and batch checks with strict LowIR comparison (144-root pass, then three changed declaration cases rechecked after four further duplicate removals)
pa7/tests/300-fn-void.t	pa7/tests/300-fn-void.t	e90dc55869dd662b1709a4272d6c96b16e314aed6d38faed1194136424bfe621	fn void	covered elsewhere	pa6/tests/general/200-void-parameter-normalization.t	Resolved bindings and type formation already covered; no old namespace dump formatting	PA11 111/111 and PA12 186/186 batch; source/canonical function parameter views reviewed; original variable type sets agree except documented unknown-bound spelling and reduced stress fixtures
pa7/tests/310-varargs.t	pa7/tests/310-varargs.t	62e8070a420a54813b463afe8b90b6218c8dacf2fc76b5e9a28e2959901a7d84	varargs	retain	pa6/tests/general/200-varargs-declaration-identity.t	Scope/type dump resolves the declared bindings; no initialization image needed	PA11 111/111 and PA12 186/186 batch; source/canonical function parameter views reviewed; original variable type sets agree except documented unknown-bound spelling and reduced stress fixtures
pa7/tests/320-array-bound-literal-forms.t	pa7/tests/320-array-bound-literal-forms.t	02019eb309cf0cfa34a25311f9806a0ae987a382e7e3b1d6205da04d4e2262bd	array bound literal forms	retain	pa6/tests/general/200-array-bound-literal-forms.t	Scope/type dump resolves the declared bindings; no initialization image needed	PA11 111/111 and PA12 186/186 batch; source/canonical function parameter views reviewed; original variable type sets agree except documented unknown-bound spelling and reduced stress fixtures
pa7/tests/320-array-completion.t	pa7/tests/320-array-completion.t	61a6471608df5d684f44a22f5aac8fca24236ea0fee8be5dd37b834aef91d667	array completion	retain	pa6/tests/general/200-array-completion.t	Scope/type dump resolves the declared bindings; no initialization image needed	PA11 111/111 and PA12 186/186 batch; source/canonical function parameter views reviewed; original variable type sets agree except documented unknown-bound spelling and reduced stress fixtures
pa7/tests/320-arrays.t	pa7/tests/320-arrays.t	3fc1b81842c3dcc29a78344c34fbee502f8b84c7e2ac7ffc1f04171175438ba1	arrays	retain	pa6/tests/general/200-incomplete-array-alias.t	Scope/type dump resolves the declared bindings; no initialization image needed; unknown bound prints as 0 in the established PA11 notation	PA11 111/111 and PA12 186/186 batch; source/canonical function parameter views reviewed; original variable type sets agree except documented unknown-bound spelling and reduced stress fixtures
pa7/tests/320-parenthesized-array-abstract.t	pa7/tests/320-parenthesized-array-abstract.t	4c2ac5914de1324e59f43a3af10626a1549c0a69530fd3861a6c7aded9341512	parenthesized array abstract	retain	pa6/tests/general/200-parenthesized-array-abstract.t	Scope/type dump resolves the declared bindings; no initialization image needed	PA11 111/111 and PA12 186/186 batch; source/canonical function parameter views reviewed; original variable type sets agree except documented unknown-bound spelling and reduced stress fixtures
pa7/tests/330-multid-array.t	pa7/tests/330-multid-array.t	d9a26f38eea1bf5cb5be04486936a7b662bb1dc936436ec3b06adfcd36c70ae8	multid array	retain	pa6/tests/general/200-multidimensional-array-completion.t	Scope/type dump resolves the declared bindings; no initialization image needed	PA11 111/111 and PA12 186/186 batch; source/canonical function parameter views reviewed; original variable type sets agree except documented unknown-bound spelling and reduced stress fixtures
pa7/tests/340-array-const.t	pa7/tests/340-array-const.t	d524ff5f5df27fbdf8f9b4c8488ecbc4f7b1a6c098da31ba0a546fef365507a3	array const	retain	pa6/tests/general/200-array-element-cv-through-alias.t	Scope/type dump resolves the declared bindings; no initialization image needed	PA11 111/111 and PA12 186/186 batch; source/canonical function parameter views reviewed; original variable type sets agree except documented unknown-bound spelling and reduced stress fixtures
pa7/tests/350-function-adjust.t	pa7/tests/350-function-adjust.t	f3f702fc69294935f906efe93e98a9dfb87c56d0ca34a2e293e9caaf0fb9d7a6	function adjust	reduce/split	pa6/tests/general/200-function-parameter-source-types.t;pa7/tests/general/200-canonical-function-parameter-calls.t	PA11 displays source parameter types; PA12 call resolution verifies canonical parameter adjustment and declaration identity	PA11 111/111 and PA12 186/186 batch; source/canonical function parameter views reviewed; original variable type sets agree except documented unknown-bound spelling and reduced stress fixtures
pa7/tests/350-parenthesized-parameter-declarators.t	pa7/tests/350-parenthesized-parameter-declarators.t	53049637a8c505b288a66f8a19df8d2c2b5479879c7cb0630489f8ccdc9b8bcb	parenthesized parameter declarators	retain	pa6/tests/general/200-parenthesized-function-parameters.t;pa7/tests/general/200-canonical-function-parameter-calls.t	Parenthesized names, abstract function parameters and unnamed varargs are distinguished; nested function adjustment retained. Matching g1 declarations share one identity; PA12 calls observe canonical signatures.	Assertion/reference review against general and spec suites; destinations pass ordinary and batch checks with strict LowIR comparison (144-root pass, then three changed declaration cases rechecked after four further duplicate removals)
pa7/tests/360-function-typedef.t	pa7/tests/360-function-typedef.t	0cc483dbf03cdb7445c2198d09a4fb9727b58d55183b1bf56ff8da68eee8982d	function typedef	retain	pa6/tests/general/200-function-type-alias-composition.t	Scope/type dump resolves the declared bindings; no initialization image needed	PA11 111/111 and PA12 186/186 batch; source/canonical function parameter views reviewed; original variable type sets agree except documented unknown-bound spelling and reduced stress fixtures
pa7/tests/360-function-void-typedef.t	pa7/tests/360-function-void-typedef.t	76b5f386c9862849550a565cd6216de264d79a054064e409ef080abbae605672	function void typedef	covered elsewhere	pa6/tests/general/100-function-pointer-void-parameter.t;pa6/tests/general/200-void-parameter-normalization.t	Resolved bindings and type formation already covered; no old namespace dump formatting	PA11 111/111 and PA12 186/186 batch; source/canonical function parameter views reviewed; original variable type sets agree except documented unknown-bound spelling and reduced stress fixtures
pa7/tests/370-ref-collapse.t	pa7/tests/370-ref-collapse.t	09e9d7485ef82a4e52db0388c0917619b73f12a063415e0dabcfda7bda48308f	ref collapse	retain	pa6/tests/general/200-reference-collapse-parameters.t	Resolved parameter and alias-chain object types cover lvalue/rvalue reference collapsing, including cv applied through reference aliases.	Assertion/reference review against general and spec suites; destinations pass ordinary and batch checks with strict LowIR comparison (144-root pass, then three changed declaration cases rechecked after four further duplicate removals)
pa7/tests/370-reference-collapse-alias-chain.t	pa7/tests/370-reference-collapse-alias-chain.t	239134e1cb7fa2d571dfdafd19f7bd9000acaeb5756b0dbce97a7fe6b45a83ad	reference collapse alias chain	reduce/split	pa6/tests/general/200-reference-collapse-parameters.t	Explicit alias-chain object types and cv-qualified parameter collapsing share one focused case.	Assertion/reference review against general and spec suites; destinations pass ordinary and batch checks with strict LowIR comparison (144-root pass, then three changed declaration cases rechecked after four further duplicate removals)
pa7/tests/500-lookup-cache-invalidation.t	pa7/tests/500-lookup-cache-invalidation.t	86b53b8970eb336874e725fc33fcb8a06b02d9f7b34efbe05c9216007f9f898b	lookup cache invalidation	retain	pa6/tests/general/200-lookup-after-using-graph-change.t	Scope/type dump resolves the declared bindings; no initialization image needed	PA11 111/111 and PA12 186/186 batch; source/canonical function parameter views reviewed; original variable type sets agree except documented unknown-bound spelling and reduced stress fixtures
pa7/tests/600-deep-function-type.t	pa7/tests/600-deep-function-type.t	844a7065d90c40f14f28ed48b4b0a397042fa410071202ddc1ef127e61c1c3fe	deep function type	covered elsewhere	pa6/tests/general/200-parenthesized-function-parameters.t;pa6/tests/general/200-function-type-alias-composition.t	Existing intake cases compose nested function and pointer types; arbitrary nesting depth and redundant three-level reducer retired.	Assertion/reference review against general and spec suites; destinations pass ordinary and batch checks with strict LowIR comparison (144-root pass, then three changed declaration cases rechecked after four further duplicate removals)
pa7/tests/600-deep-parenthesized-declarator.t	pa7/tests/600-deep-parenthesized-declarator.t	4168eb41c0e9044f1f5705ccbfa46cf2f009c723b5c473070df46a23618ba1bb	deep parenthesized declarator	reduce/split	pa6/tests/general/200-composed-declarators.t	Composed declarator case now uses nested parentheses around its ordinary int and pointer objects; same resolved types. Arbitrary old depth and separate reducer retired.	Assertion/reference review against general and spec suites; destinations pass ordinary and batch checks with strict LowIR comparison (144-root pass, then three changed declaration cases rechecked after four further duplicate removals)
pa7/tests/600-deep-using-directive-chain.t	pa7/tests/600-deep-using-directive-chain.t	97c6f908e725fbab12e726b750b826ccefc7781ec654eec76f0c36564a8cee7c	deep using directive chain	covered elsewhere	pa6/tests/general/200-using-directive-transitive-extension.t	Resolved bindings and type formation already covered; no old namespace dump formatting; transitivity retained without requiring the old extreme depth	PA11 111/111 and PA12 186/186 batch; source/canonical function parameter views reviewed; original variable type sets agree except documented unknown-bound spelling and reduced stress fixtures
pa8/tests/100-empty-decl.t.1	pa8/tests/100-empty-decl.t.1	7d26cf949a409aee45da8739ebf522f7463c94204679a88c850687b609050809	Empty declarations do not add objects	covered elsewhere	pa5/tests/spec/100-empty-decl.t	Existing AST observes standalone empty declaration; no duplicate semantic or mock-image assertion.	Assertion/reference review against general and spec suites; destinations pass ordinary and batch checks with strict LowIR comparison (144-root pass, then three changed declaration cases rechecked after four further duplicate removals)
pa8/tests/110-emptydef.t.1	pa8/tests/110-emptydef.t.1	939d7f189c362b4bfe1a31ad143bd9654ad5d8c4b7864bce32a958c44cade72a	Zero-initialized scalar storage	covered elsewhere	pa10/tests/general/200-global-address-reinterpret-cast-initializer.t	Existing uninitialized int object emits zero-initialized global storage and is addressable.	Assertion/reference review against general and spec suites; destinations pass ordinary and batch checks with strict LowIR comparison (144-root pass, then three changed declaration cases rechecked after four further duplicate removals)
pa8/tests/110-vardef.t.1	pa8/tests/110-vardef.t.1	203d5e9fff572471a8034d83ad340f4cced6c1e73d6f60e0ff7ed06a41cc04b0	Initialized integer value 3	covered elsewhere	pa10/tests/general/100-global-variable.t	Existing initialized integer global emits a typed constant and is read in a function; literal 3 versus 4 is not a separate rule.	Assertion/reference review against general and spec suites; destinations pass ordinary and batch checks with strict LowIR comparison (144-root pass, then three changed declaration cases rechecked after four further duplicate removals)
pa8/tests/120-const-default.t.1	pa8/tests/120-const-default.t.1	c43b17dd0da96854f9e166935763860e87c3df525d33f14b0cc1cba437a65a9b	120 const default	retire		Legacy const default-initialization negative; no new early diagnostic obligation	Reviewed invalid-input or mock-format retirement; no replacement required
pa8/tests/120-constant-conversion-linkage.t.1	pa8/tests/120-constant-conversion-linkage.t.1;pa8/tests/120-constant-conversion-linkage.t.2	ac6b22989640a2930da222cfe5455976b02feb3938a959fd98aa66aaf4bb07d4	Boolean and floating-to-integral conversions; internal constants and external definitions	reduce/split	pa10/tests/general/200-fundamental-global-initializers.t;pa25/tests/general/100-constant-linkage-across-tus.t	Bool and floating-to-integral conversions join the scalar-data case. Runtime identity case distinguishes internal constants and an external const definition across TUs.	Assertion/reference review against general and spec suites; destinations pass ordinary and batch checks with strict LowIR comparison (144-root pass, then three changed declaration cases rechecked after four further duplicate removals)
pa8/tests/120-constexpr-pointer-cross-tu.t.1	pa8/tests/120-constexpr-pointer-cross-tu.t.1;pa8/tests/120-constexpr-pointer-cross-tu.t.2	aa675169be1cf31ab716b0ead5fa49cf60a0aa7a31e88cb942ae6636c108d8c3	Constant pointer truthiness and external pointer definition	reduce/split	pa16/tests/general/400-constexpr-pointer-truthiness.t;pa25/tests/general/100-constexpr-pointer-definition-cross-tu.t	Constant assertion plus cross-TU pointer equality and abc code-unit read-back through separate/direct/mixed links	All referenced roots pass focused owning-stage checks with strict LowIR comparison; reference outcomes and retained observations reviewed
pa8/tests/120-constexpr-qualified-pointer.t.1	pa8/tests/120-constexpr-qualified-pointer.t.1	98e4cf6d7dc3124e70c665ffa50494be80edd04c6b2a3a1b39004f14cec5cea0	Qualified constant pointer definition and truthiness	covered elsewhere	pa16/tests/general/400-constexpr-pointer-truthiness.t;pa10/tests/general/200-qualified-global-definition-data.t	Existing constexpr literal-pointer assertions and qualified-definition initializer lookup cover the component rules; no extra cross-product case or mock-image address required.	Assertion/reference review against general and spec suites; destinations pass ordinary and batch checks with strict LowIR comparison (144-root pass, then three changed declaration cases rechecked after four further duplicate removals)
pa8/tests/120-constexpr-reference-static-object.t.1	pa8/tests/120-constexpr-reference-static-object.t.1	05cb5f81333344835da8c209554237ebd54c3ef7bcf01ad4b75372ecb30a17fd	Constant address of a mutable static object and reference alias identity	retain	pa16/tests/general/400-constexpr-reference-static-object-alias.t	Static address equality plus LowIR aliases; native probe mutates through second reference and reads original object	All referenced roots pass focused owning-stage checks with strict LowIR comparison; reference outcomes and retained observations reviewed
pa8/tests/120-linkedvar.t.1	pa8/tests/120-linkedvar.t.1;pa8/tests/120-linkedvar.t.2	677c993650f7fc2533402c306e78aad9ac8566a67bd263e4b69054bdd3dca600	External variable definition resolves across translation units	covered elsewhere	pa25/tests/general/100-extern-global.t	Existing two-source case reads an externally defined variable at runtime through the same driver routes; value 3 versus 6 is immaterial.	Assertion/reference review against general and spec suites; destinations pass ordinary and batch checks with strict LowIR comparison (144-root pass, then three changed declaration cases rechecked after four further duplicate removals)
pa8/tests/130-staticvar.t.1	pa8/tests/130-staticvar.t.1;pa8/tests/130-staticvar.t.2	5ab2fd5a89f8b2ad15f27fe6058d4f0a9f12469649f3148e706e96181f3a13bd	Same-spelled static and unnamed-namespace objects remain distinct	retain	pa25/tests/general/100-internal-object-identity-across-tus.t	Runtime values 1/2 versus 3/4 and distinct object addresses through all three driver routes	All referenced roots pass focused owning-stage checks with strict LowIR comparison; reference outcomes and retained observations reviewed
pa8/tests/150-inline-namespace.t.1	pa8/tests/150-inline-namespace.t.1	c56cd43b2536903bbc56c7c5591516ac6bc3f5a00cd0f48bd52acc51c42f6b23	150 inline namespace	retire		Legacy incompatible namespace reopening negative; same decision as PA7 intake, valid reopening retained separately	Reviewed invalid-input or mock-format retirement; no replacement required
pa8/tests/150-inline-namespace2.t.1	pa8/tests/150-inline-namespace2.t.1	a99b7e1ef526f854de036159aebc8802dc7e2a22a00e9496c3a7162e4e714251	An inline namespace can be reopened without repeating inline	reduce/split	pa6/tests/general/100-inline-and-anonymous-using.t	Inline namespace lookup case extended with compatible non-inline reopening; no second empty-scope case.	Assertion/reference review against general and spec suites; destinations pass ordinary and batch checks with strict LowIR comparison (144-root pass, then three changed declaration cases rechecked after four further duplicate removals)
pa8/tests/150-static-thread-local-cross-tu.t.1	pa8/tests/150-static-thread-local-cross-tu.t.1;pa8/tests/150-static-thread-local-cross-tu.t.2	28c9a66920325fe433e0d08e639931e66cc55c13ef3ae770fa0206d1d34837a4	Thread storage does not erase internal linkage	reduce/split	pa11/tests/general/100-static-thread-local-internal-linkage.t;pa27/tests/general/200-internal-thread-local-identity-across-tus.t	PA16 observes internal TLS metadata; host-interoperability runtime observes distinct TU-local storage and values 1/2. Does not claim per-thread isolation.	All referenced roots pass focused owning-stage checks with strict LowIR comparison; reference outcomes and retained observations reviewed
pa8/tests/150-thread-local-redeclaration-agreement.t.1	pa8/tests/150-thread-local-redeclaration-agreement.t.1	8c0c7b01bbb88e0a0753505e71f2ae6bd824187e84a7d34d551bf02f0fe79454	Definition and agreeing extern declaration retain thread storage and initialized values	retain	pa11/tests/general/100-thread-local-redeclaration-storage.t	LowIR retains x as a zero definition and y as initialized TLS value 7	All referenced roots pass focused owning-stage checks with strict LowIR comparison; reference outcomes and retained observations reviewed
pa8/tests/150-thread-local.t.1	pa8/tests/150-thread-local.t.1	15bc9e9bbfc97e9e2f063acda965efa58e6d8866de17e0ea65df7683562cffca	Zero-initialized thread storage	covered elsewhere	pa27/tests/general/200-internal-thread-local-zerofill-runtime-smoke.t	Existing TLS runtime coverage; flat mock image did not test per-thread identity	All referenced roots pass focused owning-stage checks with strict LowIR comparison; reference outcomes and retained observations reviewed
pa8/tests/200-char-before-function-alignment.t.1	pa8/tests/200-char-before-function-alignment.t.1	70333a31ce526527923413c15b6bfb3bea67b2e6c0f5919ccf81f5f533407837	Mock-function fixed image alignment	retire		Fixed stub bytes and image offsets are obsolete; scalar character data is retained in the fundamental initializer case	Reviewed invalid-input or mock-format retirement; no replacement required
pa8/tests/200-function-typedef-declarations.t.1	pa8/tests/200-function-typedef-declarations.t.1	71816664f43c0d6235e5a6b6548dffcaa37d12cf3b8eafd581a8cd43c65f8106	Function declarations through a typedef and parenthesized definition	retain	pa6/tests/general/200-function-alias-definition-redeclaration.t	Alias has function type; compatible declarations and definitions have the same function type	All referenced roots pass focused owning-stage checks with strict LowIR comparison; reference outcomes and retained observations reviewed
pa8/tests/200-function.t.1	pa8/tests/200-function.t.1	2816c33aeb4b8a464469d3a8c2d99208fa3413bff9ce531408ece07521324fcb	Null-initialized function pointer storage	reduce/split	pa10/tests/general/200-fundamental-global-initializers.t;pa10/tests/general/100-global-function-pointer-argument-call.t	Null function-pointer storage joins the scalar-data case; function emission and function-pointer calls already covered.	Assertion/reference review against general and spec suites; destinations pass ordinary and batch checks with strict LowIR comparison (144-root pass, then three changed declaration cases rechecked after four further duplicate removals)
pa8/tests/200-fundamental.t.1	pa8/tests/200-fundamental.t.1	93f9c5cb987e0921e5a19e26614370a0f2ca35ec5fe10f9048e2b46e813fc786	Fundamental scalar initialized data and zero initialization	retain	pa10/tests/general/200-fundamental-global-initializers.t	LowIR typed values for all integer/character/floating widths, Unicode code points, zero long double, and null void pointer	All referenced roots pass focused owning-stage checks with strict LowIR comparison; reference outcomes and retained observations reviewed
pa8/tests/250-nullptr.t.1	pa8/tests/250-nullptr.t.1	3f435f0dc1f5fb97e6a0365ed62041e316d912200812ea1ed6401ea41b4fa58d	Null pointer initialization	covered elsewhere	pa10/tests/general/200-global-pointer-array-nullptr-init.t	Existing LowIR pointer element initialized by nullptr observes null pointer data; an independent standalone scalar spelling adds no required behavior.	Assertion/reference review against general and spec suites; destinations pass ordinary and batch checks with strict LowIR comparison (144-root pass, then three changed declaration cases rechecked after four further duplicate removals)
pa8/tests/300-array.t.1	pa8/tests/300-array.t.1	3fc3a0b463fd942d2edb468edb437d1cb3f7f19cf54191a96f699442816522b8	Zero-initialized ten-element array storage	covered elsewhere	pa10/tests/general/200-global-array-element-address-initializer.t	Existing integer array emits zero storage of the declared size and an address to an element; no ten-element duplicate needed.	Assertion/reference review against general and spec suites; destinations pass ordinary and batch checks with strict LowIR comparison (144-root pass, then three changed declaration cases rechecked after four further duplicate removals)
pa8/tests/300-bad-ref1.t.1	pa8/tests/300-bad-ref1.t.1	cca26561bf02cfa05045fd5c42d64031c5ce40a9bd4338eb49ea84990af85fb0	Pointer-to-reference type rejection	covered elsewhere	pa6/tests/general/200-bad-pointer-to-reference-alias.t	Existing semantic rejection uses an alias; obsolete direct invalid syntax is not required	All referenced roots pass focused owning-stage checks with strict LowIR comparison; reference outcomes and retained observations reviewed
pa8/tests/300-bad-ref2.t.1	pa8/tests/300-bad-ref2.t.1	c54d97283a2d0413871579addc92f1f882078df86892283ab868f9c84dd63b4a	300 bad ref2	retire		Legacy reference-to-void negative; invalid input need not survive the format retirement	Reviewed invalid-input or mock-format retirement; no replacement required
pa8/tests/300-bad-ref3.t.1	pa8/tests/300-bad-ref3.t.1	1ed467e161fae35b11dbea805bd90005e8157df38cb1ea888260f0218c539248	300 bad ref3	retire		Direct reference-to-reference spelling is invalid; valid alias-based collapsing is already retained from PA7	Reviewed invalid-input or mock-format retirement; no replacement required
pa8/tests/300-constexpr-missing-initializer-bad.t.1	pa8/tests/300-constexpr-missing-initializer-bad.t.1	9920b85a02f5f8d474023bc4b27340c53079c89dea86bfbb041187f886add590	A constexpr scalar requires an initializer	covered elsewhere	pa16/tests/general/500-bad-constexpr-scalar-missing-initializer.t	Existing compile-fail fixture	All referenced roots pass focused owning-stage checks with strict LowIR comparison; reference outcomes and retained observations reviewed
pa8/tests/300-constexpr-nonconstant-initializer-bad.t.1	pa8/tests/300-constexpr-nonconstant-initializer-bad.t.1	2a833d7566f20ae245478eaec8c2eb175bc44c780207c423a590a5c4a6ac2b14	A constexpr scalar requires a constant initializer	covered elsewhere	pa16/tests/general/500-bad-constexpr-scalar-runtime-initializer.t	Existing compile-fail fixture uses a runtime call	All referenced roots pass focused owning-stage checks with strict LowIR comparison; reference outcomes and retained observations reviewed
pa8/tests/300-constexpr-zero-id-pointer-bad.t.1	pa8/tests/300-constexpr-zero-id-pointer-bad.t.1	06b9a61b24a74eb866a03eb801695fb0d7788fcbc3e5449293379bfeeee738e7	300 constexpr zero id pointer bad	retire		Do not import revision-sensitive legacy null-pointer-constant rejection; existing later constexpr call rejection remains	Reviewed invalid-input or mock-format retirement; no replacement required
pa8/tests/300-cross-tu-constant-visibility-bad.t.1	pa8/tests/300-cross-tu-constant-visibility-bad.t.1;pa8/tests/300-cross-tu-constant-visibility-bad.t.2	feed3abb3ec12f891bf65f9b985937181e374cdae67bb5534d4f79294c80fde9	A definition in another translation unit cannot supply a compile-time array bound	retain	pa6/tests/general/300-cross-tu-constant-not-visible.t;pa6/tests/general/300-cross-tu-constant-not-visible.t2	Separate translation units in one invocation; expected failure when the second unit uses an extern constant as a bound	Grouped test passes ordinary and batch; reference is EXIT_FAILURE; independent positive TU-isolation control emits two scopes with int and double
pa8/tests/300-cv-through-typedef-constant.t.1	pa8/tests/300-cv-through-typedef-constant.t.1	70d1f403a9d3a0f956b3c79913878af8bc817f019d0fce200bf2b17833ed457c	Const-qualified alias contributes a constant array bound	retain	pa6/tests/general/200-cv-alias-constant-array-bound.t	Type dump shows const int binding and five-element array	All referenced roots pass focused owning-stage checks with strict LowIR comparison; reference outcomes and retained observations reviewed
pa8/tests/300-function-typedef-definition-bad.t.1	pa8/tests/300-function-typedef-definition-bad.t.1	78515b54cdf42cd01e67a103ccecd3edac1b6fc2ea36eeeeb92c09b7c5275b41	300 function typedef definition bad	retire		Invalid function-definition grammar; no nsinit parser or diagnostic compatibility obligation	Reviewed invalid-input or mock-format retirement; no replacement required
pa8/tests/300-inline-function.t.1	pa8/tests/300-inline-function.t.1;pa8/tests/300-inline-function.t.2	292ee129c8f73b3023017176718647efa72d5750ccbddf4a734a32191698583e	Shared inline definitions denote the same function across TUs	reduce/split	pa25/tests/general/100-inline-prior-declaration-defined-in-separate-objects.t	Existing inline definition/linkage case extended to compare function addresses across TUs as well as call results; no separate header-based group.	Assertion/reference review against general and spec suites; destinations pass ordinary and batch checks with strict LowIR comparison (144-root pass, then three changed declaration cases rechecked after four further duplicate removals)
pa8/tests/300-invalid-fundamental-specifiers-bad.t.1	pa8/tests/300-invalid-fundamental-specifiers-bad.t.1	485f7488bc00f666c4150ca3f18192939c8e14e138a480bc22f0ab3ae37dd22d	300 invalid fundamental specifiers bad	retire		Invalid signed-float declaration; no parser expansion solely to preserve this negative	Reviewed invalid-input or mock-format retirement; no replacement required
pa8/tests/300-nonenclosing-qualified-decl.t.1	pa8/tests/300-nonenclosing-qualified-decl.t.1	5982f1179b461ed19a584f1236f38441f2b209236487d782502b2cb4c59963d6	Out-of-namespace definition must be in an enclosing scope	covered elsewhere	pa6/tests/general/300-nonenclosing-qualified-definition-bad.t	Existing declaration diagnostic has the same reduced namespace graph	All referenced roots pass focused owning-stage checks with strict LowIR comparison; reference outcomes and retained observations reviewed
pa8/tests/300-scalar-array-initializer-bad.t.1	pa8/tests/300-scalar-array-initializer-bad.t.1	9235175acda75e486e5bf33098133a0cf02a272f9cd35d87dd96e9c8f226fe19	300 scalar array initializer bad	retire		Legacy invalid scalar-to-array initializer; positive array initialization is retained	Reviewed invalid-input or mock-format retirement; no replacement required
pa8/tests/300-thread-local-redeclaration-mismatch-bad.t.1	pa8/tests/300-thread-local-redeclaration-mismatch-bad.t.1	d13053806b258a7bdcf049f9c2f964de3a453cba890b9f32c94a06305f4f68c2	300 thread local redeclaration mismatch bad	retire		Legacy declaration disagreement negative; positive TLS agreement and storage retained	Reviewed invalid-input or mock-format retirement; no replacement required
pa8/tests/300-uninit-ref.t.1	pa8/tests/300-uninit-ref.t.1	9d73b678ad1727a422975ca65a1d6b8b5947102da397525f8ba4d0fa034563a4	Non-extern reference requires an initializer	covered elsewhere	pa6/tests/general/300-uninitialized-reference-bad.t	Existing compile-fail fixture	All referenced roots pass focused owning-stage checks with strict LowIR comparison; reference outcomes and retained observations reviewed
pa8/tests/300-void-ref.t.1	pa8/tests/300-void-ref.t.1	eb78dc0c61fdefce8a8507735639aab92ecd34668cfdc5426fcc52f75abdfe2e	Object of void type is invalid	covered elsewhere	pa6/tests/general/300-void-variable-bad.t	Existing compile-fail fixture; this is a void object, not a reference	All referenced roots pass focused owning-stage checks with strict LowIR comparison; reference outcomes and retained observations reviewed
pa8/tests/310-array-str-lit.t.1	pa8/tests/310-array-str-lit.t.1	e8eafc60b9e6098307f516c15f426c311f7ff80cc08a06a4736624de0e04f252	Character-array string data, inferred lengths, terminators, and trailing zeroes	retain	pa11/tests/general/200-character-array-string-data.t	LowIR global code units and padding for char/signed char/unsigned char/char16_t/char32_t/wchar_t arrays; no mock-image offsets	Fixed ordinary-string compatibility with signed/unsigned char; inspected all emitted units and padding; strict LowIR focused check passes with EXIT_SUCCESS
pa8/tests/320-using-directive-ambiguity-bad.t.1	pa8/tests/320-using-directive-ambiguity-bad.t.1	e730cd401a1b8dbacd653f01a9682ab95ae9a04f57cdcb8dfeeffc15b366d621	Conflicting using-directive lookup must be diagnosed	covered elsewhere	pa6/tests/general/300-ambiguous-using-directive-type-bad.t	Existing reduced type-lookup conflict; no new initializer-expression requirement	All referenced roots pass focused owning-stage checks with strict LowIR comparison; reference outcomes and retained observations reviewed
pa8/tests/340-array-const.t.1	pa8/tests/340-array-const.t.1	0c967173876b6ceffa264b4c6fb185c48abe3d4ed48c65392e94ffa8447ef675	340 array const	retire		Legacy uninitialized const-array negative; positive cv/array type coverage retained	Reviewed invalid-input or mock-format retirement; no replacement required
pa8/tests/350-function-to-pointer.t.1	pa8/tests/350-function-to-pointer.t.1	da918e046e7c8ba5e88584bb01185aa2297ae2659d6294a3e4be72e7ec9d4a23	Function decay and function-address global initialization	reduce/split	pa7/tests/general/200-function-decay-deref-call.t;pa10/tests/general/100-global-function-pointer-argument-call.t	Existing semantic function-decay case plus global function-pointer case, whose initializer now uses bare callee rather than &callee; same LowIR address and indirect call.	Assertion/reference review against general and spec suites; destinations pass ordinary and batch checks with strict LowIR comparison (144-root pass, then three changed declaration cases rechecked after four further duplicate removals)
pa8/tests/350-integer-to-pointer-bad.t.1	pa8/tests/350-integer-to-pointer-bad.t.1	8b1eae88daa720d879505906afb63d8a0c91ba2fa1016f86530154e9c8ad9167	350 integer to pointer bad	retire		Legacy non-null integer-to-pointer initializer rejection; no new early conversion requirement	Reviewed invalid-input or mock-format retirement; no replacement required
pa8/tests/350-multilevel-qualification-conversion-bad.t.1	pa8/tests/350-multilevel-qualification-conversion-bad.t.1	990869fbe6098d81ea80cb5b7311e02913caaf03164e9ae9c258ade0a982d7de	Recursive qualification cannot convert T** to const T**	covered elsewhere	pa7/tests/general/300-bad-deep-pointer-qualification-conversion.t	Existing semantic conversion diagnostic	All referenced roots pass focused owning-stage checks with strict LowIR comparison; reference outcomes and retained observations reviewed
pa8/tests/350-string-to-mutable-pointer-bad.t.1	pa8/tests/350-string-to-mutable-pointer-bad.t.1	fe924efc72f185cec55a8a1824f4d8e518fb498bbcc2c6644a65a8f1f6fbc4c5	350 string to mutable pointer bad	retire		Legacy mutable-string-pointer negative; do not expand an earlier literal subset solely to retain it	Reviewed invalid-input or mock-format retirement; no replacement required
pa8/tests/400-double-func-def.t.1	pa8/tests/400-double-func-def.t.1	f2ac91ec214ae483d51cb64f226ab5271928b1d439036318337c7b3952c46603	Duplicate function definitions are rejected	covered elsewhere	pa7/tests/general/300-bad-duplicate-function-definition.t	Existing duplicate definition diagnostic	All referenced roots pass focused owning-stage checks with strict LowIR comparison; reference outcomes and retained observations reviewed
pa8/tests/400-linked-function.t.1	pa8/tests/400-linked-function.t.1;pa8/tests/400-linked-function.t.2;pa8/tests/400-linked-function.t.3	273358830647dd57b698e9b6a943f622d4606b70463002b701ff1724036dc95f	Parameter top-level cv does not split function identities	reduce/split	pa7/tests/general/200-canonical-function-parameter-calls.t;pa25/tests/general/100-function-redeclaration-linkage-cross-tu.t	PA12 verifies adjusted signatures; reduced two-source runtime case verifies int and const volatile int parameter declarations emit matching linker identities. Repeated overload/cv matrix is unnecessary.	Assertion/reference review against general and spec suites; destinations pass ordinary and batch checks with strict LowIR comparison (144-root pass, then three changed declaration cases rechecked after four further duplicate removals)
pa8/tests/400-namespace-alias-misuse.t.1	pa8/tests/400-namespace-alias-misuse.t.1	1eb3e6213cd8aa0033533c460e7260a955e39b5c8ed4cf28b3673682c6d03ec4	A namespace alias cannot be reopened	covered elsewhere	pa6/tests/general/300-namespace-alias-reopened-bad.t	Existing exact scope diagnostic	All referenced roots pass focused owning-stage checks with strict LowIR comparison; reference outcomes and retained observations reviewed
pa8/tests/400-namespace-alias-to-self.t.1	pa8/tests/400-namespace-alias-to-self.t.1	9b06197d0366602aeda7e2ce7cef4bc6e254b499a51cf8ce95e3adce4c4bf36b	400 namespace alias to self	retire		Legacy namespace binding conflict negative; no independent new early requirement	Reviewed invalid-input or mock-format retirement; no replacement required
pa8/tests/400-using-decl-to-namespace.t.1	pa8/tests/400-using-decl-to-namespace.t.1	6580cbbf6e9f359ee522c446c9c72b9c0133103321b1c94424ebcbc82003edef	400 using decl to namespace	retire		Legacy using-declaration-to-namespace negative; positive using and alias lookup retained	Reviewed invalid-input or mock-format retirement; no replacement required
pa8/tests/410-namespace-conflict1.t.1	pa8/tests/410-namespace-conflict1.t.1	275c686809a6f5ac9ef99a476e6e52cd112b162c10a605b22991c62ba36cf057	410 namespace conflict1	retire		Legacy function/namespace collision variant; no need to preserve every invalid declaration combination	Reviewed invalid-input or mock-format retirement; no replacement required
pa8/tests/410-namespace-conflict2.t.1	pa8/tests/410-namespace-conflict2.t.1	7d77cd42b3950cbf23f8985391dd17c91124969b991bd99c7b685bf79ddeb65b	410 namespace conflict2	retire		Legacy alias/namespace collision variant; no need to preserve every invalid declaration combination	Reviewed invalid-input or mock-format retirement; no replacement required
pa8/tests/410-namespace-conflict3.t.1	pa8/tests/410-namespace-conflict3.t.1	0afdb7b56380e9ed7f9489aa8859100ea40f8ee8eab419988b78071870a6873f	410 namespace conflict3	retire		Legacy typedef/namespace collision variant; no need to preserve every invalid declaration combination	Reviewed invalid-input or mock-format retirement; no replacement required
pa8/tests/410-namespace-conflict4.t.1	pa8/tests/410-namespace-conflict4.t.1	9838bc9d0012452a7eba0ee386374397f89a59a3896b1b942a240a6e166b9715	410 namespace conflict4	retire		Legacy imported-type/namespace collision variant; no need to preserve every invalid declaration combination	Reviewed invalid-input or mock-format retirement; no replacement required
pa8/tests/410-namespace-conflict5.t.1	pa8/tests/410-namespace-conflict5.t.1	b5561627fcf4d61303d1600ee65cd11d9d56675b6e3cdaf9b19eb82146bbd4f9	410 namespace conflict5	retire		Legacy imported-value/namespace collision variant; no need to preserve every invalid declaration combination	Reviewed invalid-input or mock-format retirement; no replacement required
pa8/tests/410-namespace-conflict6.t.1	pa8/tests/410-namespace-conflict6.t.1	dc32bf9b7d756a661112a1dba9b8644d35f2289a03cc469c80f6e4ea85ed007e	Variable binding cannot be redeclared as a namespace	covered elsewhere	pa7/tests/general/300-binding-before-namespace-bad.t	Existing declaration conflict diagnostic	All referenced roots pass focused owning-stage checks with strict LowIR comparison; reference outcomes and retained observations reviewed
pa8/tests/450-cv-dropping-reference-bad.t.1	pa8/tests/450-cv-dropping-reference-bad.t.1	d1269aaeee8380596074d69f051f31f83e2eef94663dab8509f436405614272d	Reference binding cannot discard cv qualification	covered elsewhere	pa7/tests/general/100-bad-reference-binding-top-level-const-source.t	Existing reference-to-pointer case checks the top-level qualification rule	All referenced roots pass focused owning-stage checks with strict LowIR comparison; reference outcomes and retained observations reviewed
pa8/tests/450-lvalue-to-rvalue-reference-bad.t.1	pa8/tests/450-lvalue-to-rvalue-reference-bad.t.1	6edfdacaa488282b8be3a491b5dc6b0fe8c3cb56f1e3e2eeae5f86f334851b1c	450 lvalue to rvalue reference bad	retire		Legacy invalid binding negative; valid reference types and collapsing remain covered	Reviewed invalid-input or mock-format retirement; no replacement required
pa8/tests/450-reference.t.1	pa8/tests/450-reference.t.1	d4bdf2e2d0960c6d3256c4e0483b3368b36e8c9822abcad41410cd5c85df4216	Namespace-scope reference materializes initialized temporary with static lifetime	retain	pa10/tests/general/100-global-reference-temporary.t	LowIR backing global contains 3 and the reference names it; temporary is not in the initializer function stack frame	All referenced roots pass focused owning-stage checks with strict LowIR comparison; reference outcomes and retained observations reviewed
pa8/tests/500-lookup-cache-invalidation.t.1	pa8/tests/500-lookup-cache-invalidation.t.1	da6bef97882e2a7905ceff2d9720226280695784847c55200edfcef7d9878b3f	Lookup after namespace extension and using edges reflects current declarations	covered elsewhere	pa6/tests/general/200-lookup-after-using-graph-change.t;pa10/tests/general/200-fundamental-global-initializers.t	PA11 distinguishes long/char bindings before and after using-graph changes. Typed literal initializers already have LowIR coverage; repeating values 1/2/3/4 in a second graph case adds no rule.	Assertion/reference review against general and spec suites; destinations pass ordinary and batch checks with strict LowIR comparison (144-root pass, then three changed declaration cases rechecked after four further duplicate removals)
pa8/tests/500-static-assert.t.1	pa8/tests/500-static-assert.t.1	94a44fb34eb4fc78e63ac97d13459b3add9f47a31171f6e9f02175ce21e5511b	500 static assert	retire		Legacy nonconstant assertion negative; positive const-integral assertion retained and existing static-assert negatives remain	Reviewed invalid-input or mock-format retirement; no replacement required
pa8/tests/500-static-assert2.t.1	pa8/tests/500-static-assert2.t.1	cb9285edb06143f28cc0d4e2d2e0ac43a7d755b375f1cd6ff51210022621b891	Const integral variable can supply a static assertion	covered elsewhere	pa6/tests/spec/200-const-int-static-assert.t	Existing specification case asserts an expression of a const integral binding and uses that binding as an array bound.	Assertion/reference review against general and spec suites; destinations pass ordinary and batch checks with strict LowIR comparison (144-root pass, then three changed declaration cases rechecked after four further duplicate removals)
pa8/tests/500-static-assert3.t.1	pa8/tests/500-static-assert3.t.1	9cbc28e26062f00cfc284a67b80770290aa101f8e024a9c0f2c609425a6ad603	Array address is a non-null constant pointer	covered elsewhere	pa16/tests/general/400-constexpr-pointer-truthiness.t	Existing array pointer and nullptr equality static assertions	All referenced roots pass focused owning-stage checks with strict LowIR comparison; reference outcomes and retained observations reviewed
pa8/tests/600-deep-function-type.t.1	pa8/tests/600-deep-function-type.t.1	173a938cb4b9dea900fc20ee79ad91f3e1fab118e8cab6e00f44bdaa9077f8e6	Nested function types compose	covered elsewhere	pa6/tests/general/200-parenthesized-function-parameters.t;pa6/tests/general/200-function-type-alias-composition.t	Existing intake cases compose nested function and pointer types; arbitrary nesting depth and redundant three-level reducer retired.	Assertion/reference review against general and spec suites; destinations pass ordinary and batch checks with strict LowIR comparison (144-root pass, then three changed declaration cases rechecked after four further duplicate removals)
pa8/tests/600-deep-namespace-initialization.t.1	pa8/tests/600-deep-namespace-initialization.t.1	c18277e0568b9f8b43565c955d703db32a7355fcff974676ebe397a61026372b	Initialized object belongs to nested namespace	covered elsewhere	pa6/tests/general/300-declaration-forms-valid.t;pa10/tests/general/200-included-namespace-global-definition.t	Nested namespace binding identity and initialized namespace data/read-back already covered. Arbitrary 600-depth/600-object workload and duplicate three-level reducer retired.	Assertion/reference review against general and spec suites; destinations pass ordinary and batch checks with strict LowIR comparison (144-root pass, then three changed declaration cases rechecked after four further duplicate removals)
pa8/tests/600-qualified-redeclaration.t.1	pa8/tests/600-qualified-redeclaration.t.1	b4fdce158eca6074918fb20f533764df708b2a901b8c843a22efa2f4d4199efb	Qualified definition retains prior declaration identity and initialized value	covered elsewhere	pa10/tests/general/200-qualified-global-definition-data.t	Combined qualified-definition case preserves A::x = 3 with strong external binding	All referenced roots pass focused owning-stage checks with strict LowIR comparison; reference outcomes and retained observations reviewed
pa8/tests/600-qualified-redeclaration2.t.1	pa8/tests/600-qualified-redeclaration2.t.1	a85fbf3d6dff720406a6f2a977e3dc667dfa977e5007c1fc9e794a90e658aba0	Qualified definition uses target scope for initializer lookup and array completion	reduce/split	pa10/tests/general/200-qualified-global-definition-data.t	One LowIR case observes target-scope initializer lookup, external const definition, completed array bound and zero storage; a second PA11 copy is unnecessary.	Assertion/reference review against general and spec suites; destinations pass ordinary and batch checks with strict LowIR comparison (144-root pass, then three changed declaration cases rechecked after four further duplicate removals)
pa8/tests/700-reference-to-reference.t.1	pa8/tests/700-reference-to-reference.t.1	c21deecd6113a35cbf49300e5fbcb466f29f1c399f577fdb8c3ef6b612e7898a	Reference aliases retain referent identity and compile-time bound	reduce/split	pa6/tests/general/300-declaration-forms-valid.t;pa10/tests/general/200-reference-chain-global-data.t	Existing PA11 positive control resolves a chained-reference array bound. PA15 separately observes global referent data, reference addresses and array storage; that storage observation is not a type-dump duplicate.	Assertion/reference review against general and spec suites; destinations pass ordinary and batch checks with strict LowIR comparison (144-root pass, then three changed declaration cases rechecked after four further duplicate removals)
pa9/tests/100-empty-program.t.1	pa9/tests/100-empty-program.t.1	de3cffaac90e913bc6fb7f3971d5c1f73d0d6ee0efda0ae08f706db49f0629da	Accept an empty preprocessed CY86 program	retire		CY86-only acceptance rule; LowIR program structure has its own introductory contract.	Baseline input/contract reviewed; no CY86 fixture copied. Native retirement/build gates recorded in tracker.
pa9/tests/100-noop.t.1	pa9/tests/100-noop.t.1	503562eba9f994800ebb7f6f86f03b37acdb9836057d2dee887a2681078a49e6	Emit and run an explicit exit-success syscall	retire	pa24/tests/strict/100-ret0.t	Retire the syscall-language fixture; native entry/exit behavior is already exercised through LowIR.	Baseline input/contract reviewed; no CY86 fixture copied. Native retirement/build gates recorded in tracker.
pa9/tests/100-ret42.t.1	pa9/tests/100-ret42.t.1	8da68208781fea9edef19b1af1cf2eb94714df4a90bb4904e526bf9f8b908562	Emit an explicit syscall with a nonzero exit status	retire	pa24/native-encoding.md	Retire CY86 syntax; the integrated native encoding lesson demonstrates an inspected ELF exiting with status 42.	Baseline input/contract reviewed; no CY86 fixture copied. Native retirement/build gates recorded in tracker.
pa9/tests/110-hello-world.t.1	pa9/tests/110-hello-world.t.1	a34e7abfab241b551a6ffaced60a5d20df0d1dacd082d9bd8c8d5304c4510f4d	Place string data and invoke the Linux write syscall	retire		Retire the CY86 syscall/string-placement API. Later hosted execution owns library I/O; no new generic-syscall LowIR requirement.	Baseline input/contract reviewed; no CY86 fixture copied. Native retirement/build gates recorded in tracker.
pa9/tests/200-duplicator.t.1	pa9/tests/200-duplicator.t.1	20bde859f1bf8385a6c162a9eecc6e476d7cbb7562b67aa5bf725b3c8cd9d964	Copy input bytes using the CY86 bundled I/O and memcpy routines	retire		Retire the bundled CY86 I/O program; this is not a missing native compiler assertion.	Baseline input/contract reviewed; no CY86 fixture copied. Native retirement/build gates recorded in tracker.
pa9/tests/210-reverser.t.1	pa9/tests/210-reverser.t.1	ea1600c813aa115671d5a8ca021cd99eaa68831ca3e12cc44ea6b7b090902003	Loop over input bytes and reverse them through the CY86 I/O runtime	retire		Retire the bundled CY86 application. PA13 sum/swap and existing native memory/control cases cover the retained learning objectives.	Baseline input/contract reviewed; no CY86 fixture copied. Native retirement/build gates recorded in tracker.
pa9/tests/220-hexdump.t.1	pa9/tests/220-hexdump.t.1	6bf02d937ca570080e271be8855099f442fc792ca5b43a6534b87b31a5be435d	Convert input bytes to hexadecimal text through CY86 I/O	retire		Retire the CY86 application and its text formatting; no corresponding compiler contract to migrate.	Baseline input/contract reviewed; no CY86 fixture copied. Native retirement/build gates recorded in tracker.
pa9/tests/300-binary-calculator.t.1	pa9/tests/300-binary-calculator.t.1	cba4892edf2ba38ddce6c729d569cbacdc9d4461bc549d4e3f478c80fd81af56	Interpret binary operator requests with CY86 opcodes and I/O	retire	pa24/tests/structural/100-fixed-shift-count-operands.t	Retire the calculator language and opcode matrix. Native arithmetic, shifts and addressing are already exercised directly; no calculator fixture is copied.	Baseline input/contract reviewed; no CY86 fixture copied. Native retirement/build gates recorded in tracker.
pa9/tests/300-negative-memory-literal-bad.t.1	pa9/tests/300-negative-memory-literal-bad.t.1	61cb5a49d083c26f3d01623993c3610a86df7c454cf3c8a4d07ec436d920a9e5	Reject a negative CY86 memory-literal spelling	retire		Retire grammar-specific negative with the language.	Baseline input/contract reviewed; no CY86 fixture copied. Native retirement/build gates recorded in tracker.
pa9/tests/300-unparenthesized-label-offset-bad.t.1	pa9/tests/300-unparenthesized-label-offset-bad.t.1	e928388a237a09b026541cd629444cce8afac9bd64d608299d1db1f825b016bc	Reject an unparenthesized CY86 label offset	retire		Retire grammar-specific negative with the language.	Baseline input/contract reviewed; no CY86 fixture copied. Native retirement/build gates recorded in tracker.
pa9/tests/300-unparenthesized-negative-immediate-bad.t.1	pa9/tests/300-unparenthesized-negative-immediate-bad.t.1	bc48da83dccbb5a1fddd95d732106f989bc15bd32e4668527d5d711c3b2b1c6e	Reject an unparenthesized negative CY86 immediate	retire		Retire grammar-specific negative with the language.	Baseline input/contract reviewed; no CY86 fixture copied. Native retirement/build gates recorded in tracker.
pa9/tests/300-unsupported-conversion-opcode-bad.t.1	pa9/tests/300-unsupported-conversion-opcode-bad.t.1	df4ba56605e52d19a2938e1da35b837e7c0219ad8f4f0f4a5cd197b564456c99	Reject an unsupported CY86 conversion opcode	retire		Retire opcode-language negative; LowIR conversion validity remains independently checked.	Baseline input/contract reviewed; no CY86 fixture copied. Native retirement/build gates recorded in tracker.
pa9/tests/400-integer-calculator.t.1	pa9/tests/400-integer-calculator.t.1	f0d21ec0c5560680dd6f96ae943ea012653b6349fb985cad4e1df319cb793a98	Interpret signed/unsigned integer calculator requests through CY86	retire	pa24/tests/strict/300-unsigned-int-ops.t;pa24/tests/strict/300-unsigned-compare-predicates.t	Retire the calculator/I/O protocol. Existing native tests already distinguish signedness in division, modulus, shift and comparison; this is shared subject matter, not a claim of identical fixtures.	Baseline input/contract reviewed; no CY86 fixture copied. Native retirement/build gates recorded in tracker.
pa9/tests/400-negated-wchar-sign-extension.t.1	pa9/tests/400-negated-wchar-sign-extension.t.1	7b6de2873ea25a9e343ff26c9f03cf73c5a91ca33663d970f7caccd7103a7bcc	Negate a wchar literal and inspect its upper word through CY86	retire		Retire the CY86 literal-coercion contract; C++ literal typing and LowIR extension operations keep their own owners.	Baseline input/contract reviewed; no CY86 fixture copied. Native retirement/build gates recorded in tracker.
pa9/tests/450-raw-literal-width-and-nan.t.1	pa9/tests/450-raw-literal-width-and-nan.t.1	0ef1ad6cdd078d48c916ae532e930d6bb3b45ab6259892016032b4be9fce6bd0	Interpret raw CY86 floating bit patterns, width coercions and NaN comparison	retire		Retire CY86 raw-literal reinterpretation and mixed-width acceptance; these spellings do not specify LowIR semantics.	Baseline input/contract reviewed; no CY86 fixture copied. Native retirement/build gates recorded in tracker.
pa9/tests/500-long-double-label-alignment.t.1	pa9/tests/500-long-double-label-alignment.t.1	3368ee41bc065bdc7c65fdcfe7be3ffc9c4b10c91d069e2b5d7994c5d3944a0b	Align an implicit CY86 long-double literal label to 16 bytes	retire	pa24/tests/strict/200-f80-structured-global-data.t	Retire the implicit literal-label rule. LowIR uses explicit typed globals; existing native coverage reads f80 structured data.	Baseline input/contract reviewed; no CY86 fixture copied. Native retirement/build gates recorded in tracker.
pa9/tests/500-string-literal-element-alignment.t.1	pa9/tests/500-string-literal-element-alignment.t.1	c6f29d568c5b33770b448f5474ea6000cf488d273997dfcdbff244507cd768c7	Lay out implicit CY86 narrow/wide string labels	retire		Retire automatic CY86 literal placement; source string lowering and native typed global layout retain their own contracts.	Baseline input/contract reviewed; no CY86 fixture copied. Native retirement/build gates recorded in tracker.
pa9/tests/500-to-float80.t.1	pa9/tests/500-to-float80.t.1	525d034c346b09e918f31a131ae16b96cc374d4c4115bf2a5d22636167b57eb6	Convert integer and floating CY86 values to f80 through calculator I/O	retire	pa24/tests/structural/300-integral-float-conversions.t;pa24/tests/structural/400-float-width-conversions.t	Retire CY86 opcode/I/O matrix. Existing native cases observe signed/unsigned integer-to-f80 and float extension/truncation.	Baseline input/contract reviewed; no CY86 fixture copied. Native retirement/build gates recorded in tracker.
pa9/tests/501-from-float80.t.1	pa9/tests/501-from-float80.t.1	428243cfe4db3403d6bc8fd312f927b1bf7f61e54a422781ef526ae6ce46d013	Convert f80 values to integer and floating CY86 values through calculator I/O	retire	pa24/tests/structural/300-integral-float-conversions.t;pa24/tests/structural/400-float-width-conversions.t	Retire CY86 opcode/I/O matrix. Existing native cases observe f80-to-signed/unsigned integer and narrower floating conversions.	Baseline input/contract reviewed; no CY86 fixture copied. Native retirement/build gates recorded in tracker.
pa9/tests/600-float-calculator.t.1	pa9/tests/600-float-calculator.t.1	49d1a559a880f20209616246dcdf0748b40f353e64c5c877b0453a7ea94a10e5	Interpret floating arithmetic and comparison requests through CY86	retire	pa24/tests/structural/500-f80-arithmetic-compare-owner.t	Retire the CY86 calculator protocol. Native floating arithmetic/comparison is already a required and exercised family.	Baseline input/contract reviewed; no CY86 fixture copied. Native retirement/build gates recorded in tracker.
pa13/tests/300-bad-entry-role-declaration.t	pa13/tests/300-bad-entry-role-declaration.t	09af09d2fab76f0f4f418796582478010e389c1d558ed32448e6bbdc6fdd1012	bad entry role declaration	retire		Retire this dormant malformed/obsolete-spelling diagnostic fixture from the early course. Existing active structural checks remain; consolidation does not require exhaustive rejection of every invalid LowIR spelling.	Curriculum/grammar review; no new early diagnostic requirement
pa13/tests/300-bad-global-tls-wrapper-metadata.t	pa13/tests/300-bad-global-tls-wrapper-metadata.t	681ee05de54dfa9b1c2c5812a171d20ecef7c278beaa833380866118a917f976	bad global tls wrapper metadata	retire		Retire this dormant malformed/obsolete-spelling diagnostic fixture from the early course. Existing active structural checks remain; consolidation does not require exhaustive rejection of every invalid LowIR spelling.	Curriculum/grammar review; no new early diagnostic requirement
pa13/tests/300-bad-negative-debug-line.t	pa13/tests/300-bad-negative-debug-line.t	9124f59bd9eb363369ebde05bf67be5add11ea7c06b1897fa03338e762468a67	bad negative debug line	retire		Retire this dormant malformed/obsolete-spelling diagnostic fixture from the early course. Existing active structural checks remain; consolidation does not require exhaustive rejection of every invalid LowIR spelling.	Curriculum/grammar review; no new early diagnostic requirement
pa13/tests/300-bad-writable-storage-metadata.t	pa13/tests/300-bad-writable-storage-metadata.t	0f78a4bcb85e2fa6c8289e0bcb1b2af7ce742c36392bc1e414dc9ee01c8dc8fd	bad writable storage metadata	retire		Retire this dormant malformed/obsolete-spelling diagnostic fixture from the early course. Existing active structural checks remain; consolidation does not require exhaustive rejection of every invalid LowIR spelling.	Curriculum/grammar review; no new early diagnostic requirement
pa13/tests/400-bad-false-force-inline-flag.t	pa13/tests/400-bad-false-force-inline-flag.t	48875494c12dc75bc8aed6e0daee44dc98696a44459e5a44dbfee93faad9ec83	bad false force inline flag	retire		Retire this dormant malformed/obsolete-spelling diagnostic fixture from the early course. Existing active structural checks remain; consolidation does not require exhaustive rejection of every invalid LowIR spelling.	Curriculum/grammar review; no new early diagnostic requirement
pa13/tests/400-bad-false-inline-hint-flag.t	pa13/tests/400-bad-false-inline-hint-flag.t	124cd23aa9a586b422fcfa38cce015a17aaad887316e28efe0a18d5a898c2029	bad false inline hint flag	retire		Retire this dormant malformed/obsolete-spelling diagnostic fixture from the early course. Existing active structural checks remain; consolidation does not require exhaustive rejection of every invalid LowIR spelling.	Curriculum/grammar review; no new early diagnostic requirement
pa13/tests/400-bad-false-keep-alias-flag.t	pa13/tests/400-bad-false-keep-alias-flag.t	e2888152b8ce8fbebbf5c5767687d7be184c828f65a98293ab9c5c2491017cc6	bad false keep alias flag	retire		Retire this dormant malformed/obsolete-spelling diagnostic fixture from the early course. Existing active structural checks remain; consolidation does not require exhaustive rejection of every invalid LowIR spelling.	Curriculum/grammar review; no new early diagnostic requirement
pa13/tests/400-bad-false-no-inline-flag.t	pa13/tests/400-bad-false-no-inline-flag.t	ac1d5edfc07cdcd50f4795c19f6e43c1c65fa2448dfa7a1e4283ee657a0db65a	bad false no inline flag	retire		Retire this dormant malformed/obsolete-spelling diagnostic fixture from the early course. Existing active structural checks remain; consolidation does not require exhaustive rejection of every invalid LowIR spelling.	Curriculum/grammar review; no new early diagnostic requirement
pa13/tests/400-bad-false-object-root-flag.t	pa13/tests/400-bad-false-object-root-flag.t	945ed5df3b4178a454f9c8f15bcaf7a76f49e0115385b2384224fcb06ae429d1	bad false object root flag	retire		Retire this dormant malformed/obsolete-spelling diagnostic fixture from the early course. Existing active structural checks remain; consolidation does not require exhaustive rejection of every invalid LowIR spelling.	Curriculum/grammar review; no new early diagnostic requirement
pa13/tests/400-bad-false-prefer-local-flag.t	pa13/tests/400-bad-false-prefer-local-flag.t	14ce43965242c7338d43a558b6ba42f2aa495c8bee3bbf11e8435be64a21cbc5	bad false prefer local flag	retire		Retire this dormant malformed/obsolete-spelling diagnostic fixture from the early course. Existing active structural checks remain; consolidation does not require exhaustive rejection of every invalid LowIR spelling.	Curriculum/grammar review; no new early diagnostic requirement
pa13/tests/400-bad-phi-missing-predecessor.t	pa13/tests/400-bad-phi-missing-predecessor.t	71ad15ee21c3dfad307acc611b6dae88d1665e71328f04b41ab3efff2ba5f43c	bad phi missing predecessor	retain	pa8/tests/spec/100-bad-phi-missing-predecessor.t	Activate the introductory phi graph/roundtrip assertion in default discovery; retire CY86 output shape.	Intake complete; current-number focused validation pending
pa13/tests/400-bad-phi-placement.t	pa13/tests/400-bad-phi-placement.t	3f724f4d450e4bd0dfcdd239b17503bcd7875ac4e98eafbb299eb1d3c2829b3c	bad phi placement	retain	pa8/tests/spec/100-bad-phi-placement.t	Activate the introductory phi graph/roundtrip assertion in default discovery; retire CY86 output shape.	Intake complete; current-number focused validation pending
pa13/tests/400-bad-phi-type.t	pa13/tests/400-bad-phi-type.t	b8188dbfe87a71143324f542ade34bd49d4d40a75327dff67f65e3fb97660c82	bad phi type	retain	pa8/tests/spec/100-bad-phi-type.t	Activate the introductory phi graph/roundtrip assertion in default discovery; retire CY86 output shape.	Intake complete; current-number focused validation pending
pa13/tests/400-bad-redundant-cpp-linkage.t	pa13/tests/400-bad-redundant-cpp-linkage.t	9602a5e6580d8eff834c5c6715d8502ea1b6f2f397f32b664d59aa975b3bb958	bad redundant cpp linkage	retire		Retire this dormant malformed/obsolete-spelling diagnostic fixture from the early course. Existing active structural checks remain; consolidation does not require exhaustive rejection of every invalid LowIR spelling.	Curriculum/grammar review; no new early diagnostic requirement
pa13/tests/400-bad-redundant-direct-pass.t	pa13/tests/400-bad-redundant-direct-pass.t	1f0aad7dd644f45f3393da8af18a61cb2c4482100f34908dd7c8886e95473c75	bad redundant direct pass	retire		Retire this dormant malformed/obsolete-spelling diagnostic fixture from the early course. Existing active structural checks remain; consolidation does not require exhaustive rejection of every invalid LowIR spelling.	Curriculum/grammar review; no new early diagnostic requirement
pa13/tests/400-bad-redundant-effects-default.t	pa13/tests/400-bad-redundant-effects-default.t	cec60fb9ad59cbeb7db5dd208e89183365cdb796179b8a0c5ee80f339877bec1	bad redundant effects default	retire		Retire this dormant malformed/obsolete-spelling diagnostic fixture from the early course. Existing active structural checks remain; consolidation does not require exhaustive rejection of every invalid LowIR spelling.	Curriculum/grammar review; no new early diagnostic requirement
pa13/tests/400-bad-redundant-fixed-arity.t	pa13/tests/400-bad-redundant-fixed-arity.t	6158c1f6fcb8a1bd6c5f97c3c44e7667fe859f7383dda07c5670a28b7a5b5500	bad redundant fixed arity	retire		Retire this dormant malformed/obsolete-spelling diagnostic fixture from the early course. Existing active structural checks remain; consolidation does not require exhaustive rejection of every invalid LowIR spelling.	Curriculum/grammar review; no new early diagnostic requirement
pa13/tests/400-bad-redundant-maycapture.t	pa13/tests/400-bad-redundant-maycapture.t	1718b2ce820d61be66482552a7986b849e724557d7afe760398588a4126cdd7f	bad redundant maycapture	retire		Retire this dormant malformed/obsolete-spelling diagnostic fixture from the early course. Existing active structural checks remain; consolidation does not require exhaustive rejection of every invalid LowIR spelling.	Curriculum/grammar review; no new early diagnostic requirement
pa13/tests/400-bad-redundant-readwrite-access.t	pa13/tests/400-bad-redundant-readwrite-access.t	bdaf4f21426334cfbf615c46c65c532b9eac6480b85053681fe8dae148f52f89	bad redundant readwrite access	retire		Retire this dormant malformed/obsolete-spelling diagnostic fixture from the early course. Existing active structural checks remain; consolidation does not require exhaustive rejection of every invalid LowIR spelling.	Curriculum/grammar review; no new early diagnostic requirement
pa13/tests/400-bad-redundant-return-default.t	pa13/tests/400-bad-redundant-return-default.t	3668cfcea591a40c3231422a117b865a4742fd59b0e4505b99a7e2daca18cb3f	bad redundant return default	retire		Retire this dormant malformed/obsolete-spelling diagnostic fixture from the early course. Existing active structural checks remain; consolidation does not require exhaustive rejection of every invalid LowIR spelling.	Curriculum/grammar review; no new early diagnostic requirement
pa13/tests/400-bad-redundant-unwind-default.t	pa13/tests/400-bad-redundant-unwind-default.t	5ac14d01129c510f9b1783e29c05931748ac20a581c71d6a1cf065d1a82859dd	bad redundant unwind default	retire		Retire this dormant malformed/obsolete-spelling diagnostic fixture from the early course. Existing active structural checks remain; consolidation does not require exhaustive rejection of every invalid LowIR spelling.	Curriculum/grammar review; no new early diagnostic requirement
pa13/tests/400-bad-unknown-arity-metadata.t	pa13/tests/400-bad-unknown-arity-metadata.t	0722b3ea9b74215eb54f8d551b77132e55f98e28cdb074c175bfe1858c862342	bad unknown arity metadata	retire		Retire this dormant malformed/obsolete-spelling diagnostic fixture from the early course. Existing active structural checks remain; consolidation does not require exhaustive rejection of every invalid LowIR spelling.	Curriculum/grammar review; no new early diagnostic requirement
pa13/tests/400-bad-unknown-instruction.t	pa13/tests/400-bad-unknown-instruction.t	56ca8af3bd622ba09cb033436fb543fe5829edd60a6ec467ef31567caa99006b	bad unknown instruction	retire		Retire this dormant malformed/obsolete-spelling diagnostic fixture from the early course. Existing active structural checks remain; consolidation does not require exhaustive rejection of every invalid LowIR spelling.	Curriculum/grammar review; no new early diagnostic requirement
pa13/tests/400-bad-unknown-symbol-metadata.t	pa13/tests/400-bad-unknown-symbol-metadata.t	cc2a8f89d2fb6bc0579b3245c21fe60c8ab0c3c91c455a904bd9f3980aaf737e	bad unknown symbol metadata	retire		Retire this dormant malformed/obsolete-spelling diagnostic fixture from the early course. Existing active structural checks remain; consolidation does not require exhaustive rejection of every invalid LowIR spelling.	Curriculum/grammar review; no new early diagnostic requirement
pa13/tests/400-bad-unknown-symbol-role.t	pa13/tests/400-bad-unknown-symbol-role.t	95d5f0660260c416d7d6689b071b0f16c9485983fed50c8b6124e61379c5449d	bad unknown symbol role	retire		Retire this dormant malformed/obsolete-spelling diagnostic fixture from the early course. Existing active structural checks remain; consolidation does not require exhaustive rejection of every invalid LowIR spelling.	Curriculum/grammar review; no new early diagnostic requirement
pa13/tests/400-phi-control-flow.t	pa13/tests/400-phi-control-flow.t	1ef8232736295b4bac4e1a469ba0ff8cf890a52b4e27dc916c97d5314377ce85	phi control flow	retain	pa8/tests/spec/100-phi-control-flow.t	Activate the introductory phi graph/roundtrip assertion in default discovery; retire CY86 output shape.	Intake complete; current-number focused validation pending
pa13/tests/500-bad-unreachable-as-role.t	pa13/tests/500-bad-unreachable-as-role.t	d97cf0b7409a5665fb8b97248124f98310ac26c3fc06966d5fceeae5765a2e3c	bad unreachable as role	retire		Retire this dormant malformed/obsolete-spelling diagnostic fixture from the early course. Existing active structural checks remain; consolidation does not require exhaustive rejection of every invalid LowIR spelling.	Curriculum/grammar review; no new early diagnostic requirement
pa13/tests/500-inline-hint-global-bad.t	pa13/tests/500-inline-hint-global-bad.t	8594341b2f0a631663b6d10d5548d85e943af3f9b114cc3220da1c5851ca6dee	inline hint global bad	retire		Retire this dormant malformed/obsolete-spelling diagnostic fixture from the early course. Existing active structural checks remain; consolidation does not require exhaustive rejection of every invalid LowIR spelling.	Curriculum/grammar review; no new early diagnostic requirement
pa13/tests/500-inline-hint-metadata.t	pa13/tests/500-inline-hint-metadata.t	38521a6b35c4f30dcca55fa7ce865e0ad34217dd6dca07fe3b292d881832accc	inline hint metadata	reduce/split	pa8/tests/spec/200-function-effect-metadata-smoke.t	Fold the missing positive metadata field into the existing function-metadata roundtrip; no second empty-program fixture.	Metadata folding complete; focused validation pending
pa13/tests/500-terminate-role-metadata.t	pa13/tests/500-terminate-role-metadata.t	dae5ca6d551184c1e835e124b8c36a73918d5b090033c93e715d41887a32caea	terminate role metadata	reduce/split	pa8/tests/spec/200-function-effect-metadata-smoke.t	Fold the missing positive metadata field into the existing function-metadata roundtrip; no second empty-program fixture.	Metadata folding complete; focused validation pending
pa13/tests/behavior/100-default-eh-caught.t	pa13/tests/behavior/100-default-eh-caught.t	5021750cac47c70ee4084ef796ffddae3005eddf02e758cefc92da68cf636094	default eh caught	retire	pa8/tests/spec/100-eh-same-function-catch.t	Retire execution of the CY86 fallback exception runtime. Existing input-contract case preserves EH IR; native/source EH is taught at its later owner.	Assertion review complete; affected native/optimizer and final harness gates pending
pa13/tests/behavior/100-default-eh-unhandled.t	pa13/tests/behavior/100-default-eh-unhandled.t	f5938ff15a2454f983ed07e4520df09661227c728a370595765dd741b226cf96	default eh unhandled	retire		Retire CY86-specific unhandled-exception exit status; this is not a LowIR representation requirement.	Assertion review complete; affected native/optimizer and final harness gates pending
pa13/tests/behavior/100-phi-control-flow.t	pa13/tests/behavior/100-phi-control-flow.t	d806f8d2f1860dade3dcb62214dfd26effe24c2250907b18d6dd7d11aeb36c23	phi control flow	covered elsewhere	pa24/tests/structural/800-phi-critical-loop.t	Native critical-edge loop case executes phi selection and loop-carried values; different success-code arithmetic is not a new assertion.	Assertion review complete; affected native/optimizer and final harness gates pending
pa13/tests/behavior/200-atomic-add-fetch.t	pa13/tests/behavior/200-atomic-add-fetch.t	f4e157cad10ed9c5de43f02b4906f29c85a5f068b219c0421b00898f6b2227ec	atomic add fetch	reduce/split	pa24/tests/strict/300-atomic-add-fetch.t	Extend the existing native atomic result case to read back the stored value as well; no second fixture.	Assertion review complete; affected native/optimizer and final harness gates pending
pa13/tests/behavior/200-retained-call-boundary-metadata.t	pa13/tests/behavior/200-retained-call-boundary-metadata.t	c755fd0a95ffddee1e0c7bbf139f3de23a72b7787a892c5daa08612cbed654b7	retained call boundary metadata	covered elsewhere	pa24/tests/strict/600-call-pass-mode-address-materialization.t;pa24/tests/controls/918-by-address-call-materializes-storage.t	Native calls already observe indirect-result and by-address storage; ordinary pointer arguments do not require another metadata combination.	Assertion review complete; affected native/optimizer and final harness gates pending
pa13/tests/behavior/200-retained-global-section.t	pa13/tests/behavior/200-retained-global-section.t	96271e72d69b1016e430c71f4f2a465bec7e29457fdf390ad5b0bbab89a3aff1	retained global section	covered elsewhere	pa27/tests/controls/section-token-safe.cpp;pa32/tests/object-roundtrip/510-gnu-section-attribute.cpp	The old program returned zero without observing placement. Existing source and object-roundtrip controls inspect actual section metadata and placement.	Assertion review complete; affected native/optimizer and final harness gates pending
pa13/tests/behavior/200-retained-parameter-object-extent.t	pa13/tests/behavior/200-retained-parameter-object-extent.t	cd22b5cbce3b8ed717266afabc978b7a504f29434e68ec1ac8695afa3bc31e78	retained parameter object extent	covered elsewhere	pa32/tests/regression/controls/543-o3-bounded-object-memory.t;pa32/tests/object-roundtrip/540-parameter-object-extent-replay.cpp	Existing bounded-region controls and object roundtrip cover extent metadata and observable memory behavior. Reading the first word alone adds no extent-sensitive observation.	Assertion review complete; affected native/optimizer and final harness gates pending
pa13/tests/behavior/200-switch-terminator.t	pa13/tests/behavior/200-switch-terminator.t	4640c4d5c361daecbd6f0a51ad597337eaf6d325b5413ff88fc603938dc3d985	switch terminator	covered elsewhere	pa24/tests/strict/100-switch-terminator.t	Existing native switch selects the same arm; exit 7 rather than 0 is immaterial.	Assertion review complete; affected native/optimizer and final harness gates pending
pa13/tests/behavior/200-unreachable-terminator.t	pa13/tests/behavior/200-unreachable-terminator.t	795f50a1cd6bf50f460261315336424e64d45b69eb6165506e875ff39f1376cd	unreachable terminator	covered elsewhere	pa24/tests/controls/916-unreachable-terminator.t	Existing native control runs the reachable branch and checks the unreachable terminator relationship.	Assertion review complete; affected native/optimizer and final harness gates pending
pa13/tests/behavior/300-retained-copy-elision-permission.t	pa13/tests/behavior/300-retained-copy-elision-permission.t	d29060e0ad70890a6cf06b2e32002b5515df2431346ee4b08c2beeb71570e6df	retained copy elision permission	covered elsewhere	pa32/tests/regression/controls/540-copy-elision-permission.t	Existing elision control covers branch-selected construction, transfer permissions, cleanup and preserved behavior at optimization levels.	Assertion review complete; affected native/optimizer and final harness gates pending
pa13/tests/behavior/300-retained-index-projections.t	pa13/tests/behavior/300-retained-index-projections.t	7f084845b2fe982359243c93b4ca59b07dbdef8c0c7ad610b4588d9faecd1a81	retained index projections	covered elsewhere	pa24/tests/structural/500-ptr-diff-switch.t;pa33/tests/o1/400-rematerialized-storage-addresses.t	Native pointer-difference case observes element scaling against a byte offset; existing field/array projection cases preserve and execute both metadata forms.	Assertion review complete; affected native/optimizer and final harness gates pending
pa13/tests/behavior/300-retained-stable-prefix-query.t	pa13/tests/behavior/300-retained-stable-prefix-query.t	897c27dd786f9ad17de3f007245b13ef1b0c4010ffa1480125d22fcef39c2445	retained stable prefix query	covered elsewhere	pa33/tests/regression/controls/458-stable-prefix-boundary-replay.t	Byte-identical input already executes in the owning optimizer control; fixed LowIR execution adds no introductory construction work.	Assertion review complete; affected native/optimizer and final harness gates pending
pa13/tests/debuginfo/executable-g0/100-cppgm-lldb-no-debug.t	pa13/tests/debuginfo/executable-g0/100-cppgm-lldb-no-debug.t	fd3656bede0df5794606d104cc15ac33baf1f57a1de5c9e802bb69e2b50e6a96	cppgm lldb no debug	retain	pa8/tests/debuginfo/executable-g0/100-cppgm-lldb-no-debug.t	Keep the existing source, LowIR optimizer, machine, object or debugger observation and its owning script. These are independent of the retired CY86 client.	Inputs and references unchanged; final debug-info gate pending
pa13/tests/debuginfo/executable-multi/100-cppgm-lldb-multi.t	pa13/tests/debuginfo/executable-multi/100-cppgm-lldb-multi.t	5dfb1fd1de201c87b6ae1702ef8b57a009f9c88b70e1645c35804bf05a7b1013	cppgm lldb multi	retain	pa8/tests/debuginfo/executable-multi/100-cppgm-lldb-multi.t	Keep the existing source, LowIR optimizer, machine, object or debugger observation and its owning script. These are independent of the retired CY86 client.	Inputs and references unchanged; final debug-info gate pending
pa13/tests/debuginfo/executable-o1/100-cppgm-lldb-line-o1.t	pa13/tests/debuginfo/executable-o1/100-cppgm-lldb-line-o1.t	7dced073b50519c961885887472f7039e0811ddcbe80ca65f03642b2b9d19334	cppgm lldb line o1	retain	pa8/tests/debuginfo/executable-o1/100-cppgm-lldb-line-o1.t	Keep the existing source, LowIR optimizer, machine, object or debugger observation and its owning script. These are independent of the retired CY86 client.	Inputs and references unchanged; final debug-info gate pending
pa13/tests/debuginfo/executable-o2/100-cppgm-lldb-line-o2.t	pa13/tests/debuginfo/executable-o2/100-cppgm-lldb-line-o2.t	a890f253fc768d76eb5ac0f03cc7880b248d1d1ca02cd7c912e0d9bbddb8cf80	cppgm lldb line o2	retain	pa8/tests/debuginfo/executable-o2/100-cppgm-lldb-line-o2.t	Keep the existing source, LowIR optimizer, machine, object or debugger observation and its owning script. These are independent of the retired CY86 client.	Inputs and references unchanged; final debug-info gate pending
pa13/tests/debuginfo/executable/100-cppgm-lldb-line.t	pa13/tests/debuginfo/executable/100-cppgm-lldb-line.t	64c6d23e69814ab607556e1f11f0438787d51f0bed523ae6fbcce18b0806babc	cppgm lldb line	retain	pa8/tests/debuginfo/executable/100-cppgm-lldb-line.t	Keep the existing source, LowIR optimizer, machine, object or debugger observation and its owning script. These are independent of the retired CY86 client.	Inputs and references unchanged; final debug-info gate pending
pa13/tests/debuginfo/machine/100-lowir2native-machine-add.t	pa13/tests/debuginfo/machine/100-lowir2native-machine-add.t	0b4c0bd89947e3f216fc8aeae2b65874f1aea0ffe103d128d9f76a253bbb8be2	lowir2native machine add	retain	pa8/tests/debuginfo/machine/100-lowir2native-machine-add.t	Keep the existing source, LowIR optimizer, machine, object or debugger observation and its owning script. These are independent of the retired CY86 client.	Inputs and references unchanged; final debug-info gate pending
pa13/tests/debuginfo/machine/100-lowir2native-machine-no-entry.t	pa13/tests/debuginfo/machine/100-lowir2native-machine-no-entry.t	b0e4a7bf06eb34deca55f0ee6c9cb017fb276fe94932926ce3ffe94ecd6e7a63	lowir2native machine no entry	retain	pa8/tests/debuginfo/machine/100-lowir2native-machine-no-entry.t	Keep the existing source, LowIR optimizer, machine, object or debugger observation and its owning script. These are independent of the retired CY86 client.	Inputs and references unchanged; final debug-info gate pending
pa13/tests/debuginfo/o0/100-bad-zero-line.t	pa13/tests/debuginfo/o0/100-bad-zero-line.t	9d843a81810c3a1b40826cbc0bc13aed44773bd6dfd68155923cab12f5e59e5f	bad zero line	retain	pa8/tests/debuginfo/o0/100-bad-zero-line.t	Keep the existing source, LowIR optimizer, machine, object or debugger observation and its owning script. These are independent of the retired CY86 client.	Inputs and references unchanged; final debug-info gate pending
pa13/tests/debuginfo/o0/100-eh-filter-empty-debug-roundtrip.t	pa13/tests/debuginfo/o0/100-eh-filter-empty-debug-roundtrip.t	fdd8086e2aa51b2f6afa7adb14eca00a91fa9319d7c820bea517300776a3567a	eh filter empty debug roundtrip	retain	pa8/tests/debuginfo/o0/100-eh-filter-empty-debug-roundtrip.t	Keep the existing source, LowIR optimizer, machine, object or debugger observation and its owning script. These are independent of the retired CY86 client.	Inputs and references unchanged; final debug-info gate pending
pa13/tests/debuginfo/o0/100-export-metadata-roundtrip.t	pa13/tests/debuginfo/o0/100-export-metadata-roundtrip.t	98b1f94b725d19274175eb3faca96fe4359390bb225f369da0e9537fd0e2547a	export metadata roundtrip	retain	pa8/tests/debuginfo/o0/100-export-metadata-roundtrip.t	Keep the existing source, LowIR optimizer, machine, object or debugger observation and its owning script. These are independent of the retired CY86 client.	Inputs and references unchanged; final debug-info gate pending
pa13/tests/debuginfo/o0/100-roundtrip.t	pa13/tests/debuginfo/o0/100-roundtrip.t	21a580c2645ed5b23e56b5536c762d7fba2e09f5bd749e821e01407d311acbcc	roundtrip	retain	pa8/tests/debuginfo/o0/100-roundtrip.t	Keep the existing source, LowIR optimizer, machine, object or debugger observation and its owning script. These are independent of the retired CY86 client.	Inputs and references unchanged; final debug-info gate pending
pa13/tests/debuginfo/object-g0/100-cppgm-no-debug-sections.t	pa13/tests/debuginfo/object-g0/100-cppgm-no-debug-sections.t	c73acd069a51551664757d4d82e5ad12d30a23fc0baac93dfe9335f9d87dd78a	cppgm no debug sections	retain	pa8/tests/debuginfo/object-g0/100-cppgm-no-debug-sections.t	Keep the existing source, LowIR optimizer, machine, object or debugger observation and its owning script. These are independent of the retired CY86 client.	Inputs and references unchanged; final debug-info gate pending
pa13/tests/debuginfo/object-o1/100-cppgm-line-tables-o1.t	pa13/tests/debuginfo/object-o1/100-cppgm-line-tables-o1.t	e36f990021375b2a265d32465eea817d593654be54146b6e517d73c9393ab782	cppgm line tables o1	retain	pa8/tests/debuginfo/object-o1/100-cppgm-line-tables-o1.t	Keep the existing source, LowIR optimizer, machine, object or debugger observation and its owning script. These are independent of the retired CY86 client.	Inputs and references unchanged; final debug-info gate pending
pa13/tests/debuginfo/object-o2/100-cppgm-line-tables-o2.t	pa13/tests/debuginfo/object-o2/100-cppgm-line-tables-o2.t	2825887828a26e15d981a70b9729dd6c5f6edd050e89ea5ad4053447a30e743f	cppgm line tables o2	retain	pa8/tests/debuginfo/object-o2/100-cppgm-line-tables-o2.t	Keep the existing source, LowIR optimizer, machine, object or debugger observation and its owning script. These are independent of the retired CY86 client.	Inputs and references unchanged; final debug-info gate pending
pa13/tests/debuginfo/object/100-cppgm-line-tables.t	pa13/tests/debuginfo/object/100-cppgm-line-tables.t	58c1becde871497580178809f1c7d0c563730aa044403a164d3fe40e82870e6f	cppgm line tables	retain	pa8/tests/debuginfo/object/100-cppgm-line-tables.t	Keep the existing source, LowIR optimizer, machine, object or debugger observation and its owning script. These are independent of the retired CY86 client.	Inputs and references unchanged; final debug-info gate pending
pa13/tests/debuginfo/source-g0/100-cppgm-emit-no-debug.t	pa13/tests/debuginfo/source-g0/100-cppgm-emit-no-debug.t	36318a92d5c3144f001883318d75fd3e9c12f14591585f9225bc57e4227990a5	cppgm emit no debug	retain	pa8/tests/debuginfo/source-g0/100-cppgm-emit-no-debug.t	Keep the existing source, LowIR optimizer, machine, object or debugger observation and its owning script. These are independent of the retired CY86 client.	Inputs and references unchanged; final debug-info gate pending
pa13/tests/debuginfo/source/100-cppgm-emit-add.t	pa13/tests/debuginfo/source/100-cppgm-emit-add.t	62611671b97c8b9697d68f778f1b1fb9527a7a18fcf11f058a2b80852af6ab86	cppgm emit add	retain	pa8/tests/debuginfo/source/100-cppgm-emit-add.t	Keep the existing source, LowIR optimizer, machine, object or debugger observation and its owning script. These are independent of the retired CY86 client.	Inputs and references unchanged; final debug-info gate pending
pa13/tests/debuginfo/source/100-cppgm-emit-throw-closure.t	pa13/tests/debuginfo/source/100-cppgm-emit-throw-closure.t	de2ed38f1dc9ef2f5e5ebccacbb3d5fb3e34305ab568bdd54aa19babff347694	cppgm emit throw closure	retain	pa8/tests/debuginfo/source/100-cppgm-emit-throw-closure.t	Keep the existing source, LowIR optimizer, machine, object or debugger observation and its owning script. These are independent of the retired CY86 client.	Inputs and references unchanged; final debug-info gate pending
pa13/tests/spec/100-bad-missing-terminator.t	pa13/tests/spec/100-bad-missing-terminator.t	9af792167322b21d508c918430d1a0a7dcde179c5776d829f9779a8343b0ea9c	bad missing terminator	reduce/split	pa8/tests/spec/100-bad-missing-terminator.t	Retain the LowIR input-contract rejection; diagnostic text and failed output are not required.	106 spec and 3 construction cases pass ordinary/batch byte-exact modes; all 62 successful spec references reparse and serialize identically. Six harness tests pass; final export/self-host gates pending.
pa13/tests/spec/100-copyobj.t	pa13/tests/spec/100-copyobj.t	88d39b4627e6bd1be18d2e2089f36fa557a14cacac5ef0f0a366cca841a6033b	copyobj	reduce/split	pa8/tests/spec/100-copyobj.t	Retain the case as a LowIR model roundtrip: preserve its symbols, types, instructions and represented metadata. CY86 instruction selection and output shape are retired.	106 spec and 3 construction cases pass ordinary/batch byte-exact modes; all 62 successful spec references reparse and serialize identically. Six harness tests pass; final export/self-host gates pending.
pa13/tests/spec/100-eh-cleanup-resume.t	pa13/tests/spec/100-eh-cleanup-resume.t	771799f16d5b4cfcaba99a6d9d2f4632568686785ccb79e5eabe6c630420f5b5	eh cleanup resume	reduce/split	pa8/tests/spec/100-eh-cleanup-resume.t	Retain the case as a LowIR model roundtrip: preserve its symbols, types, instructions and represented metadata. CY86 instruction selection and output shape are retired.	106 spec and 3 construction cases pass ordinary/batch byte-exact modes; all 62 successful spec references reparse and serialize identically. Six harness tests pass; final export/self-host gates pending.
pa13/tests/spec/100-eh-end-normal.t	pa13/tests/spec/100-eh-end-normal.t	c7e560acffc5f9ad17285b0eb1f59fa304f407dc7b5afff6a0f72b13f81ed696	eh end normal	reduce/split	pa8/tests/spec/100-eh-end-normal.t	Retain the case as a LowIR model roundtrip: preserve its symbols, types, instructions and represented metadata. CY86 instruction selection and output shape are retired.	106 spec and 3 construction cases pass ordinary/batch byte-exact modes; all 62 successful spec references reparse and serialize identically. Six harness tests pass; final export/self-host gates pending.
pa13/tests/spec/100-eh-same-function-catch.t	pa13/tests/spec/100-eh-same-function-catch.t	9ddf05c524625ee969977343c5fe69b3d1f91843995d8736513534f2ec45c0f3	eh same function catch	reduce/split	pa8/tests/spec/100-eh-same-function-catch.t	Retain the case as a LowIR model roundtrip: preserve its symbols, types, instructions and represented metadata. CY86 instruction selection and output shape are retired.	106 spec and 3 construction cases pass ordinary/batch byte-exact modes; all 62 successful spec references reparse and serialize identically. Six harness tests pass; final export/self-host gates pending.
pa13/tests/spec/100-f32-global.t	pa13/tests/spec/100-f32-global.t	30ca7390cb09a4b946ac07c39e11cefe4227c86f8dd0af0845b3c944ab5dcac8	f32 global	reduce/split	pa8/tests/spec/100-f32-global.t	Retain the case as a LowIR model roundtrip: preserve its symbols, types, instructions and represented metadata. CY86 instruction selection and output shape are retired.	106 spec and 3 construction cases pass ordinary/batch byte-exact modes; all 62 successful spec references reparse and serialize identically. Six harness tests pass; final export/self-host gates pending.
pa13/tests/spec/100-f64-arith-cmp.t	pa13/tests/spec/100-f64-arith-cmp.t	322f609e744b519331a8ebb231725f06d45be4bc3d8f4760b803dd444f2f265c	f64 arith cmp	reduce/split	pa8/tests/spec/100-f64-arith-cmp.t	Retain the case as a LowIR model roundtrip: preserve its symbols, types, instructions and represented metadata. CY86 instruction selection and output shape are retired.	106 spec and 3 construction cases pass ordinary/batch byte-exact modes; all 62 successful spec references reparse and serialize identically. Six harness tests pass; final export/self-host gates pending.
pa13/tests/spec/100-function-and-instruction-debug-locations.t	pa13/tests/spec/100-function-and-instruction-debug-locations.t	69240f4d25429e8176e2ca532e82e167a2397fd8218605887addb57f5de2a42a	function and instruction debug locations	reduce/split	pa8/tests/spec/100-function-and-instruction-debug-locations.t	Retain the case as a LowIR model roundtrip: preserve its symbols, types, instructions and represented metadata. CY86 instruction selection and output shape are retired.	106 spec and 3 construction cases pass ordinary/batch byte-exact modes; all 62 successful spec references reparse and serialize identically. Six harness tests pass; final export/self-host gates pending.
pa13/tests/spec/100-global-variable.t	pa13/tests/spec/100-global-variable.t	931afca2bb2b5f8694ed9cfb183fc97130a1775b94059d7bce032c3fb45312ac	global variable	reduce/split	pa8/tests/spec/100-global-variable.t	Retain the case as a LowIR model roundtrip: preserve its symbols, types, instructions and represented metadata. CY86 instruction selection and output shape are retired.	106 spec and 3 construction cases pass ordinary/batch byte-exact modes; all 62 successful spec references reparse and serialize identically. Six harness tests pass; final export/self-host gates pending.
pa13/tests/spec/100-if-else.t	pa13/tests/spec/100-if-else.t	67f1fede6fb6f8c087da8819b483721b2e75238990d0c4276cd5c695271c40b7	if else	reduce/split	pa8/tests/spec/100-if-else.t	Retain the case as a LowIR model roundtrip: preserve its symbols, types, instructions and represented metadata. CY86 instruction selection and output shape are retired.	106 spec and 3 construction cases pass ordinary/batch byte-exact modes; all 62 successful spec references reparse and serialize identically. Six harness tests pass; final export/self-host gates pending.
pa13/tests/spec/100-index-slot.t	pa13/tests/spec/100-index-slot.t	b5b26b168fd962510661fd11cd8edeff5e8dccfc40c12b3dc37c444b6aeb893c	index slot	reduce/split	pa8/tests/spec/100-index-slot.t	Retain the case as a LowIR model roundtrip: preserve its symbols, types, instructions and represented metadata. CY86 instruction selection and output shape are retired.	106 spec and 3 construction cases pass ordinary/batch byte-exact modes; all 62 successful spec references reparse and serialize identically. Six harness tests pass; final export/self-host gates pending.
pa13/tests/spec/100-indirect-call.t	pa13/tests/spec/100-indirect-call.t	4c0bc6ad6048f434507c9d3cc922f2bc7be7a538a767b287951763ed71ab30f0	indirect call	reduce/split	pa8/tests/spec/100-indirect-call.t	Retain the case as a LowIR model roundtrip: preserve its symbols, types, instructions and represented metadata. CY86 instruction selection and output shape are retired.	106 spec and 3 construction cases pass ordinary/batch byte-exact modes; all 62 successful spec references reparse and serialize identically. Six harness tests pass; final export/self-host gates pending.
pa13/tests/spec/100-legacy-runtime-hooks.t	pa13/tests/spec/100-legacy-runtime-hooks.t	7739ea482d03cdf4d1f071ad88d2018247d6d328b12168b04c6513718c14a3a4	legacy runtime hooks	reduce/split	pa8/tests/spec/100-legacy-runtime-hooks.t	Retain the case as a LowIR model roundtrip: preserve its symbols, types, instructions and represented metadata. CY86 instruction selection and output shape are retired.	106 spec and 3 construction cases pass ordinary/batch byte-exact modes; all 62 successful spec references reparse and serialize identically. Six harness tests pass; final export/self-host gates pending.
pa13/tests/spec/100-local-arith.t	pa13/tests/spec/100-local-arith.t	8523a36344f55b3cdc90a5d31e35dc218120dc12718d7abf1133695adbef466d	local arith	reduce/split	pa8/tests/spec/100-local-arith.t	Retain the case as a LowIR model roundtrip: preserve its symbols, types, instructions and represented metadata. CY86 instruction selection and output shape are retired.	106 spec and 3 construction cases pass ordinary/batch byte-exact modes; all 62 successful spec references reparse and serialize identically. Six harness tests pass; final export/self-host gates pending.
pa13/tests/spec/100-nullptr-return-lowir.t	pa13/tests/spec/100-nullptr-return-lowir.t	0b2b1924426e4443cf78c75aad910093751070d8fa85c2350288b659f07f1b3b	nullptr return lowir	reduce/split	pa8/tests/spec/100-nullptr-return-lowir.t	Retain the case as a LowIR model roundtrip: preserve its symbols, types, instructions and represented metadata. CY86 instruction selection and output shape are retired.	106 spec and 3 construction cases pass ordinary/batch byte-exact modes; all 62 successful spec references reparse and serialize identically. Six harness tests pass; final export/self-host gates pending.
pa13/tests/spec/100-object-abi-lowered.t	pa13/tests/spec/100-object-abi-lowered.t	31246838a04653832b29cc1289ff02cd32b23091cab3912f44f4b259fbc15f1b	object abi lowered	reduce/split	pa8/tests/spec/100-object-abi-lowered.t	Retain the case as a LowIR model roundtrip: preserve its symbols, types, instructions and represented metadata. CY86 instruction selection and output shape are retired.	106 spec and 3 construction cases pass ordinary/batch byte-exact modes; all 62 successful spec references reparse and serialize identically. Six harness tests pass; final export/self-host gates pending.
pa13/tests/spec/100-ret0.t	pa13/tests/spec/100-ret0.t	eb0c305b3782fbc2650d96ca17e0280bb0ebe5b364bf205fb81f6a6bcc1b625d	ret0	reduce/split	pa8/tests/spec/100-ret0.t	Retain the case as a LowIR model roundtrip: preserve its symbols, types, instructions and represented metadata. CY86 instruction selection and output shape are retired.	106 spec and 3 construction cases pass ordinary/batch byte-exact modes; all 62 successful spec references reparse and serialize identically. Six harness tests pass; final export/self-host gates pending.
pa13/tests/spec/100-simple-call.t	pa13/tests/spec/100-simple-call.t	31d7a1fa7b99eae161ca4191abf0bb2f127a29f58e9e39fdf0883a23d043148f	simple call	reduce/split	pa8/tests/spec/100-simple-call.t	Retain the case as a LowIR model roundtrip: preserve its symbols, types, instructions and represented metadata. CY86 instruction selection and output shape are retired. Split the existing helper and caller across .t and .t2 to observe grouped-input handling without adding a case.	106 spec and 3 construction cases pass ordinary/batch byte-exact modes; all 62 successful spec references reparse and serialize identically. Six harness tests pass; final export/self-host gates pending.
pa13/tests/spec/100-small-direct-object-argument.t	pa13/tests/spec/100-small-direct-object-argument.t	bb8c54822e08b0ca93d6091660cf4a9051a7095d42c197deecc7de5430174808	small direct object argument	reduce/split	pa8/tests/spec/100-small-direct-object-argument.t	Retain the case as a LowIR model roundtrip: preserve its symbols, types, instructions and represented metadata. CY86 instruction selection and output shape are retired.	106 spec and 3 construction cases pass ordinary/batch byte-exact modes; all 62 successful spec references reparse and serialize identically. Six harness tests pass; final export/self-host gates pending.
pa13/tests/spec/100-startup-shutdown-hooks.t	pa13/tests/spec/100-startup-shutdown-hooks.t	0d2ac158df80863a2ae3c3a8f3bcc4fa3330b7fb1344709db0a50ed20862d536	startup shutdown hooks	reduce/split	pa8/tests/spec/100-startup-shutdown-hooks.t	Retain the case as a LowIR model roundtrip: preserve its symbols, types, instructions and represented metadata. CY86 instruction selection and output shape are retired.	106 spec and 3 construction cases pass ordinary/batch byte-exact modes; all 62 successful spec references reparse and serialize identically. Six harness tests pass; final export/self-host gates pending.
pa13/tests/spec/100-structured-global-data.t	pa13/tests/spec/100-structured-global-data.t	b0e2a58fc6fb51db7b459e7a7c9407179dc40e6b1a927f5e12a57b09eb73ec04	structured global data	reduce/split	pa8/tests/spec/100-structured-global-data.t	Retain the case as a LowIR model roundtrip: preserve its symbols, types, instructions and represented metadata. CY86 instruction selection and output shape are retired.	106 spec and 3 construction cases pass ordinary/batch byte-exact modes; all 62 successful spec references reparse and serialize identically. Six harness tests pass; final export/self-host gates pending.
pa13/tests/spec/100-while-break.t	pa13/tests/spec/100-while-break.t	5aa2f39adfa2f15836de9098a1d653d9594365cac738f66f518acb55ad9345c9	while break	reduce/split	pa8/tests/spec/100-while-break.t	Retain the case as a LowIR model roundtrip: preserve its symbols, types, instructions and represented metadata. CY86 instruction selection and output shape are retired.	106 spec and 3 construction cases pass ordinary/batch byte-exact modes; all 62 successful spec references reparse and serialize identically. Six harness tests pass; final export/self-host gates pending.
pa13/tests/spec/100-zeroinit.t	pa13/tests/spec/100-zeroinit.t	8066d1278088f001d089fc80bf17c9ddd06a79605429272b5168c96693eb19cc	zeroinit	reduce/split	pa8/tests/spec/100-zeroinit.t	Retain the case as a LowIR model roundtrip: preserve its symbols, types, instructions and represented metadata. CY86 instruction selection and output shape are retired.	106 spec and 3 construction cases pass ordinary/batch byte-exact modes; all 62 successful spec references reparse and serialize identically. Six harness tests pass; final export/self-host gates pending.
pa13/tests/spec/200-atomic-add-fetch.t	pa13/tests/spec/200-atomic-add-fetch.t	dd1a539b6f68ebfab45d7d1cb67f7a369540b024ea4dffa2b993318bc61e7246	atomic add fetch	reduce/split	pa8/tests/spec/200-atomic-add-fetch.t	Retain the case as a LowIR model roundtrip: preserve its symbols, types, instructions and represented metadata. CY86 instruction selection and output shape are retired.	106 spec and 3 construction cases pass ordinary/batch byte-exact modes; all 62 successful spec references reparse and serialize identically. Six harness tests pass; final export/self-host gates pending.
pa13/tests/spec/200-atomic-compare-exchange-failure.t	pa13/tests/spec/200-atomic-compare-exchange-failure.t	d17579097f80e28b78284c96488941382fbfda06706496e735b5ff20a8d08aec	atomic compare exchange failure	reduce/split	pa8/tests/spec/200-atomic-compare-exchange-failure.t	Retain the case as a LowIR model roundtrip: preserve its symbols, types, instructions and represented metadata. CY86 instruction selection and output shape are retired.	106 spec and 3 construction cases pass ordinary/batch byte-exact modes; all 62 successful spec references reparse and serialize identically. Six harness tests pass; final export/self-host gates pending.
pa13/tests/spec/200-atomic-compare-exchange-success.t	pa13/tests/spec/200-atomic-compare-exchange-success.t	2d61589df1ccf4b15d8398be253be97c264fbb7137b20118ca942790641d88ca	atomic compare exchange success	reduce/split	pa8/tests/spec/200-atomic-compare-exchange-success.t	Retain the case as a LowIR model roundtrip: preserve its symbols, types, instructions and represented metadata. CY86 instruction selection and output shape are retired.	106 spec and 3 construction cases pass ordinary/batch byte-exact modes; all 62 successful spec references reparse and serialize identically. Six harness tests pass; final export/self-host gates pending.
pa13/tests/spec/200-atomic-exchange.t	pa13/tests/spec/200-atomic-exchange.t	16ae642a0c0d59df93b832697f1fca0f45ecbe7e5cfd9cf6a302123c0ed8373d	atomic exchange	reduce/split	pa8/tests/spec/200-atomic-exchange.t	Retain the case as a LowIR model roundtrip: preserve its symbols, types, instructions and represented metadata. CY86 instruction selection and output shape are retired.	106 spec and 3 construction cases pass ordinary/batch byte-exact modes; all 62 successful spec references reparse and serialize identically. Six harness tests pass; final export/self-host gates pending.
pa13/tests/spec/200-atomic-fences.t	pa13/tests/spec/200-atomic-fences.t	fc5edb5a00a53b2d85d010f698241b302b36cfdb09aeddf3d878dfb9223bf23a	atomic fences	reduce/split	pa8/tests/spec/200-atomic-fences.t	Retain the case as a LowIR model roundtrip: preserve its symbols, types, instructions and represented metadata. CY86 instruction selection and output shape are retired.	106 spec and 3 construction cases pass ordinary/batch byte-exact modes; all 62 successful spec references reparse and serialize identically. Six harness tests pass; final export/self-host gates pending.
pa13/tests/spec/200-atomic-load-store.t	pa13/tests/spec/200-atomic-load-store.t	37d0afc23848436c81d028978f258adeff4bd8bd4462c6b43ecbd70285b831c8	atomic load store	reduce/split	pa8/tests/spec/200-atomic-load-store.t	Retain the case as a LowIR model roundtrip: preserve its symbols, types, instructions and represented metadata. CY86 instruction selection and output shape are retired.	106 spec and 3 construction cases pass ordinary/batch byte-exact modes; all 62 successful spec references reparse and serialize identically. Six harness tests pass; final export/self-host gates pending.
pa13/tests/spec/200-bad-call-signature-symbol-metadata.t	pa13/tests/spec/200-bad-call-signature-symbol-metadata.t	712a6b74d7bc0ca78e99aba430877f282d141dda747fc414c6ad5975ebcbc654	bad call signature symbol metadata	reduce/split	pa8/tests/spec/200-bad-call-signature-symbol-metadata.t	Retain the LowIR input-contract rejection; diagnostic text and failed output are not required.	106 spec and 3 construction cases pass ordinary/batch byte-exact modes; all 62 successful spec references reparse and serialize identically. Six harness tests pass; final export/self-host gates pending.
pa13/tests/spec/200-bad-duplicate-block.t	pa13/tests/spec/200-bad-duplicate-block.t	22245736536949f4d2ea8d39d73fd1341c2e8479d33f5b9a9a2332113e3bb3f0	bad duplicate block	reduce/split	pa8/tests/spec/200-bad-duplicate-block.t	Retain the LowIR input-contract rejection; diagnostic text and failed output are not required.	106 spec and 3 construction cases pass ordinary/batch byte-exact modes; all 62 successful spec references reparse and serialize identically. Six harness tests pass; final export/self-host gates pending.
pa13/tests/spec/200-bad-duplicate-object-alias.t	pa13/tests/spec/200-bad-duplicate-object-alias.t	0cbe8d8a83b0df3a6ae76627bb74624f9406ff24c6d7330cc1fc91baacb6b340	bad duplicate object alias	reduce/split	pa8/tests/spec/200-bad-duplicate-object-alias.t	Retain the LowIR input-contract rejection; diagnostic text and failed output are not required.	106 spec and 3 construction cases pass ordinary/batch byte-exact modes; all 62 successful spec references reparse and serialize identically. Six harness tests pass; final export/self-host gates pending.
pa13/tests/spec/200-bad-duplicate-parameter.t	pa13/tests/spec/200-bad-duplicate-parameter.t	37242ffcb824956cfa41ea3f3631dee3e073165208432c0298bdc8da88d74f40	bad duplicate parameter	reduce/split	pa8/tests/spec/200-bad-duplicate-parameter.t	Retain the LowIR input-contract rejection; diagnostic text and failed output are not required.	106 spec and 3 construction cases pass ordinary/batch byte-exact modes; all 62 successful spec references reparse and serialize identically. Six harness tests pass; final export/self-host gates pending.
pa13/tests/spec/200-bad-duplicate-slot.t	pa13/tests/spec/200-bad-duplicate-slot.t	a9a841f92bdbb87e157bd872ac5fbed347c623bf90309c70d8d19fa746fed818	bad duplicate slot	reduce/split	pa8/tests/spec/200-bad-duplicate-slot.t	Retain the LowIR input-contract rejection; diagnostic text and failed output are not required.	106 spec and 3 construction cases pass ordinary/batch byte-exact modes; all 62 successful spec references reparse and serialize identically. Six harness tests pass; final export/self-host gates pending.
pa13/tests/spec/200-bad-duplicate-tls-wrapper.t	pa13/tests/spec/200-bad-duplicate-tls-wrapper.t	c4c894a5e62a0ec4d71fbdce14332edfcaa5e10679cf3184d57a4c682ff692c6	bad duplicate tls wrapper	reduce/split	pa8/tests/spec/200-bad-duplicate-tls-wrapper.t	Retain the LowIR input-contract rejection; diagnostic text and failed output are not required.	106 spec and 3 construction cases pass ordinary/batch byte-exact modes; all 62 successful spec references reparse and serialize identically. Six harness tests pass; final export/self-host gates pending.
pa13/tests/spec/200-bad-duplicate-top-level-symbol.t	pa13/tests/spec/200-bad-duplicate-top-level-symbol.t	714b0791a5c93f256685c78c17b14a809ce2affa69eb03f002c0612eecf557fc	bad duplicate top level symbol	reduce/split	pa8/tests/spec/200-bad-duplicate-top-level-symbol.t	Retain the LowIR input-contract rejection; diagnostic text and failed output are not required.	106 spec and 3 construction cases pass ordinary/batch byte-exact modes; all 62 successful spec references reparse and serialize identically. Six harness tests pass; final export/self-host gates pending.
pa13/tests/spec/200-bad-function-arity-metadata.t	pa13/tests/spec/200-bad-function-arity-metadata.t	4a0576d15abb4c7c5bca3c26cba11c84660be358f74073ea71400399ec1ba1b4	bad function arity metadata	reduce/split	pa8/tests/spec/200-bad-function-arity-metadata.t	Retain the LowIR input-contract rejection; diagnostic text and failed output are not required.	106 spec and 3 construction cases pass ordinary/batch byte-exact modes; all 62 successful spec references reparse and serialize identically. Six harness tests pass; final export/self-host gates pending.
pa13/tests/spec/200-bad-function-debug-zero-line.t	pa13/tests/spec/200-bad-function-debug-zero-line.t	f2b3c6411a2b7c3c077881785a886f232874f582616c3c23a2896cc10efac2ec	bad function debug zero line	reduce/split	pa8/tests/spec/200-bad-function-debug-zero-line.t	Retain the LowIR input-contract rejection; diagnostic text and failed output are not required.	106 spec and 3 construction cases pass ordinary/batch byte-exact modes; all 62 successful spec references reparse and serialize identically. Six harness tests pass; final export/self-host gates pending.
pa13/tests/spec/200-bad-index-projection-metadata.t	pa13/tests/spec/200-bad-index-projection-metadata.t	98528f9d5a8a2ca9ab4236745c5780c319d84e109f146f64072b52894fe5afb5	bad index projection metadata	reduce/split	pa8/tests/spec/200-bad-index-projection-metadata.t	Retain the LowIR input-contract rejection; diagnostic text and failed output are not required.	106 spec and 3 construction cases pass ordinary/batch byte-exact modes; all 62 successful spec references reparse and serialize identically. Six harness tests pass; final export/self-host gates pending.
pa13/tests/spec/200-bad-indirect-result-nonvoid-return.t	pa13/tests/spec/200-bad-indirect-result-nonvoid-return.t	77626a9ec980857987185398d8672bbda29f376b6913bf2f659467c1fe372bbc	bad indirect result nonvoid return	reduce/split	pa8/tests/spec/200-bad-indirect-result-nonvoid-return.t	Retain the LowIR input-contract rejection; diagnostic text and failed output are not required.	106 spec and 3 construction cases pass ordinary/batch byte-exact modes; all 62 successful spec references reparse and serialize identically. Six harness tests pass; final export/self-host gates pending.
pa13/tests/spec/200-bad-indirect-result-not-first.t	pa13/tests/spec/200-bad-indirect-result-not-first.t	fd7d2d03e995666c9f8e363116333c671bd115bdf09b14de86e88a2c067aaef7	bad indirect result not first	reduce/split	pa8/tests/spec/200-bad-indirect-result-not-first.t	Retain the LowIR input-contract rejection; diagnostic text and failed output are not required.	106 spec and 3 construction cases pass ordinary/batch byte-exact modes; all 62 successful spec references reparse and serialize identically. Six harness tests pass; final export/self-host gates pending.
pa13/tests/spec/200-bad-instruction-after-terminator.t	pa13/tests/spec/200-bad-instruction-after-terminator.t	89ac57c1e149e2f656bab3742c0d4076034eb875f2fe09ade5bf859901b2d689	bad instruction after terminator	reduce/split	pa8/tests/spec/200-bad-instruction-after-terminator.t	Retain the LowIR input-contract rejection; diagnostic text and failed output are not required.	106 spec and 3 construction cases pass ordinary/batch byte-exact modes; all 62 successful spec references reparse and serialize identically. Six harness tests pass; final export/self-host gates pending.
pa13/tests/spec/200-bad-invalid-integer-width-conversion.t	pa13/tests/spec/200-bad-invalid-integer-width-conversion.t	17d24ebbad19e422df3974dcd49585b0f90e6144831b9ecb0d4974987dde073e	bad invalid integer width conversion	reduce/split	pa8/tests/spec/200-bad-invalid-integer-width-conversion.t	Retain the LowIR input-contract rejection; diagnostic text and failed output are not required.	106 spec and 3 construction cases pass ordinary/batch byte-exact modes; all 62 successful spec references reparse and serialize identically. Six harness tests pass; final export/self-host gates pending.
pa13/tests/spec/200-bad-missing-indirect-call-signature.t	pa13/tests/spec/200-bad-missing-indirect-call-signature.t	640ca7ee2d1d42b37f2fdba48fafddb5d2b2abbd0619203f48a24bdda79c689f	bad missing indirect call signature	reduce/split	pa8/tests/spec/200-bad-missing-indirect-call-signature.t	Retain the LowIR input-contract rejection; diagnostic text and failed output are not required.	106 spec and 3 construction cases pass ordinary/batch byte-exact modes; all 62 successful spec references reparse and serialize identically. Six harness tests pass; final export/self-host gates pending.
pa13/tests/spec/200-bad-nonptr-parameter-alias.t	pa13/tests/spec/200-bad-nonptr-parameter-alias.t	7dcb490473a98e2e025eea4baf9009e7801e81ed5b2ae5c1db7183954ba56eb6	bad nonptr parameter alias	reduce/split	pa8/tests/spec/200-bad-nonptr-parameter-alias.t	Retain the LowIR input-contract rejection; diagnostic text and failed output are not required.	106 spec and 3 construction cases pass ordinary/batch byte-exact modes; all 62 successful spec references reparse and serialize identically. Six harness tests pass; final export/self-host gates pending.
pa13/tests/spec/200-bad-reference-pass-nonptr.t	pa13/tests/spec/200-bad-reference-pass-nonptr.t	918d169a6a949a44bbdf71f3b745792919dfd8e160acec0abe9fb8ef6ba6aae8	bad reference pass nonptr	reduce/split	pa8/tests/spec/200-bad-reference-pass-nonptr.t	Retain the LowIR input-contract rejection; diagnostic text and failed output are not required.	106 spec and 3 construction cases pass ordinary/batch byte-exact modes; all 62 successful spec references reparse and serialize identically. Six harness tests pass; final export/self-host gates pending.
pa13/tests/spec/200-bad-storage-op-alignment.t	pa13/tests/spec/200-bad-storage-op-alignment.t	4ff9413cb30c28f7cee56a57f54ed74327d655b64d221f13ca1fc20c8e23fbd4	bad storage op alignment	reduce/split	pa8/tests/spec/200-bad-storage-op-alignment.t	Retain the LowIR input-contract rejection; diagnostic text and failed output are not required.	106 spec and 3 construction cases pass ordinary/batch byte-exact modes; all 62 successful spec references reparse and serialize identically. Six harness tests pass; final export/self-host gates pending.
pa13/tests/spec/200-bad-switch-target.t	pa13/tests/spec/200-bad-switch-target.t	dcffd00dccaa4503fd269f5a0ca3114a62feb072624a808ed9dc238fb7f43866	bad switch target	reduce/split	pa8/tests/spec/200-bad-switch-target.t	Retain the LowIR input-contract rejection; diagnostic text and failed output are not required.	106 spec and 3 construction cases pass ordinary/batch byte-exact modes; all 62 successful spec references reparse and serialize identically. Six harness tests pass; final export/self-host gates pending.
pa13/tests/spec/200-bad-tls-for-non-thread-local-global.t	pa13/tests/spec/200-bad-tls-for-non-thread-local-global.t	bf3903abf6ce41e134241d1736dbb76509e0035c350615396d56e840f2208a27	bad tls for non thread local global	reduce/split	pa8/tests/spec/200-bad-tls-for-non-thread-local-global.t	Retain the LowIR input-contract rejection; diagnostic text and failed output are not required.	106 spec and 3 construction cases pass ordinary/batch byte-exact modes; all 62 successful spec references reparse and serialize identically. Six harness tests pass; final export/self-host gates pending.
pa13/tests/spec/200-bad-undefined-block-target.t	pa13/tests/spec/200-bad-undefined-block-target.t	c6ed2ce43da6b80495fc66e313c3628aca55751dfdbdeb4197436d59dea3dd4b	bad undefined block target	reduce/split	pa8/tests/spec/200-bad-undefined-block-target.t	Retain the LowIR input-contract rejection; diagnostic text and failed output are not required.	106 spec and 3 construction cases pass ordinary/batch byte-exact modes; all 62 successful spec references reparse and serialize identically. Six harness tests pass; final export/self-host gates pending.
pa13/tests/spec/200-bad-undefined-object-alias-target.t	pa13/tests/spec/200-bad-undefined-object-alias-target.t	4359ce223c1148313d28cbc5068725cb25aa46ba913cfd2c0293742b01f6f9e1	bad undefined object alias target	reduce/split	pa8/tests/spec/200-bad-undefined-object-alias-target.t	Retain the LowIR input-contract rejection; diagnostic text and failed output are not required.	106 spec and 3 construction cases pass ordinary/batch byte-exact modes; all 62 successful spec references reparse and serialize identically. Six harness tests pass; final export/self-host gates pending.
pa13/tests/spec/200-bad-unknown-binding-metadata.t	pa13/tests/spec/200-bad-unknown-binding-metadata.t	a7a64737c8c952798970cddef1827c4b8bbcc4456a3931d5c1fad5339b18ee24	bad unknown binding metadata	reduce/split	pa8/tests/spec/200-bad-unknown-binding-metadata.t	Retain the LowIR input-contract rejection; diagnostic text and failed output are not required.	106 spec and 3 construction cases pass ordinary/batch byte-exact modes; all 62 successful spec references reparse and serialize identically. Six harness tests pass; final export/self-host gates pending.
pa13/tests/spec/200-bad-unknown-function-effect-metadata.t	pa13/tests/spec/200-bad-unknown-function-effect-metadata.t	6229aa0a9dbda06874b760492944a3466315d69aa68e041e3c98f4b1fd34db09	bad unknown function effect metadata	reduce/split	pa8/tests/spec/200-bad-unknown-function-effect-metadata.t	Retain the LowIR input-contract rejection; diagnostic text and failed output are not required.	106 spec and 3 construction cases pass ordinary/batch byte-exact modes; all 62 successful spec references reparse and serialize identically. Six harness tests pass; final export/self-host gates pending.
pa13/tests/spec/200-bad-unknown-global-storage-metadata.t	pa13/tests/spec/200-bad-unknown-global-storage-metadata.t	b464f181cd707f70cd588782391c223a0992aa160f7a8acdd0af1d0445f475b7	bad unknown global storage metadata	reduce/split	pa8/tests/spec/200-bad-unknown-global-storage-metadata.t	Retain the LowIR input-contract rejection; diagnostic text and failed output are not required.	106 spec and 3 construction cases pass ordinary/batch byte-exact modes; all 62 successful spec references reparse and serialize identically. Six harness tests pass; final export/self-host gates pending.
pa13/tests/spec/200-binary-int-ops.t	pa13/tests/spec/200-binary-int-ops.t	4abd917b33ca7ff8570cf3e1c1bd2ebc9362133004adad099dd4e6f17c119c60	binary int ops	reduce/split	pa8/tests/spec/200-binary-int-ops.t	Retain the case as a LowIR model roundtrip: preserve its symbols, types, instructions and represented metadata. CY86 instruction selection and output shape are retired.	106 spec and 3 construction cases pass ordinary/batch byte-exact modes; all 62 successful spec references reparse and serialize identically. Six harness tests pass; final export/self-host gates pending.
pa13/tests/spec/200-binding-metadata-smoke.t	pa13/tests/spec/200-binding-metadata-smoke.t	f491a487014246328230bbb24bd598df381e3b764036e5098420e5aeefad3ec1	binding metadata smoke	reduce/split	pa8/tests/spec/200-binding-metadata-smoke.t	Retain the case as a LowIR model roundtrip: preserve its symbols, types, instructions and represented metadata. CY86 instruction selection and output shape are retired.	106 spec and 3 construction cases pass ordinary/batch byte-exact modes; all 62 successful spec references reparse and serialize identically. Six harness tests pass; final export/self-host gates pending.
pa13/tests/spec/200-bswap-unary.t	pa13/tests/spec/200-bswap-unary.t	0245c3f5e6546e1fda5cfc4cd85399e091b969f7d2bcbf023af7984c5db54b23	bswap unary	reduce/split	pa8/tests/spec/200-bswap-unary.t	Retain the case as a LowIR model roundtrip: preserve its symbols, types, instructions and represented metadata. CY86 instruction selection and output shape are retired.	106 spec and 3 construction cases pass ordinary/batch byte-exact modes; all 62 successful spec references reparse and serialize identically. Six harness tests pass; final export/self-host gates pending.
pa13/tests/spec/200-compare-predicates.t	pa13/tests/spec/200-compare-predicates.t	602e61642ed248f42360088fc1af79954b3982ca7b38b1688516cb3fc52847ea	compare predicates	reduce/split	pa8/tests/spec/200-compare-predicates.t	Retain the case as a LowIR model roundtrip: preserve its symbols, types, instructions and represented metadata. CY86 instruction selection and output shape are retired.	106 spec and 3 construction cases pass ordinary/batch byte-exact modes; all 62 successful spec references reparse and serialize identically. Six harness tests pass; final export/self-host gates pending.
pa13/tests/spec/200-copy-instruction.t	pa13/tests/spec/200-copy-instruction.t	8bc3e6a7b9940e6419b3ea4a3f1ac7ae58ad314535c08cfb995fb589c0f4bb87	copy instruction	reduce/split	pa8/tests/spec/200-copy-instruction.t	Retain the case as a LowIR model roundtrip: preserve its symbols, types, instructions and represented metadata. CY86 instruction selection and output shape are retired.	106 spec and 3 construction cases pass ordinary/batch byte-exact modes; all 62 successful spec references reparse and serialize identically. Six harness tests pass; final export/self-host gates pending.
pa13/tests/spec/200-direct-object-return-boundary-smoke.t	pa13/tests/spec/200-direct-object-return-boundary-smoke.t	1bc1ca314e49c0253bd18b0e325622a89144f66d951fca44c86a76c81181de25	direct object return boundary smoke	reduce/split	pa8/tests/spec/200-direct-object-return-boundary-smoke.t	Retain the case as a LowIR model roundtrip: preserve its symbols, types, instructions and represented metadata. CY86 instruction selection and output shape are retired.	106 spec and 3 construction cases pass ordinary/batch byte-exact modes; all 62 successful spec references reparse and serialize identically. Six harness tests pass; final export/self-host gates pending.
pa13/tests/spec/200-f64-direct-call.t	pa13/tests/spec/200-f64-direct-call.t	21a088f7a73bfa4c90a21fa556329d252257ec166a4b807e4cc555e33866a409	f64 direct call	reduce/split	pa8/tests/spec/200-f64-direct-call.t	Retain the case as a LowIR model roundtrip: preserve its symbols, types, instructions and represented metadata. CY86 instruction selection and output shape are retired.	106 spec and 3 construction cases pass ordinary/batch byte-exact modes; all 62 successful spec references reparse and serialize identically. Six harness tests pass; final export/self-host gates pending.
pa13/tests/spec/200-f80-direct-call.t	pa13/tests/spec/200-f80-direct-call.t	cf26208b5488c08d7284d92086dec61036c0020200e0cdf1e3d6055e277bd147	f80 direct call	reduce/split	pa8/tests/spec/200-f80-direct-call.t	Retain the case as a LowIR model roundtrip: preserve its symbols, types, instructions and represented metadata. CY86 instruction selection and output shape are retired.	106 spec and 3 construction cases pass ordinary/batch byte-exact modes; all 62 successful spec references reparse and serialize identically. Six harness tests pass; final export/self-host gates pending.
pa13/tests/spec/200-f80-global.t	pa13/tests/spec/200-f80-global.t	a0643d8607a005573a5b5c5e27d350ab124d3fbfc23f818e027216ae315d9066	f80 global	reduce/split	pa8/tests/spec/200-f80-global.t	Retain the case as a LowIR model roundtrip: preserve its symbols, types, instructions and represented metadata. CY86 instruction selection and output shape are retired.	106 spec and 3 construction cases pass ordinary/batch byte-exact modes; all 62 successful spec references reparse and serialize identically. Six harness tests pass; final export/self-host gates pending.
pa13/tests/spec/200-f80-unary-binary-cmp.t	pa13/tests/spec/200-f80-unary-binary-cmp.t	8427dd37bfe9e1a8246d47c923c9541e201aaa48174ed925b6199bf16191a81c	f80 unary binary cmp	reduce/split	pa8/tests/spec/200-f80-unary-binary-cmp.t	Retain the case as a LowIR model roundtrip: preserve its symbols, types, instructions and represented metadata. CY86 instruction selection and output shape are retired.	106 spec and 3 construction cases pass ordinary/batch byte-exact modes; all 62 successful spec references reparse and serialize identically. Six harness tests pass; final export/self-host gates pending.
pa13/tests/spec/200-float-width-conversions.t	pa13/tests/spec/200-float-width-conversions.t	680666e06aa7ac768ba9eae99baf29632e1789738e9058d08c675554aee7e3ad	float width conversions	reduce/split	pa8/tests/spec/200-float-width-conversions.t	Retain the case as a LowIR model roundtrip: preserve its symbols, types, instructions and represented metadata. CY86 instruction selection and output shape are retired.	106 spec and 3 construction cases pass ordinary/batch byte-exact modes; all 62 successful spec references reparse and serialize identically. Six harness tests pass; final export/self-host gates pending.
pa13/tests/spec/200-function-effect-metadata-smoke.t	pa13/tests/spec/200-function-effect-metadata-smoke.t	ec8437d073980f927e760e6ca0099440db4ba106b4dc009908f7bf361a1fca14	function effect metadata smoke	reduce/split	pa8/tests/spec/200-function-effect-metadata-smoke.t	Retain the case as a LowIR model roundtrip: preserve its symbols, types, instructions and represented metadata. CY86 instruction selection and output shape are retired.	106 spec and 3 construction cases pass ordinary/batch byte-exact modes; all 62 successful spec references reparse and serialize identically. Six harness tests pass; final export/self-host gates pending.
pa13/tests/spec/200-global-pointer-address-init.t	pa13/tests/spec/200-global-pointer-address-init.t	c0f49b85c03fc98cf7502ec49fde1a5b231dbadb7718ecb62cb9bf44be298a25	global pointer address init	reduce/split	pa8/tests/spec/200-global-pointer-address-init.t	Retain the case as a LowIR model roundtrip: preserve its symbols, types, instructions and represented metadata. CY86 instruction selection and output shape are retired.	106 spec and 3 construction cases pass ordinary/batch byte-exact modes; all 62 successful spec references reparse and serialize identically. Six harness tests pass; final export/self-host gates pending.
pa13/tests/spec/200-global-storage-metadata-smoke.t	pa13/tests/spec/200-global-storage-metadata-smoke.t	f72e3447844e803d0ae6457fdf0e0ef67090014e9d9cddbb6a824d4870265cb6	global storage metadata smoke	reduce/split	pa8/tests/spec/200-global-storage-metadata-smoke.t	Retain the case as a LowIR model roundtrip: preserve its symbols, types, instructions and represented metadata. CY86 instruction selection and output shape are retired.	106 spec and 3 construction cases pass ordinary/batch byte-exact modes; all 62 successful spec references reparse and serialize identically. Six harness tests pass; final export/self-host gates pending.
pa13/tests/spec/200-indirect-call-signature.t	pa13/tests/spec/200-indirect-call-signature.t	2da8f4c1aeb34628816ca4e1790761cd6b1a168c5baf227d1a93bd0185f30830	indirect call signature	reduce/split	pa8/tests/spec/200-indirect-call-signature.t	Retain the case as a LowIR model roundtrip: preserve its symbols, types, instructions and represented metadata. CY86 instruction selection and output shape are retired.	106 spec and 3 construction cases pass ordinary/batch byte-exact modes; all 62 successful spec references reparse and serialize identically. Six harness tests pass; final export/self-host gates pending.
pa13/tests/spec/200-integer-width-conversions.t	pa13/tests/spec/200-integer-width-conversions.t	f8f227de17f6329c0c59e0e0505918190a1569e89dcaa6721957896abf47fb37	integer width conversions	reduce/split	pa8/tests/spec/200-integer-width-conversions.t	Retain the case as a LowIR model roundtrip: preserve its symbols, types, instructions and represented metadata. CY86 instruction selection and output shape are retired.	106 spec and 3 construction cases pass ordinary/batch byte-exact modes; all 62 successful spec references reparse and serialize identically. Six harness tests pass; final export/self-host gates pending.
pa13/tests/spec/200-integral-float-conversions.t	pa13/tests/spec/200-integral-float-conversions.t	b3a08bc3792278a840a2ee1634f4684f3357a92690fb37e10eb58b60520e6c18	integral float conversions	reduce/split	pa8/tests/spec/200-integral-float-conversions.t	Retain the case as a LowIR model roundtrip: preserve its symbols, types, instructions and represented metadata. CY86 instruction selection and output shape are retired.	106 spec and 3 construction cases pass ordinary/batch byte-exact modes; all 62 successful spec references reparse and serialize identically. Six harness tests pass; final export/self-host gates pending.
pa13/tests/spec/200-linkage-metadata-smoke.t	pa13/tests/spec/200-linkage-metadata-smoke.t	69dac1d9436c91a4de9956e923f1948e68f0dda3de04484ca65062f6f0bf04d6	linkage metadata smoke	reduce/split	pa8/tests/spec/200-linkage-metadata-smoke.t	Retain the case as a LowIR model roundtrip: preserve its symbols, types, instructions and represented metadata. CY86 instruction selection and output shape are retired.	106 spec and 3 construction cases pass ordinary/batch byte-exact modes; all 62 successful spec references reparse and serialize identically. Six harness tests pass; final export/self-host gates pending.
pa13/tests/spec/200-object-slot-array-element-smoke.t	pa13/tests/spec/200-object-slot-array-element-smoke.t	6ced6b833cf0cdabe8eec7d6bc98e7a7b2bcdc3de95a6d6935b9dc6104e3e626	object slot array element smoke	reduce/split	pa8/tests/spec/200-object-slot-array-element-smoke.t	Retain the case as a LowIR model roundtrip: preserve its symbols, types, instructions and represented metadata. CY86 instruction selection and output shape are retired.	106 spec and 3 construction cases pass ordinary/batch byte-exact modes; all 62 successful spec references reparse and serialize identically. Six harness tests pass; final export/self-host gates pending.
pa13/tests/spec/200-object-slot-smoke.t	pa13/tests/spec/200-object-slot-smoke.t	2a96a52dee58ad7df83dad20542f3fd3eea636864dde1f5563d5b4a27febfaeb	object slot smoke	reduce/split	pa8/tests/spec/200-object-slot-smoke.t	Retain the case as a LowIR model roundtrip: preserve its symbols, types, instructions and represented metadata. CY86 instruction selection and output shape are retired.	106 spec and 3 construction cases pass ordinary/batch byte-exact modes; all 62 successful spec references reparse and serialize identically. Six harness tests pass; final export/self-host gates pending.
pa13/tests/spec/200-parameter-alias-metadata-smoke.t	pa13/tests/spec/200-parameter-alias-metadata-smoke.t	445d641bb694ec4087259589d18e12ce452e9f5734bde99462a77d55939c2dc5	parameter alias metadata smoke	reduce/split	pa8/tests/spec/200-parameter-alias-metadata-smoke.t	Retain the case as a LowIR model roundtrip: preserve its symbols, types, instructions and represented metadata. CY86 instruction selection and output shape are retired.	106 spec and 3 construction cases pass ordinary/batch byte-exact modes; all 62 successful spec references reparse and serialize identically. Six harness tests pass; final export/self-host gates pending.
pa13/tests/spec/200-structured-float-data.t	pa13/tests/spec/200-structured-float-data.t	4bde6ea66b4297a128f8cd27a80b567c1770eb54d51a3e3f32eb171b8662a152	structured float data	reduce/split	pa8/tests/spec/200-structured-float-data.t	Retain the case as a LowIR model roundtrip: preserve its symbols, types, instructions and represented metadata. CY86 instruction selection and output shape are retired.	106 spec and 3 construction cases pass ordinary/batch byte-exact modes; all 62 successful spec references reparse and serialize identically. Six harness tests pass; final export/self-host gates pending.
pa13/tests/spec/200-structured-global-zero-padding.t	pa13/tests/spec/200-structured-global-zero-padding.t	02e12eb245991a4a306b88d5703cd2d86b7765ad62807dcf7de64e14fa0672a3	structured global zero padding	reduce/split	pa8/tests/spec/200-structured-global-zero-padding.t	Retain the case as a LowIR model roundtrip: preserve its symbols, types, instructions and represented metadata. CY86 instruction selection and output shape are retired.	106 spec and 3 construction cases pass ordinary/batch byte-exact modes; all 62 successful spec references reparse and serialize identically. Six harness tests pass; final export/self-host gates pending.
pa13/tests/spec/200-switch-terminator.t	pa13/tests/spec/200-switch-terminator.t	606008f3ffe0e346e6a5bdec6a9182d7e715c9024c1e12909cf7eed3c2a635bb	switch terminator	reduce/split	pa8/tests/spec/200-switch-terminator.t	Retain the case as a LowIR model roundtrip: preserve its symbols, types, instructions and represented metadata. CY86 instruction selection and output shape are retired.	106 spec and 3 construction cases pass ordinary/batch byte-exact modes; all 62 successful spec references reparse and serialize identically. Six harness tests pass; final export/self-host gates pending.
pa13/tests/spec/200-thread-local-global-storage-metadata-smoke.t	pa13/tests/spec/200-thread-local-global-storage-metadata-smoke.t	d865c4332a7966f80ff0e68d83a4d96adc2e59c5f8e21acceb66797a77451dde	thread local global storage metadata smoke	reduce/split	pa8/tests/spec/200-thread-local-global-storage-metadata-smoke.t	Retain the case as a LowIR model roundtrip: preserve its symbols, types, instructions and represented metadata. CY86 instruction selection and output shape are retired.	106 spec and 3 construction cases pass ordinary/batch byte-exact modes; all 62 successful spec references reparse and serialize identically. Six harness tests pass; final export/self-host gates pending.
pa13/tests/spec/200-thread-local-wrapper-metadata-smoke.t	pa13/tests/spec/200-thread-local-wrapper-metadata-smoke.t	3f580a4c637951c7d9ad44606bd6f25452060d681e3d53f7d5e4cd8b49564762	thread local wrapper metadata smoke	reduce/split	pa8/tests/spec/200-thread-local-wrapper-metadata-smoke.t	Retain the case as a LowIR model roundtrip: preserve its symbols, types, instructions and represented metadata. CY86 instruction selection and output shape are retired.	106 spec and 3 construction cases pass ordinary/batch byte-exact modes; all 62 successful spec references reparse and serialize identically. Six harness tests pass; final export/self-host gates pending.
pa13/tests/spec/200-unary-ops.t	pa13/tests/spec/200-unary-ops.t	a76c8497b42653855c47736780d12dab07e6bb057151ff38f7ea7fb187593e9d	unary ops	reduce/split	pa8/tests/spec/200-unary-ops.t	Retain the case as a LowIR model roundtrip: preserve its symbols, types, instructions and represented metadata. CY86 instruction selection and output shape are retired.	106 spec and 3 construction cases pass ordinary/batch byte-exact modes; all 62 successful spec references reparse and serialize identically. Six harness tests pass; final export/self-host gates pending.
pa13/tests/spec/200-unsigned-compare-predicates.t	pa13/tests/spec/200-unsigned-compare-predicates.t	0240c28f1fe4a989471a0be1355f17e62937719509ee78205f4892ea4ef9cb55	unsigned compare predicates	reduce/split	pa8/tests/spec/200-unsigned-compare-predicates.t	Retain the case as a LowIR model roundtrip: preserve its symbols, types, instructions and represented metadata. CY86 instruction selection and output shape are retired.	106 spec and 3 construction cases pass ordinary/batch byte-exact modes; all 62 successful spec references reparse and serialize identically. Six harness tests pass; final export/self-host gates pending.
pa13/tests/spec/200-unsigned-int-ops.t	pa13/tests/spec/200-unsigned-int-ops.t	bd69afc945ff879abdd7d9f72f5d4f8f759bcfc0676e9ce4474ea9570ed82d46	unsigned int ops	reduce/split	pa8/tests/spec/200-unsigned-int-ops.t	Retain the case as a LowIR model roundtrip: preserve its symbols, types, instructions and represented metadata. CY86 instruction selection and output shape are retired.	106 spec and 3 construction cases pass ordinary/batch byte-exact modes; all 62 successful spec references reparse and serialize identically. Six harness tests pass; final export/self-host gates pending.
pa13/tests/spec/200-unused-declarations.t	pa13/tests/spec/200-unused-declarations.t	88d928fa4337844d558540fae5dafd769feac8606d1fafc67f5140c2470441b4	unused declarations	reduce/split	pa8/tests/spec/200-unused-declarations.t	Retain the case as a LowIR model roundtrip: preserve its symbols, types, instructions and represented metadata. CY86 instruction selection and output shape are retired.	106 spec and 3 construction cases pass ordinary/batch byte-exact modes; all 62 successful spec references reparse and serialize identically. Six harness tests pass; final export/self-host gates pending.
pa13/tests/spec/200-variadic-function-arity.t	pa13/tests/spec/200-variadic-function-arity.t	655d7189a48ecc7af9226cad4be13b736f8a516720056a8bda77346e4f39f5db	variadic function arity	reduce/split	pa8/tests/spec/200-variadic-function-arity.t	Retain the case as a LowIR model roundtrip: preserve its symbols, types, instructions and represented metadata. CY86 instruction selection and output shape are retired.	106 spec and 3 construction cases pass ordinary/batch byte-exact modes; all 62 successful spec references reparse and serialize identically. Six harness tests pass; final export/self-host gates pending.
pa13/tests/spec/300-bad-copy-elision-arity.t	pa13/tests/spec/300-bad-copy-elision-arity.t	a0c4de916543f708cdffd735895d5906c325cc49969f35e7116090396afbc7d5	bad copy elision arity	reduce/split	pa8/tests/spec/300-bad-copy-elision-arity.t	Retain the LowIR input-contract rejection; diagnostic text and failed output are not required.	106 spec and 3 construction cases pass ordinary/batch byte-exact modes; all 62 successful spec references reparse and serialize identically. Six harness tests pass; final export/self-host gates pending.
pa13/tests/spec/300-bad-copy-elision-indirect-callee.t	pa13/tests/spec/300-bad-copy-elision-indirect-callee.t	c7562c46e0a84bca296aca2c4c045416134011d3fe5aae49d4220f4fae07ba42	bad copy elision indirect callee	reduce/split	pa8/tests/spec/300-bad-copy-elision-indirect-callee.t	Retain the LowIR input-contract rejection; diagnostic text and failed output are not required.	106 spec and 3 construction cases pass ordinary/batch byte-exact modes; all 62 successful spec references reparse and serialize identically. Six harness tests pass; final export/self-host gates pending.
pa13/tests/spec/300-bad-copy-elision-nonvoid-call.t	pa13/tests/spec/300-bad-copy-elision-nonvoid-call.t	fd93e6d60d35b09c0656fff22c513812f3f88bb3124c1f961e839aacd2849115	bad copy elision nonvoid call	reduce/split	pa8/tests/spec/300-bad-copy-elision-nonvoid-call.t	Retain the LowIR input-contract rejection; diagnostic text and failed output are not required.	106 spec and 3 construction cases pass ordinary/batch byte-exact modes; all 62 successful spec references reparse and serialize identically. Six harness tests pass; final export/self-host gates pending.
pa13/tests/spec/300-bad-global-section-on-function.t	pa13/tests/spec/300-bad-global-section-on-function.t	f7c3b82ca403512fee45bc78aa8d5b783ca605de920d97d03c8b8d5c072356c3	bad global section on function	reduce/split	pa8/tests/spec/300-bad-global-section-on-function.t	Retain the LowIR input-contract rejection; diagnostic text and failed output are not required.	106 spec and 3 construction cases pass ordinary/batch byte-exact modes; all 62 successful spec references reparse and serialize identically. Six harness tests pass; final export/self-host gates pending.
pa13/tests/spec/300-bad-global-section-unsafe-name.t	pa13/tests/spec/300-bad-global-section-unsafe-name.t	1aae96f3acd9d0a16336533a842a407c7ae2f726be52c11d012fc3ae0c0c71c4	bad global section unsafe name	reduce/split	pa8/tests/spec/300-bad-global-section-unsafe-name.t	Retain the LowIR input-contract rejection; diagnostic text and failed output are not required.	106 spec and 3 construction cases pass ordinary/batch byte-exact modes; all 62 successful spec references reparse and serialize identically. Six harness tests pass; final export/self-host gates pending.
pa13/tests/spec/300-bad-object-extent-nonpointer.t	pa13/tests/spec/300-bad-object-extent-nonpointer.t	6b291f2d9816a6f91856234025391cf113c36de83c43c877eafa48a82296e567	bad object extent nonpointer	reduce/split	pa8/tests/spec/300-bad-object-extent-nonpointer.t	Retain the LowIR input-contract rejection; diagnostic text and failed output are not required.	106 spec and 3 construction cases pass ordinary/batch byte-exact modes; all 62 successful spec references reparse and serialize identically. Six harness tests pass; final export/self-host gates pending.
pa13/tests/spec/300-bad-object-extent-zero.t	pa13/tests/spec/300-bad-object-extent-zero.t	7dbdf47157f0f439940cb14f637737e1356404e5a29636cb58c6dc90616daace	bad object extent zero	reduce/split	pa8/tests/spec/300-bad-object-extent-zero.t	Retain the LowIR input-contract rejection; diagnostic text and failed output are not required.	106 spec and 3 construction cases pass ordinary/batch byte-exact modes; all 62 successful spec references reparse and serialize identically. Six harness tests pass; final export/self-host gates pending.
pa13/tests/spec/300-bad-stable-prefix-query-float-index.t	pa13/tests/spec/300-bad-stable-prefix-query-float-index.t	ff0ae2c2a7471f1351f90f15dca43e14573defc9b8e5ae1c1d914bc97bf08d28	bad stable prefix query float index	reduce/split	pa8/tests/spec/300-bad-stable-prefix-query-float-index.t	Retain the LowIR input-contract rejection; diagnostic text and failed output are not required.	106 spec and 3 construction cases pass ordinary/batch byte-exact modes; all 62 successful spec references reparse and serialize identically. Six harness tests pass; final export/self-host gates pending.
pa13/tests/spec/300-bad-stable-prefix-query-indirect-callee.t	pa13/tests/spec/300-bad-stable-prefix-query-indirect-callee.t	c6187a0ba1ebb4020a07bd24e569d6a8c685b16b409b591097b1fbf7380f2725	bad stable prefix query indirect callee	reduce/split	pa8/tests/spec/300-bad-stable-prefix-query-indirect-callee.t	Retain the LowIR input-contract rejection; diagnostic text and failed output are not required.	106 spec and 3 construction cases pass ordinary/batch byte-exact modes; all 62 successful spec references reparse and serialize identically. Six harness tests pass; final export/self-host gates pending.
pa13/tests/spec/300-bad-stable-prefix-query-no-index.t	pa13/tests/spec/300-bad-stable-prefix-query-no-index.t	bf35228a9ef443e3b5fe8cbb0ae1885e9e49f93c5641eb702d745eb98095aabe	bad stable prefix query no index	reduce/split	pa8/tests/spec/300-bad-stable-prefix-query-no-index.t	Retain the LowIR input-contract rejection; diagnostic text and failed output are not required.	106 spec and 3 construction cases pass ordinary/batch byte-exact modes; all 62 successful spec references reparse and serialize identically. Six harness tests pass; final export/self-host gates pending.
pa13/tests/spec/300-bad-stable-prefix-query-variadic.t	pa13/tests/spec/300-bad-stable-prefix-query-variadic.t	c5fc73f7341aaab285d2be8c81916540441a3aec349357c5330ca8fa5084202a	bad stable prefix query variadic	reduce/split	pa8/tests/spec/300-bad-stable-prefix-query-variadic.t	Retain the LowIR input-contract rejection; diagnostic text and failed output are not required.	106 spec and 3 construction cases pass ordinary/batch byte-exact modes; all 62 successful spec references reparse and serialize identically. Six harness tests pass; final export/self-host gates pending.
pa13/tests/spec/300-bad-stable-prefix-query-void.t	pa13/tests/spec/300-bad-stable-prefix-query-void.t	a14515666aea9af4929aa7dfea3eb90d4fd9a681f254ae0a8341bdc91d615754	bad stable prefix query void	reduce/split	pa8/tests/spec/300-bad-stable-prefix-query-void.t	Retain the LowIR input-contract rejection; diagnostic text and failed output are not required.	106 spec and 3 construction cases pass ordinary/batch byte-exact modes; all 62 successful spec references reparse and serialize identically. Six harness tests pass; final export/self-host gates pending.
pa13/tests/spec/300-bad-unreachable-followed-by-instruction.t	pa13/tests/spec/300-bad-unreachable-followed-by-instruction.t	790909cde009ecdd1b9472b30e8fadcc50d04140ed63aefd92cee10492c57a4d	bad unreachable followed by instruction	reduce/split	pa8/tests/spec/300-bad-unreachable-followed-by-instruction.t	Retain the LowIR input-contract rejection; diagnostic text and failed output are not required.	106 spec and 3 construction cases pass ordinary/batch byte-exact modes; all 62 successful spec references reparse and serialize identically. Six harness tests pass; final export/self-host gates pending.
pa13/tests/spec/300-bad-unreachable-with-operand.t	pa13/tests/spec/300-bad-unreachable-with-operand.t	79e3239138091dd21183523c1733bbec8d89dbd6b13cdcf38a206c2bfbc0aa64	bad unreachable with operand	reduce/split	pa8/tests/spec/300-bad-unreachable-with-operand.t	Retain the LowIR input-contract rejection; diagnostic text and failed output are not required.	106 spec and 3 construction cases pass ordinary/batch byte-exact modes; all 62 successful spec references reparse and serialize identically. Six harness tests pass; final export/self-host gates pending.
pa13/tests/spec/300-object-alias-smoke.t	pa13/tests/spec/300-object-alias-smoke.t	6d02bb614911ce3c471408333bba7dc0550ee8a5fdf81825e74702da6bcb80c0	object alias smoke	reduce/split	pa8/tests/spec/300-object-alias-smoke.t	Retain the case as a LowIR model roundtrip: preserve its symbols, types, instructions and represented metadata. CY86 instruction selection and output shape are retired.	106 spec and 3 construction cases pass ordinary/batch byte-exact modes; all 62 successful spec references reparse and serialize identically. Six harness tests pass; final export/self-host gates pending.
pa13/tests/spec/300-symbol-object-metadata-smoke.t	pa13/tests/spec/300-symbol-object-metadata-smoke.t	bccac14cc0e266671f7d77c44c5a4dbbbb18aee93645128140c9b25deec6bb42	symbol object metadata smoke	reduce/split	pa8/tests/spec/300-symbol-object-metadata-smoke.t	Retain the case as a LowIR model roundtrip: preserve its symbols, types, instructions and represented metadata. CY86 instruction selection and output shape are retired.	106 spec and 3 construction cases pass ordinary/batch byte-exact modes; all 62 successful spec references reparse and serialize identically. Six harness tests pass; final export/self-host gates pending.
pa13/tests/spec/400-bad-slot-argument-type.t	pa13/tests/spec/400-bad-slot-argument-type.t	8a67db4432ed9d9d2a140fe52a1be9def3b378e3c99a0700391e5f48a8b914ab	bad slot argument type	reduce/split	pa8/tests/spec/400-bad-slot-argument-type.t	Retain the LowIR input-contract rejection; diagnostic text and failed output are not required.	106 spec and 3 construction cases pass ordinary/batch byte-exact modes; all 62 successful spec references reparse and serialize identically. Six harness tests pass; final export/self-host gates pending.
